I20260802 12:21:41.848425 21632 Sta.cc:383] read verilog file /tmp/ysyx-sta-report/sta-result/Riscv32ETOP-500MHz/Riscv32ETOP.netlist.v start
I20260802 12:21:41.848870 21632 VerilogParserRustC.cc:41] load verilog file /tmp/ysyx-sta-report/sta-result/Riscv32ETOP-500MHz/Riscv32ETOP.netlist.v
r str /tmp/ysyx-sta-report/sta-result/Riscv32ETOP-500MHz/Riscv32ETOP.netlist.v
I20260802 12:21:42.538080 21632 Sta.cc:391] read verilog end
I20260802 12:21:42.538256 21632 Sta.cc:309] load lib start
I20260802 12:21:42.543210 21634 Sta.cc:287] read liberty /workspace/YSYX/thirdpartys/yosys-sta/scripts/../pdk/nangate45/lib/Nangate45_typ.lib start 
I20260802 12:21:42.543464 21634 LibParserRustC.cc:1285] load liberty file /workspace/YSYX/thirdpartys/yosys-sta/scripts/../pdk/nangate45/lib/Nangate45_typ.lib
rust read lib file /workspace/YSYX/thirdpartys/yosys-sta/scripts/../pdk/nangate45/lib/Nangate45_typ.lib
I20260802 12:21:43.079372 21634 LibParserRustC.cc:1294] load liberty file /workspace/YSYX/thirdpartys/yosys-sta/scripts/../pdk/nangate45/lib/Nangate45_typ.lib success.
I20260802 12:21:43.079481 21634 Sta.cc:297] read liberty /workspace/YSYX/thirdpartys/yosys-sta/scripts/../pdk/nangate45/lib/Nangate45_typ.lib end 
I20260802 12:21:43.080392 21632 Sta.cc:328] load lib end
I20260802 12:21:43.080464 21632 Sta.cc:417] link design Riscv32ETOP start
I20260802 12:21:43.112906 21697 LibParserRustC.cc:1304] link liberty file /workspace/YSYX/thirdpartys/yosys-sta/scripts/../pdk/nangate45/lib/Nangate45_typ.lib start.
I20260802 12:21:43.115020 21697 LibParserRustC.cc:666] unkown attri name: technology in /workspace/YSYX/thirdpartys/yosys-sta/scripts/../pdk/nangate45/lib/Nangate45_typ.lib line no 45
I20260802 12:21:44.686751 21697 LibParserRustC.cc:1310] link liberty file /workspace/YSYX/thirdpartys/yosys-sta/scripts/../pdk/nangate45/lib/Nangate45_typ.lib success.
I20260802 12:21:46.228901 21632 Sta.cc:1106] link design Riscv32ETOP end
I20260802 12:21:46.228983 21632 Sta.cc:1108] design Riscv32ETOP inst num: 63107
I20260802 12:21:46.229012 21632 Sta.cc:1110] design Riscv32ETOP net num: 80846
I20260802 12:21:46.229022 21632 Sta.cc:1112] design Riscv32ETOP port num: 75
I20260802 12:21:46.229059 21632 Sta.cc:181] read sdc /workspace/YSYX/thirdpartys/yosys-sta/scripts/default.sdc start 
I20260802 12:21:46.274407 21632 CmdCreateClock.cc:124] create clock core_clock for pin/port: clock
I20260802 12:21:46.274507 21632 Sta.cc:198] read sdc /workspace/YSYX/thirdpartys/yosys-sta/scripts/default.sdc end 
I20260802 12:21:46.274559 21632 StaBuildGraph.cc:315] build graph start
I20260802 12:21:47.280529 21632 StaBuildGraph.cc:332] build graph end
I20260802 12:21:47.280682 21632 Sta.cc:2834] update timing start
I20260802 12:21:47.303809 21632 StaApplySdc.cc:698] apply sdc start
I20260802 12:21:47.303887 21632 StaApplySdc.cc:729] apply sdc end
I20260802 12:21:47.303905 21632 StaClockPropagation.cc:324] ideal clock propagation start
I20260802 12:21:47.303915 21632 StaClockPropagation.cc:354] clock propagation clock num: 1
I20260802 12:21:47.303936 21632 StaClockPropagation.cc:203] clock propagate end to vertex cpu.idu.csr.csr_0_0__reg_p:CK
I20260802 12:21:47.311753 21632 StaClockPropagation.cc:203] clock propagate end to vertex rom.mem_113_24__reg_p:CK
I20260802 12:21:47.319219 21632 StaClockPropagation.cc:203] clock propagate end to vertex ram.mem_129_0_0__reg_p:CK
I20260802 12:21:47.327170 21632 StaClockPropagation.cc:203] clock propagate end to vertex rom.mem_179_24__reg_p:CK
I20260802 12:21:47.331378 21632 StaClockPropagation.cc:422] ideal clock propagation end
I20260802 12:21:47.331439 21632 StaCheck.cc:129] found loop fwd start
I20260802 12:21:47.417822 21632 StaCheck.cc:148] found loop fwd end
I20260802 12:21:47.417905 21632 StaCheck.cc:150] found loop bwd start
I20260802 12:21:47.493798 21632 StaCheck.cc:172] found loop bwd end
I20260802 12:21:47.493979 21632 StaClockSlewDelayPropagation.cc:112] clock slew delay propagation start
I20260802 12:21:47.494009 21632 StaClockSlewDelayPropagation.cc:130] propagating current clock queue vertexes number is 1
I20260802 12:21:47.536180 21632 StaClockSlewDelayPropagation.cc:130] propagating current clock queue vertexes number is 17696
I20260802 12:21:47.613499 21632 StaClockSlewDelayPropagation.cc:163] clock slew delay propagation end
I20260802 12:21:47.613627 21632 StaClockSlewDelayPropagation.cc:166] clock slew delay propagation memory usage 13.992MB
I20260802 12:21:47.613703 21632 StaClockSlewDelayPropagation.cc:169] clock slew delay propagation time elapsed 0.119724s
I20260802 12:21:47.686542 21632 StaClockPropagation.cc:326] propagated(kNormal) clock propagation start
I20260802 12:21:47.686621 21632 StaClockPropagation.cc:354] clock propagation clock num: 1
I20260802 12:21:47.686640 21632 StaClockPropagation.cc:424] propagated(kNormal) clock propagation end
I20260802 12:21:47.686650 21632 StaApplySdc.cc:698] apply sdc start
I20260802 12:21:47.686658 21632 StaApplySdc.cc:729] apply sdc end
I20260802 12:21:47.686666 21632 StaClockPropagation.cc:328] propagated(kGenerated) clock propagation start
I20260802 12:21:47.686673 21632 StaClockPropagation.cc:354] clock propagation clock num: 1
I20260802 12:21:47.686681 21632 StaClockPropagation.cc:426] propagated(kGenerated) clock propagation end
I20260802 12:21:47.686688 21632 StaApplySdc.cc:698] apply sdc start
I20260802 12:21:47.686697 21632 StaApplySdc.cc:729] apply sdc end
I20260802 12:21:47.686705 21632 StaBuildPropTag.cc:325] build propagation tag start
I20260802 12:21:47.686713 21632 StaBuildPropTag.cc:338] build propagation tag end
I20260802 12:21:47.686738 21632 StaDataPropagation.cc:676] data fwd propagation start
I20260802 12:21:47.686825 21632 StaDataPropagationBFS.cc:166] data fwd propagation bfs start
I20260802 12:21:47.735015 21632 StaDataPropagationBFS.cc:190] propagating current data queue vertexes number is 17738
I20260802 12:21:47.738915 21748 StaDataPropagationBFS.cc:82] Thread 128443624158784 date fwd propagate found start vertex.reset
I20260802 12:21:47.738977 21719 StaDataPropagationBFS.cc:82] Thread 128443674515008 date fwd propagate found start vertex.romWaddr_2_
I20260802 12:21:47.739112 21725 StaDataPropagationBFS.cc:82] Thread 128443855296064 date fwd propagate found start vertex.romWdata_0_
I20260802 12:21:47.738937 21717 StaDataPropagationBFS.cc:82] Thread 128443657729600 date fwd propagate found start vertex.romWaddr_0_
I20260802 12:21:47.739018 21722 StaDataPropagationBFS.cc:82] Thread 128443880474176 date fwd propagate found start vertex.romWaddr_5_
I20260802 12:21:47.739048 21723 StaDataPropagationBFS.cc:82] Thread 128443872081472 date fwd propagate found start vertex.romWaddr_6_
I20260802 12:21:47.738942 21718 StaDataPropagationBFS.cc:82] Thread 128443666122304 date fwd propagate found start vertex.romWaddr_1_
I20260802 12:21:47.739015 21721 StaDataPropagationBFS.cc:82] Thread 128443888866880 date fwd propagate found start vertex.romWaddr_4_
I20260802 12:21:47.738979 21720 StaDataPropagationBFS.cc:82] Thread 128443682907712 date fwd propagate found start vertex.romWaddr_3_
I20260802 12:21:47.739059 21724 StaDataPropagationBFS.cc:82] Thread 128443863688768 date fwd propagate found start vertex.romWaddr_7_
E20260802 12:21:47.740016 21722 Lib.cc:181] Warning: val outside table ranges:  val = 0; min_val = 0.00117378; max_val = 0.198535
E20260802 12:21:47.740051 21736 Lib.cc:181] Warning: val outside table ranges:  val = 0; min_val = 0.00117378; max_val = 0.198535
E20260802 12:21:47.740082 21723 Lib.cc:181] Warning: val outside table ranges:  val = 0; min_val = 0.00117378; max_val = 0.198535
E20260802 12:21:47.740247 21740 Lib.cc:181] Warning: val outside table ranges:  val = 0; min_val = 0.00117378; max_val = 0.198535
E20260802 12:21:47.740288 21718 Lib.cc:181] Warning: val outside table ranges:  val = 0; min_val = 0.00117378; max_val = 0.198535
E20260802 12:21:47.740021 21735 Lib.cc:181] Warning: val outside table ranges:  val = 0; min_val = 0.00117378; max_val = 0.198535
E20260802 12:21:47.740156 21738 Lib.cc:181] Warning: val outside table ranges:  val = 0; min_val = 0.00117378; max_val = 0.198535
E20260802 12:21:47.740387 21727 Lib.cc:181] Warning: val outside table ranges:  val = 0; min_val = 0.00117378; max_val = 0.198535
E20260802 12:21:47.739943 21717 Lib.cc:181] Warning: val outside table ranges:  val = 0; min_val = 0.00117378; max_val = 0.198535
E20260802 12:21:47.740391 21748 Lib.cc:181] Warning: val outside table ranges:  val = 0; min_val = 0.00117378; max_val = 0.198535
I20260802 12:21:47.971691 21632 StaDataPropagationBFS.cc:190] propagating current data queue vertexes number is 17931
I20260802 12:21:48.459268 21632 StaDataPropagationBFS.cc:190] propagating current data queue vertexes number is 37169
I20260802 12:21:49.265259 21632 StaDataPropagationBFS.cc:190] propagating current data queue vertexes number is 2687
I20260802 12:21:49.325420 21632 StaDataPropagationBFS.cc:190] propagating current data queue vertexes number is 749
I20260802 12:21:49.350378 21632 StaDataPropagationBFS.cc:190] propagating current data queue vertexes number is 6753
I20260802 12:21:49.494201 21632 StaDataPropagationBFS.cc:190] propagating current data queue vertexes number is 509
I20260802 12:21:49.512612 21632 StaDataPropagationBFS.cc:190] propagating current data queue vertexes number is 1253
I20260802 12:21:49.563282 21632 StaDataPropagationBFS.cc:190] propagating current data queue vertexes number is 1353
I20260802 12:21:49.607641 21632 StaDataPropagationBFS.cc:190] propagating current data queue vertexes number is 1236
I20260802 12:21:49.670557 21632 StaDataPropagationBFS.cc:190] propagating current data queue vertexes number is 5495
I20260802 12:21:49.801213 21632 StaDataPropagationBFS.cc:190] propagating current data queue vertexes number is 3237
I20260802 12:21:49.904959 21632 StaDataPropagationBFS.cc:190] propagating current data queue vertexes number is 11117
I20260802 12:21:50.147297 21632 StaDataPropagationBFS.cc:190] propagating current data queue vertexes number is 7928
I20260802 12:21:50.332585 21632 StaDataPropagationBFS.cc:190] propagating current data queue vertexes number is 12066
I20260802 12:21:50.594159 21632 StaDataPropagationBFS.cc:190] propagating current data queue vertexes number is 8409
I20260802 12:21:50.777652 21632 StaDataPropagationBFS.cc:190] propagating current data queue vertexes number is 6835
I20260802 12:21:50.925391 21632 StaDataPropagationBFS.cc:190] propagating current data queue vertexes number is 4864
I20260802 12:21:51.030705 21632 StaDataPropagationBFS.cc:190] propagating current data queue vertexes number is 3690
I20260802 12:21:51.115917 21632 StaDataPropagationBFS.cc:190] propagating current data queue vertexes number is 2395
I20260802 12:21:51.169937 21632 StaDataPropagationBFS.cc:190] propagating current data queue vertexes number is 1450
I20260802 12:21:51.206984 21632 StaDataPropagationBFS.cc:190] propagating current data queue vertexes number is 716
I20260802 12:21:51.227066 21632 StaDataPropagationBFS.cc:190] propagating current data queue vertexes number is 794
I20260802 12:21:51.249737 21632 StaDataPropagationBFS.cc:190] propagating current data queue vertexes number is 295
I20260802 12:21:51.262277 21632 StaDataPropagationBFS.cc:190] propagating current data queue vertexes number is 427
I20260802 12:21:51.276640 21632 StaDataPropagationBFS.cc:190] propagating current data queue vertexes number is 164
I20260802 12:21:51.285307 21632 StaDataPropagationBFS.cc:190] propagating current data queue vertexes number is 311
I20260802 12:21:51.297159 21632 StaDataPropagationBFS.cc:190] propagating current data queue vertexes number is 110
I20260802 12:21:51.305114 21632 StaDataPropagationBFS.cc:190] propagating current data queue vertexes number is 314
I20260802 12:21:51.317009 21632 StaDataPropagationBFS.cc:190] propagating current data queue vertexes number is 89
I20260802 12:21:51.324638 21632 StaDataPropagationBFS.cc:190] propagating current data queue vertexes number is 522
I20260802 12:21:51.340758 21632 StaDataPropagationBFS.cc:190] propagating current data queue vertexes number is 118
I20260802 12:21:51.348634 21632 StaDataPropagationBFS.cc:190] propagating current data queue vertexes number is 795
I20260802 12:21:51.371160 21632 StaDataPropagationBFS.cc:190] propagating current data queue vertexes number is 199
I20260802 12:21:51.381079 21632 StaDataPropagationBFS.cc:190] propagating current data queue vertexes number is 1278
I20260802 12:21:51.415302 21632 StaDataPropagationBFS.cc:190] propagating current data queue vertexes number is 343
I20260802 12:21:51.428016 21632 StaDataPropagationBFS.cc:190] propagating current data queue vertexes number is 1565
I20260802 12:21:51.467995 21632 StaDataPropagationBFS.cc:190] propagating current data queue vertexes number is 516
I20260802 12:21:51.485072 21632 StaDataPropagationBFS.cc:190] propagating current data queue vertexes number is 1668
I20260802 12:21:51.527283 21632 StaDataPropagationBFS.cc:190] propagating current data queue vertexes number is 538
I20260802 12:21:51.543985 21632 StaDataPropagationBFS.cc:190] propagating current data queue vertexes number is 958
I20260802 12:21:51.569213 21632 StaDataPropagationBFS.cc:190] propagating current data queue vertexes number is 314
I20260802 12:21:51.581367 21632 StaDataPropagationBFS.cc:190] propagating current data queue vertexes number is 784
I20260802 12:21:51.604065 21632 StaDataPropagationBFS.cc:190] propagating current data queue vertexes number is 234
I20260802 12:21:51.614928 21632 StaDataPropagationBFS.cc:190] propagating current data queue vertexes number is 1286
I20260802 12:21:51.648497 21632 StaDataPropagationBFS.cc:190] propagating current data queue vertexes number is 192
I20260802 12:21:51.660156 21632 StaDataPropagationBFS.cc:190] propagating current data queue vertexes number is 471
I20260802 12:21:51.678634 21632 StaDataPropagationBFS.cc:190] propagating current data queue vertexes number is 138
I20260802 12:21:51.687935 21632 StaDataPropagationBFS.cc:190] propagating current data queue vertexes number is 538
I20260802 12:21:51.705236 21632 StaDataPropagationBFS.cc:190] propagating current data queue vertexes number is 200
I20260802 12:21:51.717528 21632 StaDataPropagationBFS.cc:190] propagating current data queue vertexes number is 1262
I20260802 12:21:51.753655 21632 StaDataPropagationBFS.cc:190] propagating current data queue vertexes number is 270
I20260802 12:21:51.765561 21632 StaDataPropagationBFS.cc:190] propagating current data queue vertexes number is 818
I20260802 12:21:51.791046 21632 StaDataPropagationBFS.cc:190] propagating current data queue vertexes number is 296
I20260802 12:21:51.803129 21632 StaDataPropagationBFS.cc:190] propagating current data queue vertexes number is 1269
I20260802 12:21:51.836793 21632 StaDataPropagationBFS.cc:190] propagating current data queue vertexes number is 355
I20260802 12:21:51.850354 21632 StaDataPropagationBFS.cc:190] propagating current data queue vertexes number is 1703
I20260802 12:21:51.892233 21632 StaDataPropagationBFS.cc:190] propagating current data queue vertexes number is 756
I20260802 12:21:51.913292 21632 StaDataPropagationBFS.cc:190] propagating current data queue vertexes number is 1370
I20260802 12:21:51.946841 21632 StaDataPropagationBFS.cc:190] propagating current data queue vertexes number is 319
I20260802 12:21:51.959651 21632 StaDataPropagationBFS.cc:190] propagating current data queue vertexes number is 1029
I20260802 12:21:51.986394 21632 StaDataPropagationBFS.cc:190] propagating current data queue vertexes number is 372
I20260802 12:21:51.999779 21632 StaDataPropagationBFS.cc:190] propagating current data queue vertexes number is 810
I20260802 12:21:52.022362 21632 StaDataPropagationBFS.cc:190] propagating current data queue vertexes number is 143
I20260802 12:21:52.030659 21632 StaDataPropagationBFS.cc:190] propagating current data queue vertexes number is 269
I20260802 12:21:52.042634 21632 StaDataPropagationBFS.cc:190] propagating current data queue vertexes number is 141
I20260802 12:21:52.050578 21632 StaDataPropagationBFS.cc:190] propagating current data queue vertexes number is 251
I20260802 12:21:52.060731 21632 StaDataPropagationBFS.cc:190] propagating current data queue vertexes number is 112
I20260802 12:21:52.068153 21632 StaDataPropagationBFS.cc:190] propagating current data queue vertexes number is 189
I20260802 12:21:52.077087 21632 StaDataPropagationBFS.cc:190] propagating current data queue vertexes number is 104
I20260802 12:21:52.084335 21632 StaDataPropagationBFS.cc:190] propagating current data queue vertexes number is 172
I20260802 12:21:52.093706 21632 StaDataPropagationBFS.cc:190] propagating current data queue vertexes number is 88
I20260802 12:21:52.100660 21632 StaDataPropagationBFS.cc:190] propagating current data queue vertexes number is 121
I20260802 12:21:52.108693 21632 StaDataPropagationBFS.cc:190] propagating current data queue vertexes number is 61
I20260802 12:21:52.115459 21632 StaDataPropagationBFS.cc:190] propagating current data queue vertexes number is 103
I20260802 12:21:52.123736 21632 StaDataPropagationBFS.cc:190] propagating current data queue vertexes number is 62
I20260802 12:21:52.129848 21632 StaDataPropagationBFS.cc:190] propagating current data queue vertexes number is 118
I20260802 12:21:52.137790 21632 StaDataPropagationBFS.cc:190] propagating current data queue vertexes number is 50
I20260802 12:21:52.146656 21632 StaDataPropagationBFS.cc:190] propagating current data queue vertexes number is 146
I20260802 12:21:52.155645 21632 StaDataPropagationBFS.cc:190] propagating current data queue vertexes number is 61
I20260802 12:21:52.164630 21632 StaDataPropagationBFS.cc:190] propagating current data queue vertexes number is 304
I20260802 12:21:52.178666 21632 StaDataPropagationBFS.cc:190] propagating current data queue vertexes number is 70
I20260802 12:21:52.189615 21632 StaDataPropagationBFS.cc:190] propagating current data queue vertexes number is 559
I20260802 12:21:52.207261 21632 StaDataPropagationBFS.cc:190] propagating current data queue vertexes number is 72
I20260802 12:21:52.217854 21632 StaDataPropagationBFS.cc:190] propagating current data queue vertexes number is 870
I20260802 12:21:52.240584 21632 StaDataPropagationBFS.cc:190] propagating current data queue vertexes number is 118
I20260802 12:21:52.250981 21632 StaDataPropagationBFS.cc:190] propagating current data queue vertexes number is 1331
I20260802 12:21:52.286356 21632 StaDataPropagationBFS.cc:190] propagating current data queue vertexes number is 321
I20260802 12:21:52.302201 21632 StaDataPropagationBFS.cc:190] propagating current data queue vertexes number is 2974
I20260802 12:21:52.373260 21632 StaDataPropagationBFS.cc:190] propagating current data queue vertexes number is 979
I20260802 12:21:52.401701 21632 StaDataPropagationBFS.cc:190] propagating current data queue vertexes number is 4727
I20260802 12:21:52.505826 21632 StaDataPropagationBFS.cc:190] propagating current data queue vertexes number is 1676
I20260802 12:21:52.546617 21632 StaDataPropagationBFS.cc:190] propagating current data queue vertexes number is 3632
I20260802 12:21:52.628482 21632 StaDataPropagationBFS.cc:190] propagating current data queue vertexes number is 1423
I20260802 12:21:52.662775 21632 StaDataPropagationBFS.cc:190] propagating current data queue vertexes number is 2360
I20260802 12:21:52.715919 21632 StaDataPropagationBFS.cc:190] propagating current data queue vertexes number is 1123
I20260802 12:21:52.742255 21632 StaDataPropagationBFS.cc:190] propagating current data queue vertexes number is 1288
I20260802 12:21:52.774201 21632 StaDataPropagationBFS.cc:190] propagating current data queue vertexes number is 624
I20260802 12:21:52.793330 21632 StaDataPropagationBFS.cc:190] propagating current data queue vertexes number is 1561
I20260802 12:21:52.829344 21632 StaDataPropagationBFS.cc:190] propagating current data queue vertexes number is 558
I20260802 12:21:52.847877 21632 StaDataPropagationBFS.cc:190] propagating current data queue vertexes number is 2527
I20260802 12:21:52.906234 21632 StaDataPropagationBFS.cc:190] propagating current data queue vertexes number is 1036
I20260802 12:21:52.935137 21632 StaDataPropagationBFS.cc:190] propagating current data queue vertexes number is 4101
I20260802 12:21:53.024154 21632 StaDataPropagationBFS.cc:190] propagating current data queue vertexes number is 1808
I20260802 12:21:53.069238 21632 StaDataPropagationBFS.cc:190] propagating current data queue vertexes number is 8660
I20260802 12:21:53.251838 21632 StaDataPropagationBFS.cc:190] propagating current data queue vertexes number is 3289
I20260802 12:21:53.325212 21632 StaDataPropagationBFS.cc:190] propagating current data queue vertexes number is 4929
I20260802 12:21:53.430413 21632 StaDataPropagationBFS.cc:190] propagating current data queue vertexes number is 1616
I20260802 12:21:53.467355 21632 StaDataPropagationBFS.cc:190] propagating current data queue vertexes number is 3527
I20260802 12:21:53.543751 21632 StaDataPropagationBFS.cc:190] propagating current data queue vertexes number is 1992
I20260802 12:21:53.590024 21632 StaDataPropagationBFS.cc:190] propagating current data queue vertexes number is 2000
I20260802 12:21:53.635157 21632 StaDataPropagationBFS.cc:190] propagating current data queue vertexes number is 26
I20260802 12:21:53.640573 21632 StaDataPropagationBFS.cc:190] propagating current data queue vertexes number is 50
I20260802 12:21:53.646468 21632 StaDataPropagationBFS.cc:190] propagating current data queue vertexes number is 26
I20260802 12:21:53.652354 21632 StaDataPropagationBFS.cc:190] propagating current data queue vertexes number is 45
I20260802 12:21:53.658676 21632 StaDataPropagationBFS.cc:190] propagating current data queue vertexes number is 38
I20260802 12:21:53.665243 21632 StaDataPropagationBFS.cc:190] propagating current data queue vertexes number is 97
I20260802 12:21:53.671607 21632 StaDataPropagationBFS.cc:190] propagating current data queue vertexes number is 90
I20260802 12:21:53.678169 21632 StaDataPropagationBFS.cc:190] propagating current data queue vertexes number is 319
I20260802 12:21:53.692236 21632 StaDataPropagationBFS.cc:190] propagating current data queue vertexes number is 260
I20260802 12:21:53.706701 21632 StaDataPropagationBFS.cc:190] propagating current data queue vertexes number is 636
I20260802 12:21:53.725544 21632 StaDataPropagationBFS.cc:190] propagating current data queue vertexes number is 425
I20260802 12:21:53.740814 21632 StaDataPropagationBFS.cc:190] propagating current data queue vertexes number is 669
I20260802 12:21:53.762068 21632 StaDataPropagationBFS.cc:190] propagating current data queue vertexes number is 264
I20260802 12:21:53.772842 21632 StaDataPropagationBFS.cc:190] propagating current data queue vertexes number is 310
I20260802 12:21:53.784283 21632 StaDataPropagationBFS.cc:190] propagating current data queue vertexes number is 48
I20260802 12:21:53.790282 21632 StaDataPropagationBFS.cc:190] propagating current data queue vertexes number is 48
I20260802 12:21:53.796314 21632 StaDataPropagationBFS.cc:229] data fwd propagation bfs end
I20260802 12:21:53.796415 21632 StaDataPropagationBFS.cc:232] data fwd propagation bfs memory usage 1607.02MB
I20260802 12:21:53.796458 21632 StaDataPropagationBFS.cc:234] data fwd propagation bfs time elapsed 6.11074s
I20260802 12:21:53.796479 21632 StaDataPropagation.cc:695] data fwd propagation end
I20260802 12:21:53.796491 21632 StaDataPropagation.cc:676] data fwd propagation start
I20260802 12:21:53.796548 21632 StaDataPropagationBFS.cc:166] data fwd propagation bfs start
I20260802 12:21:53.827399 21632 StaDataPropagationBFS.cc:190] propagating current data queue vertexes number is 0
I20260802 12:21:53.832686 21632 StaDataPropagationBFS.cc:229] data fwd propagation bfs end
I20260802 12:21:53.832799 21632 StaDataPropagationBFS.cc:232] data fwd propagation bfs memory usage 0MB
I20260802 12:21:53.832839 21632 StaDataPropagationBFS.cc:234] data fwd propagation bfs time elapsed 0.03629s
I20260802 12:21:53.832858 21632 StaDataPropagation.cc:695] data fwd propagation end
I20260802 12:21:53.832870 21632 StaAnalyze.cc:557] analyze timing path start
I20260802 12:21:53.832898 21632 StaAnalyze.cc:565] analyze timing path end vertex 1 total 17728 start
E20260802 12:21:53.832916 21632 StaAnalyze.cc:328] The output port result_18_ is not constrained
E20260802 12:21:53.832942 21632 StaAnalyze.cc:328] The output port result_18_ is not constrained
I20260802 12:21:53.832976 21632 StaAnalyze.cc:599] analyze timing path end vertex 1 total 17728 end
E20260802 12:21:53.833003 21632 StaAnalyze.cc:328] The output port result_0_ is not constrained
E20260802 12:21:53.833019 21632 StaAnalyze.cc:328] The output port result_0_ is not constrained
E20260802 12:21:53.833065 21632 StaAnalyze.cc:328] The output port result_10_ is not constrained
E20260802 12:21:53.833105 21632 StaAnalyze.cc:328] The output port result_10_ is not constrained
E20260802 12:21:53.833127 21632 StaAnalyze.cc:328] The output port result_11_ is not constrained
E20260802 12:21:53.833140 21632 StaAnalyze.cc:328] The output port result_11_ is not constrained
E20260802 12:21:53.833153 21632 StaAnalyze.cc:328] The output port result_12_ is not constrained
E20260802 12:21:53.833185 21632 StaAnalyze.cc:328] The output port result_12_ is not constrained
I20260802 12:21:53.833209 21632 StaAnalyze.cc:565] analyze timing path end vertex 11 total 17728 start
I20260802 12:21:53.833216 21632 StaAnalyze.cc:599] analyze timing path end vertex 11 total 17728 end
I20260802 12:21:53.833244 21632 StaAnalyze.cc:303] add path data num 2 to cpu.idu.csr.csr_0_0__reg_p:D
I20260802 12:21:53.833279 21632 StaAnalyze.cc:565] analyze timing path end vertex 21 total 17728 start
I20260802 12:21:53.833302 21632 StaAnalyze.cc:599] analyze timing path end vertex 21 total 17728 end
I20260802 12:21:53.833312 21632 StaAnalyze.cc:565] analyze timing path end vertex 31 total 17728 start
I20260802 12:21:53.833338 21632 StaAnalyze.cc:599] analyze timing path end vertex 31 total 17728 end
I20260802 12:21:53.833403 21632 StaAnalyze.cc:565] analyze timing path end vertex 41 total 17728 start
I20260802 12:21:53.833438 21632 StaAnalyze.cc:599] analyze timing path end vertex 41 total 17728 end
I20260802 12:21:53.833498 21632 StaAnalyze.cc:565] analyze timing path end vertex 51 total 17728 start
I20260802 12:21:53.833534 21632 StaAnalyze.cc:599] analyze timing path end vertex 51 total 17728 end
I20260802 12:21:53.833654 21632 StaAnalyze.cc:565] analyze timing path end vertex 61 total 17728 start
I20260802 12:21:53.833695 21632 StaAnalyze.cc:599] analyze timing path end vertex 61 total 17728 end
I20260802 12:21:53.833813 21632 StaAnalyze.cc:565] analyze timing path end vertex 71 total 17728 start
I20260802 12:21:53.833853 21632 StaAnalyze.cc:599] analyze timing path end vertex 71 total 17728 end
I20260802 12:21:53.833958 21632 StaAnalyze.cc:565] analyze timing path end vertex 81 total 17728 start
I20260802 12:21:53.834026 21632 StaAnalyze.cc:599] analyze timing path end vertex 81 total 17728 end
I20260802 12:21:53.834060 21632 StaAnalyze.cc:303] add path data num 2 to cpu.idu.csr.csr_4_20__reg_p:D
I20260802 12:21:53.834169 21632 StaAnalyze.cc:565] analyze timing path end vertex 91 total 17728 start
I20260802 12:21:53.834215 21632 StaAnalyze.cc:599] analyze timing path end vertex 91 total 17728 end
I20260802 12:21:53.834417 21632 StaAnalyze.cc:565] analyze timing path end vertex 101 total 17728 start
I20260802 12:21:53.834460 21632 StaAnalyze.cc:599] analyze timing path end vertex 101 total 17728 end
I20260802 12:21:53.834558 21632 StaAnalyze.cc:565] analyze timing path end vertex 111 total 17728 start
I20260802 12:21:53.834596 21632 StaAnalyze.cc:599] analyze timing path end vertex 111 total 17728 end
I20260802 12:21:53.834692 21632 StaAnalyze.cc:565] analyze timing path end vertex 121 total 17728 start
I20260802 12:21:53.834731 21632 StaAnalyze.cc:599] analyze timing path end vertex 121 total 17728 end
I20260802 12:21:53.834829 21632 StaAnalyze.cc:565] analyze timing path end vertex 131 total 17728 start
I20260802 12:21:53.834868 21632 StaAnalyze.cc:599] analyze timing path end vertex 131 total 17728 end
I20260802 12:21:53.834897 21632 StaAnalyze.cc:303] add path data num 2 to cpu.idu.csr.csr_5_4__reg_p:D
I20260802 12:21:53.835009 21632 StaAnalyze.cc:565] analyze timing path end vertex 141 total 17728 start
I20260802 12:21:53.835055 21632 StaAnalyze.cc:599] analyze timing path end vertex 141 total 17728 end
I20260802 12:21:53.835160 21632 StaAnalyze.cc:565] analyze timing path end vertex 151 total 17728 start
I20260802 12:21:53.835198 21632 StaAnalyze.cc:599] analyze timing path end vertex 151 total 17728 end
I20260802 12:21:53.835474 21632 StaAnalyze.cc:565] analyze timing path end vertex 161 total 17728 start
I20260802 12:21:53.835515 21632 StaAnalyze.cc:599] analyze timing path end vertex 161 total 17728 end
I20260802 12:21:53.835639 21632 StaAnalyze.cc:565] analyze timing path end vertex 171 total 17728 start
I20260802 12:21:53.835681 21632 StaAnalyze.cc:599] analyze timing path end vertex 171 total 17728 end
I20260802 12:21:53.835748 21632 StaAnalyze.cc:565] analyze timing path end vertex 181 total 17728 start
I20260802 12:21:53.835783 21632 StaAnalyze.cc:599] analyze timing path end vertex 181 total 17728 end
I20260802 12:21:53.835808 21632 StaAnalyze.cc:303] add path data num 2 to cpu.idu.csr.csr_7_20__reg_p:D
I20260802 12:21:53.835886 21632 StaAnalyze.cc:565] analyze timing path end vertex 191 total 17728 start
I20260802 12:21:53.835927 21632 StaAnalyze.cc:599] analyze timing path end vertex 191 total 17728 end
I20260802 12:21:53.836016 21632 StaAnalyze.cc:565] analyze timing path end vertex 201 total 17728 start
I20260802 12:21:53.836059 21632 StaAnalyze.cc:599] analyze timing path end vertex 201 total 17728 end
I20260802 12:21:53.836138 21632 StaAnalyze.cc:565] analyze timing path end vertex 211 total 17728 start
I20260802 12:21:53.836175 21632 StaAnalyze.cc:599] analyze timing path end vertex 211 total 17728 end
I20260802 12:21:53.836247 21632 StaAnalyze.cc:565] analyze timing path end vertex 221 total 17728 start
I20260802 12:21:53.836282 21632 StaAnalyze.cc:599] analyze timing path end vertex 221 total 17728 end
I20260802 12:21:53.836357 21632 StaAnalyze.cc:565] analyze timing path end vertex 231 total 17728 start
I20260802 12:21:53.836393 21632 StaAnalyze.cc:599] analyze timing path end vertex 231 total 17728 end
I20260802 12:21:53.836419 21632 StaAnalyze.cc:303] add path data num 2 to cpu.idu.gpr.gpr_0_2__reg_p:D
I20260802 12:21:53.836498 21632 StaAnalyze.cc:565] analyze timing path end vertex 241 total 17728 start
I20260802 12:21:53.836539 21632 StaAnalyze.cc:599] analyze timing path end vertex 241 total 17728 end
I20260802 12:21:53.836637 21632 StaAnalyze.cc:565] analyze timing path end vertex 251 total 17728 start
I20260802 12:21:53.836679 21632 StaAnalyze.cc:599] analyze timing path end vertex 251 total 17728 end
I20260802 12:21:53.836771 21632 StaAnalyze.cc:565] analyze timing path end vertex 261 total 17728 start
I20260802 12:21:53.836814 21632 StaAnalyze.cc:599] analyze timing path end vertex 261 total 17728 end
I20260802 12:21:53.836880 21632 StaAnalyze.cc:565] analyze timing path end vertex 271 total 17728 start
I20260802 12:21:53.836915 21632 StaAnalyze.cc:599] analyze timing path end vertex 271 total 17728 end
I20260802 12:21:53.836970 21632 StaAnalyze.cc:565] analyze timing path end vertex 281 total 17728 start
I20260802 12:21:53.837014 21632 StaAnalyze.cc:599] analyze timing path end vertex 281 total 17728 end
I20260802 12:21:53.837036 21632 StaAnalyze.cc:303] add path data num 2 to cpu.idu.gpr.gpr_11_17__reg_p:D
I20260802 12:21:53.837321 21632 StaAnalyze.cc:565] analyze timing path end vertex 291 total 17728 start
I20260802 12:21:53.837366 21632 StaAnalyze.cc:599] analyze timing path end vertex 291 total 17728 end
I20260802 12:21:53.837430 21632 StaAnalyze.cc:565] analyze timing path end vertex 301 total 17728 start
I20260802 12:21:53.837466 21632 StaAnalyze.cc:599] analyze timing path end vertex 301 total 17728 end
I20260802 12:21:53.837531 21632 StaAnalyze.cc:565] analyze timing path end vertex 311 total 17728 start
I20260802 12:21:53.837565 21632 StaAnalyze.cc:599] analyze timing path end vertex 311 total 17728 end
I20260802 12:21:53.837634 21632 StaAnalyze.cc:565] analyze timing path end vertex 321 total 17728 start
I20260802 12:21:53.837669 21632 StaAnalyze.cc:599] analyze timing path end vertex 321 total 17728 end
I20260802 12:21:53.837733 21632 StaAnalyze.cc:565] analyze timing path end vertex 331 total 17728 start
I20260802 12:21:53.837769 21632 StaAnalyze.cc:599] analyze timing path end vertex 331 total 17728 end
I20260802 12:21:53.837792 21632 StaAnalyze.cc:303] add path data num 2 to cpu.idu.gpr.gpr_12_28__reg_p:D
I20260802 12:21:53.837845 21632 StaAnalyze.cc:565] analyze timing path end vertex 341 total 17728 start
I20260802 12:21:53.837894 21632 StaAnalyze.cc:599] analyze timing path end vertex 341 total 17728 end
I20260802 12:21:53.837965 21632 StaAnalyze.cc:565] analyze timing path end vertex 351 total 17728 start
I20260802 12:21:53.838030 21632 StaAnalyze.cc:599] analyze timing path end vertex 351 total 17728 end
I20260802 12:21:53.838128 21632 StaAnalyze.cc:565] analyze timing path end vertex 361 total 17728 start
I20260802 12:21:53.838174 21632 StaAnalyze.cc:599] analyze timing path end vertex 361 total 17728 end
I20260802 12:21:53.838248 21632 StaAnalyze.cc:565] analyze timing path end vertex 371 total 17728 start
I20260802 12:21:53.838282 21632 StaAnalyze.cc:599] analyze timing path end vertex 371 total 17728 end
I20260802 12:21:53.838351 21632 StaAnalyze.cc:565] analyze timing path end vertex 381 total 17728 start
I20260802 12:21:53.838387 21632 StaAnalyze.cc:599] analyze timing path end vertex 381 total 17728 end
I20260802 12:21:53.838413 21632 StaAnalyze.cc:303] add path data num 2 to cpu.idu.gpr.gpr_14_15__reg_p:D
I20260802 12:21:53.838492 21632 StaAnalyze.cc:565] analyze timing path end vertex 391 total 17728 start
I20260802 12:21:53.838533 21632 StaAnalyze.cc:599] analyze timing path end vertex 391 total 17728 end
I20260802 12:21:53.838587 21632 StaAnalyze.cc:565] analyze timing path end vertex 401 total 17728 start
I20260802 12:21:53.838620 21632 StaAnalyze.cc:599] analyze timing path end vertex 401 total 17728 end
I20260802 12:21:53.838675 21632 StaAnalyze.cc:565] analyze timing path end vertex 411 total 17728 start
I20260802 12:21:53.838708 21632 StaAnalyze.cc:599] analyze timing path end vertex 411 total 17728 end
I20260802 12:21:53.838758 21632 StaAnalyze.cc:565] analyze timing path end vertex 421 total 17728 start
I20260802 12:21:53.838791 21632 StaAnalyze.cc:599] analyze timing path end vertex 421 total 17728 end
I20260802 12:21:53.838842 21632 StaAnalyze.cc:565] analyze timing path end vertex 431 total 17728 start
I20260802 12:21:53.838876 21632 StaAnalyze.cc:599] analyze timing path end vertex 431 total 17728 end
I20260802 12:21:53.838898 21632 StaAnalyze.cc:303] add path data num 2 to cpu.idu.gpr.gpr_15_31__reg_p:D
I20260802 12:21:53.838936 21632 StaAnalyze.cc:565] analyze timing path end vertex 441 total 17728 start
I20260802 12:21:53.838969 21632 StaAnalyze.cc:599] analyze timing path end vertex 441 total 17728 end
I20260802 12:21:53.839036 21632 StaAnalyze.cc:565] analyze timing path end vertex 451 total 17728 start
I20260802 12:21:53.839072 21632 StaAnalyze.cc:599] analyze timing path end vertex 451 total 17728 end
I20260802 12:21:53.839126 21632 StaAnalyze.cc:565] analyze timing path end vertex 461 total 17728 start
I20260802 12:21:53.839159 21632 StaAnalyze.cc:599] analyze timing path end vertex 461 total 17728 end
I20260802 12:21:53.839212 21632 StaAnalyze.cc:565] analyze timing path end vertex 471 total 17728 start
I20260802 12:21:53.839246 21632 StaAnalyze.cc:599] analyze timing path end vertex 471 total 17728 end
I20260802 12:21:53.839300 21632 StaAnalyze.cc:565] analyze timing path end vertex 481 total 17728 start
I20260802 12:21:53.839334 21632 StaAnalyze.cc:599] analyze timing path end vertex 481 total 17728 end
I20260802 12:21:53.839355 21632 StaAnalyze.cc:303] add path data num 2 to cpu.idu.gpr.gpr_17_19__reg_p:D
I20260802 12:21:53.839397 21632 StaAnalyze.cc:565] analyze timing path end vertex 491 total 17728 start
I20260802 12:21:53.839429 21632 StaAnalyze.cc:599] analyze timing path end vertex 491 total 17728 end
I20260802 12:21:53.839480 21632 StaAnalyze.cc:565] analyze timing path end vertex 501 total 17728 start
I20260802 12:21:53.839514 21632 StaAnalyze.cc:599] analyze timing path end vertex 501 total 17728 end
I20260802 12:21:53.839564 21632 StaAnalyze.cc:565] analyze timing path end vertex 511 total 17728 start
I20260802 12:21:53.839596 21632 StaAnalyze.cc:599] analyze timing path end vertex 511 total 17728 end
I20260802 12:21:53.839648 21632 StaAnalyze.cc:565] analyze timing path end vertex 521 total 17728 start
I20260802 12:21:53.839679 21632 StaAnalyze.cc:599] analyze timing path end vertex 521 total 17728 end
I20260802 12:21:53.839768 21632 StaAnalyze.cc:565] analyze timing path end vertex 531 total 17728 start
I20260802 12:21:53.839811 21632 StaAnalyze.cc:599] analyze timing path end vertex 531 total 17728 end
I20260802 12:21:53.839833 21632 StaAnalyze.cc:303] add path data num 2 to cpu.idu.gpr.gpr_18_6__reg_p:D
I20260802 12:21:53.839892 21632 StaAnalyze.cc:565] analyze timing path end vertex 541 total 17728 start
I20260802 12:21:53.839931 21632 StaAnalyze.cc:599] analyze timing path end vertex 541 total 17728 end
I20260802 12:21:53.840011 21632 StaAnalyze.cc:565] analyze timing path end vertex 551 total 17728 start
I20260802 12:21:53.840052 21632 StaAnalyze.cc:599] analyze timing path end vertex 551 total 17728 end
I20260802 12:21:53.840103 21632 StaAnalyze.cc:565] analyze timing path end vertex 561 total 17728 start
I20260802 12:21:53.840137 21632 StaAnalyze.cc:599] analyze timing path end vertex 561 total 17728 end
I20260802 12:21:53.840190 21632 StaAnalyze.cc:565] analyze timing path end vertex 571 total 17728 start
I20260802 12:21:53.840224 21632 StaAnalyze.cc:599] analyze timing path end vertex 571 total 17728 end
I20260802 12:21:53.840492 21632 StaAnalyze.cc:565] analyze timing path end vertex 581 total 17728 start
I20260802 12:21:53.840533 21632 StaAnalyze.cc:599] analyze timing path end vertex 581 total 17728 end
I20260802 12:21:53.840559 21632 StaAnalyze.cc:303] add path data num 2 to cpu.idu.gpr.gpr_1_22__reg_p:D
I20260802 12:21:53.840615 21632 StaAnalyze.cc:565] analyze timing path end vertex 591 total 17728 start
I20260802 12:21:53.840647 21632 StaAnalyze.cc:599] analyze timing path end vertex 591 total 17728 end
I20260802 12:21:53.840713 21632 StaAnalyze.cc:565] analyze timing path end vertex 601 total 17728 start
I20260802 12:21:53.840749 21632 StaAnalyze.cc:599] analyze timing path end vertex 601 total 17728 end
I20260802 12:21:53.840858 21632 StaAnalyze.cc:565] analyze timing path end vertex 611 total 17728 start
I20260802 12:21:53.840904 21632 StaAnalyze.cc:599] analyze timing path end vertex 611 total 17728 end
I20260802 12:21:53.840993 21632 StaAnalyze.cc:565] analyze timing path end vertex 621 total 17728 start
I20260802 12:21:53.841034 21632 StaAnalyze.cc:599] analyze timing path end vertex 621 total 17728 end
I20260802 12:21:53.841109 21632 StaAnalyze.cc:565] analyze timing path end vertex 631 total 17728 start
I20260802 12:21:53.841145 21632 StaAnalyze.cc:599] analyze timing path end vertex 631 total 17728 end
I20260802 12:21:53.841171 21632 StaAnalyze.cc:303] add path data num 2 to cpu.idu.gpr.gpr_21_0__reg_p:D
I20260802 12:21:53.841246 21632 StaAnalyze.cc:565] analyze timing path end vertex 641 total 17728 start
I20260802 12:21:53.841300 21632 StaAnalyze.cc:599] analyze timing path end vertex 641 total 17728 end
I20260802 12:21:53.841387 21632 StaAnalyze.cc:565] analyze timing path end vertex 651 total 17728 start
I20260802 12:21:53.841442 21632 StaAnalyze.cc:599] analyze timing path end vertex 651 total 17728 end
I20260802 12:21:53.841557 21632 StaAnalyze.cc:565] analyze timing path end vertex 661 total 17728 start
I20260802 12:21:53.841615 21632 StaAnalyze.cc:599] analyze timing path end vertex 661 total 17728 end
I20260802 12:21:53.841732 21632 StaAnalyze.cc:565] analyze timing path end vertex 671 total 17728 start
I20260802 12:21:53.841789 21632 StaAnalyze.cc:599] analyze timing path end vertex 671 total 17728 end
I20260802 12:21:53.841879 21632 StaAnalyze.cc:565] analyze timing path end vertex 681 total 17728 start
I20260802 12:21:53.841922 21632 StaAnalyze.cc:599] analyze timing path end vertex 681 total 17728 end
I20260802 12:21:53.841952 21632 StaAnalyze.cc:303] add path data num 2 to cpu.idu.gpr.gpr_22_26__reg_p:D
I20260802 12:21:53.842097 21632 StaAnalyze.cc:565] analyze timing path end vertex 691 total 17728 start
I20260802 12:21:53.842156 21632 StaAnalyze.cc:599] analyze timing path end vertex 691 total 17728 end
I20260802 12:21:53.842249 21632 StaAnalyze.cc:565] analyze timing path end vertex 701 total 17728 start
I20260802 12:21:53.842301 21632 StaAnalyze.cc:599] analyze timing path end vertex 701 total 17728 end
I20260802 12:21:53.842443 21632 StaAnalyze.cc:565] analyze timing path end vertex 711 total 17728 start
I20260802 12:21:53.842495 21632 StaAnalyze.cc:599] analyze timing path end vertex 711 total 17728 end
I20260802 12:21:53.842597 21632 StaAnalyze.cc:565] analyze timing path end vertex 721 total 17728 start
I20260802 12:21:53.842643 21632 StaAnalyze.cc:599] analyze timing path end vertex 721 total 17728 end
I20260802 12:21:53.842743 21632 StaAnalyze.cc:565] analyze timing path end vertex 731 total 17728 start
I20260802 12:21:53.842799 21632 StaAnalyze.cc:599] analyze timing path end vertex 731 total 17728 end
I20260802 12:21:53.842839 21632 StaAnalyze.cc:303] add path data num 2 to ram.mem_103_2_5__reg_p:D
I20260802 12:21:53.842942 21632 StaAnalyze.cc:565] analyze timing path end vertex 741 total 17728 start
I20260802 12:21:53.843007 21632 StaAnalyze.cc:599] analyze timing path end vertex 741 total 17728 end
I20260802 12:21:53.843097 21632 StaAnalyze.cc:565] analyze timing path end vertex 751 total 17728 start
I20260802 12:21:53.843142 21632 StaAnalyze.cc:599] analyze timing path end vertex 751 total 17728 end
I20260802 12:21:53.843233 21632 StaAnalyze.cc:565] analyze timing path end vertex 761 total 17728 start
I20260802 12:21:53.843425 21632 StaAnalyze.cc:599] analyze timing path end vertex 761 total 17728 end
I20260802 12:21:53.843591 21632 StaAnalyze.cc:565] analyze timing path end vertex 771 total 17728 start
I20260802 12:21:53.843650 21632 StaAnalyze.cc:599] analyze timing path end vertex 771 total 17728 end
I20260802 12:21:53.843741 21632 StaAnalyze.cc:565] analyze timing path end vertex 781 total 17728 start
I20260802 12:21:53.843786 21632 StaAnalyze.cc:599] analyze timing path end vertex 781 total 17728 end
I20260802 12:21:53.843815 21632 StaAnalyze.cc:303] add path data num 2 to cpu.idu.gpr.gpr_24_24__reg_p:D
I20260802 12:21:53.843907 21632 StaAnalyze.cc:565] analyze timing path end vertex 791 total 17728 start
I20260802 12:21:53.843958 21632 StaAnalyze.cc:599] analyze timing path end vertex 791 total 17728 end
I20260802 12:21:53.844046 21632 StaAnalyze.cc:565] analyze timing path end vertex 801 total 17728 start
I20260802 12:21:53.844089 21632 StaAnalyze.cc:599] analyze timing path end vertex 801 total 17728 end
I20260802 12:21:53.844172 21632 StaAnalyze.cc:565] analyze timing path end vertex 811 total 17728 start
I20260802 12:21:53.844210 21632 StaAnalyze.cc:599] analyze timing path end vertex 811 total 17728 end
I20260802 12:21:53.844272 21632 StaAnalyze.cc:565] analyze timing path end vertex 821 total 17728 start
I20260802 12:21:53.844305 21632 StaAnalyze.cc:599] analyze timing path end vertex 821 total 17728 end
I20260802 12:21:53.844367 21632 StaAnalyze.cc:565] analyze timing path end vertex 831 total 17728 start
I20260802 12:21:53.844400 21632 StaAnalyze.cc:599] analyze timing path end vertex 831 total 17728 end
I20260802 12:21:53.844424 21632 StaAnalyze.cc:303] add path data num 2 to cpu.idu.gpr.gpr_26_11__reg_p:D
I20260802 12:21:53.844468 21632 StaAnalyze.cc:565] analyze timing path end vertex 841 total 17728 start
I20260802 12:21:53.844506 21632 StaAnalyze.cc:599] analyze timing path end vertex 841 total 17728 end
I20260802 12:21:53.844573 21632 StaAnalyze.cc:565] analyze timing path end vertex 851 total 17728 start
I20260802 12:21:53.844614 21632 StaAnalyze.cc:599] analyze timing path end vertex 851 total 17728 end
I20260802 12:21:53.844671 21632 StaAnalyze.cc:565] analyze timing path end vertex 861 total 17728 start
I20260802 12:21:53.844707 21632 StaAnalyze.cc:599] analyze timing path end vertex 861 total 17728 end
I20260802 12:21:53.844769 21632 StaAnalyze.cc:565] analyze timing path end vertex 871 total 17728 start
I20260802 12:21:53.844803 21632 StaAnalyze.cc:599] analyze timing path end vertex 871 total 17728 end
I20260802 12:21:53.844864 21632 StaAnalyze.cc:565] analyze timing path end vertex 881 total 17728 start
I20260802 12:21:53.844897 21632 StaAnalyze.cc:599] analyze timing path end vertex 881 total 17728 end
I20260802 12:21:53.844920 21632 StaAnalyze.cc:303] add path data num 2 to cpu.idu.csr.csr_1_10__reg_p:D
I20260802 12:21:53.845021 21632 StaAnalyze.cc:565] analyze timing path end vertex 891 total 17728 start
I20260802 12:21:53.845062 21632 StaAnalyze.cc:599] analyze timing path end vertex 891 total 17728 end
I20260802 12:21:53.845124 21632 StaAnalyze.cc:565] analyze timing path end vertex 901 total 17728 start
I20260802 12:21:53.845155 21632 StaAnalyze.cc:599] analyze timing path end vertex 901 total 17728 end
I20260802 12:21:53.845213 21632 StaAnalyze.cc:565] analyze timing path end vertex 911 total 17728 start
I20260802 12:21:53.845247 21632 StaAnalyze.cc:599] analyze timing path end vertex 911 total 17728 end
I20260802 12:21:53.845304 21632 StaAnalyze.cc:565] analyze timing path end vertex 921 total 17728 start
I20260802 12:21:53.845337 21632 StaAnalyze.cc:599] analyze timing path end vertex 921 total 17728 end
I20260802 12:21:53.845398 21632 StaAnalyze.cc:565] analyze timing path end vertex 931 total 17728 start
I20260802 12:21:53.845432 21632 StaAnalyze.cc:599] analyze timing path end vertex 931 total 17728 end
I20260802 12:21:53.845455 21632 StaAnalyze.cc:303] add path data num 2 to cpu.idu.csr.csr_2_26__reg_p:D
I20260802 12:21:53.845500 21632 StaAnalyze.cc:565] analyze timing path end vertex 941 total 17728 start
I20260802 12:21:53.845534 21632 StaAnalyze.cc:599] analyze timing path end vertex 941 total 17728 end
I20260802 12:21:53.845590 21632 StaAnalyze.cc:565] analyze timing path end vertex 951 total 17728 start
I20260802 12:21:53.845623 21632 StaAnalyze.cc:599] analyze timing path end vertex 951 total 17728 end
I20260802 12:21:53.845681 21632 StaAnalyze.cc:565] analyze timing path end vertex 961 total 17728 start
I20260802 12:21:53.845713 21632 StaAnalyze.cc:599] analyze timing path end vertex 961 total 17728 end
I20260802 12:21:53.845769 21632 StaAnalyze.cc:565] analyze timing path end vertex 971 total 17728 start
I20260802 12:21:53.845801 21632 StaAnalyze.cc:599] analyze timing path end vertex 971 total 17728 end
I20260802 12:21:53.845860 21632 StaAnalyze.cc:565] analyze timing path end vertex 981 total 17728 start
I20260802 12:21:53.845893 21632 StaAnalyze.cc:599] analyze timing path end vertex 981 total 17728 end
I20260802 12:21:53.845916 21632 StaAnalyze.cc:303] add path data num 2 to ram.mem_117_1_1__reg_p:D
I20260802 12:21:53.845966 21632 StaAnalyze.cc:565] analyze timing path end vertex 991 total 17728 start
I20260802 12:21:53.846138 21632 StaAnalyze.cc:599] analyze timing path end vertex 991 total 17728 end
I20260802 12:21:53.846232 21632 StaAnalyze.cc:565] analyze timing path end vertex 1001 total 17728 start
I20260802 12:21:53.846280 21632 StaAnalyze.cc:599] analyze timing path end vertex 1001 total 17728 end
I20260802 12:21:53.846370 21632 StaAnalyze.cc:565] analyze timing path end vertex 1011 total 17728 start
I20260802 12:21:53.846415 21632 StaAnalyze.cc:599] analyze timing path end vertex 1011 total 17728 end
I20260802 12:21:53.846505 21632 StaAnalyze.cc:565] analyze timing path end vertex 1021 total 17728 start
I20260802 12:21:53.846549 21632 StaAnalyze.cc:599] analyze timing path end vertex 1021 total 17728 end
I20260802 12:21:53.846635 21632 StaAnalyze.cc:565] analyze timing path end vertex 1031 total 17728 start
I20260802 12:21:53.846683 21632 StaAnalyze.cc:599] analyze timing path end vertex 1031 total 17728 end
I20260802 12:21:53.846714 21632 StaAnalyze.cc:303] add path data num 2 to cpu.idu.gpr.gpr_28_16__reg_p:D
I20260802 12:21:53.846809 21632 StaAnalyze.cc:565] analyze timing path end vertex 1041 total 17728 start
I20260802 12:21:53.846861 21632 StaAnalyze.cc:599] analyze timing path end vertex 1041 total 17728 end
I20260802 12:21:53.846953 21632 StaAnalyze.cc:565] analyze timing path end vertex 1051 total 17728 start
I20260802 12:21:53.847002 21632 StaAnalyze.cc:599] analyze timing path end vertex 1051 total 17728 end
I20260802 12:21:53.847090 21632 StaAnalyze.cc:565] analyze timing path end vertex 1061 total 17728 start
I20260802 12:21:53.847134 21632 StaAnalyze.cc:599] analyze timing path end vertex 1061 total 17728 end
I20260802 12:21:53.847266 21632 StaAnalyze.cc:565] analyze timing path end vertex 1071 total 17728 start
I20260802 12:21:53.847318 21632 StaAnalyze.cc:599] analyze timing path end vertex 1071 total 17728 end
I20260802 12:21:53.847402 21632 StaAnalyze.cc:565] analyze timing path end vertex 1081 total 17728 start
I20260802 12:21:53.847448 21632 StaAnalyze.cc:599] analyze timing path end vertex 1081 total 17728 end
I20260802 12:21:53.847478 21632 StaAnalyze.cc:303] add path data num 2 to cpu.idu.gpr.gpr_29_3__reg_p:D
I20260802 12:21:53.847579 21632 StaAnalyze.cc:565] analyze timing path end vertex 1091 total 17728 start
I20260802 12:21:53.847631 21632 StaAnalyze.cc:599] analyze timing path end vertex 1091 total 17728 end
I20260802 12:21:53.847718 21632 StaAnalyze.cc:565] analyze timing path end vertex 1101 total 17728 start
I20260802 12:21:53.847764 21632 StaAnalyze.cc:599] analyze timing path end vertex 1101 total 17728 end
I20260802 12:21:53.847857 21632 StaAnalyze.cc:565] analyze timing path end vertex 1111 total 17728 start
I20260802 12:21:53.847903 21632 StaAnalyze.cc:599] analyze timing path end vertex 1111 total 17728 end
I20260802 12:21:53.848008 21632 StaAnalyze.cc:565] analyze timing path end vertex 1121 total 17728 start
I20260802 12:21:53.848060 21632 StaAnalyze.cc:599] analyze timing path end vertex 1121 total 17728 end
I20260802 12:21:53.848147 21632 StaAnalyze.cc:565] analyze timing path end vertex 1131 total 17728 start
I20260802 12:21:53.848193 21632 StaAnalyze.cc:599] analyze timing path end vertex 1131 total 17728 end
I20260802 12:21:53.848223 21632 StaAnalyze.cc:303] add path data num 2 to cpu.idu.gpr.gpr_30_1__reg_p:D
I20260802 12:21:53.848317 21632 StaAnalyze.cc:565] analyze timing path end vertex 1141 total 17728 start
I20260802 12:21:53.848369 21632 StaAnalyze.cc:599] analyze timing path end vertex 1141 total 17728 end
I20260802 12:21:53.849074 21632 StaAnalyze.cc:565] analyze timing path end vertex 1151 total 17728 start
I20260802 12:21:53.849131 21632 StaAnalyze.cc:599] analyze timing path end vertex 1151 total 17728 end
I20260802 12:21:53.849239 21632 StaAnalyze.cc:565] analyze timing path end vertex 1161 total 17728 start
I20260802 12:21:53.849290 21632 StaAnalyze.cc:599] analyze timing path end vertex 1161 total 17728 end
I20260802 12:21:53.849396 21632 StaAnalyze.cc:565] analyze timing path end vertex 1171 total 17728 start
I20260802 12:21:53.849445 21632 StaAnalyze.cc:599] analyze timing path end vertex 1171 total 17728 end
I20260802 12:21:53.849555 21632 StaAnalyze.cc:565] analyze timing path end vertex 1181 total 17728 start
I20260802 12:21:53.849606 21632 StaAnalyze.cc:599] analyze timing path end vertex 1181 total 17728 end
I20260802 12:21:53.849668 21632 StaAnalyze.cc:303] add path data num 2 to cpu.idu.gpr.gpr_31_7__reg_p:D
I20260802 12:21:53.849790 21632 StaAnalyze.cc:565] analyze timing path end vertex 1191 total 17728 start
I20260802 12:21:53.849846 21632 StaAnalyze.cc:599] analyze timing path end vertex 1191 total 17728 end
I20260802 12:21:53.849960 21632 StaAnalyze.cc:565] analyze timing path end vertex 1201 total 17728 start
I20260802 12:21:53.850099 21632 StaAnalyze.cc:599] analyze timing path end vertex 1201 total 17728 end
I20260802 12:21:53.850224 21632 StaAnalyze.cc:565] analyze timing path end vertex 1211 total 17728 start
I20260802 12:21:53.850274 21632 StaAnalyze.cc:599] analyze timing path end vertex 1211 total 17728 end
I20260802 12:21:53.850394 21632 StaAnalyze.cc:565] analyze timing path end vertex 1221 total 17728 start
I20260802 12:21:53.850443 21632 StaAnalyze.cc:599] analyze timing path end vertex 1221 total 17728 end
I20260802 12:21:53.850566 21632 StaAnalyze.cc:565] analyze timing path end vertex 1231 total 17728 start
I20260802 12:21:53.850615 21632 StaAnalyze.cc:599] analyze timing path end vertex 1231 total 17728 end
I20260802 12:21:53.850649 21632 StaAnalyze.cc:303] add path data num 2 to cpu.idu.gpr.gpr_4_23__reg_p:D
I20260802 12:21:53.850754 21632 StaAnalyze.cc:565] analyze timing path end vertex 1241 total 17728 start
I20260802 12:21:53.850802 21632 StaAnalyze.cc:599] analyze timing path end vertex 1241 total 17728 end
I20260802 12:21:53.850936 21632 StaAnalyze.cc:565] analyze timing path end vertex 1251 total 17728 start
I20260802 12:21:53.851001 21632 StaAnalyze.cc:599] analyze timing path end vertex 1251 total 17728 end
I20260802 12:21:53.851089 21632 StaAnalyze.cc:565] analyze timing path end vertex 1261 total 17728 start
I20260802 12:21:53.851131 21632 StaAnalyze.cc:599] analyze timing path end vertex 1261 total 17728 end
I20260802 12:21:53.851226 21632 StaAnalyze.cc:565] analyze timing path end vertex 1271 total 17728 start
I20260802 12:21:53.851271 21632 StaAnalyze.cc:599] analyze timing path end vertex 1271 total 17728 end
I20260802 12:21:53.851379 21632 StaAnalyze.cc:565] analyze timing path end vertex 1281 total 17728 start
I20260802 12:21:53.851438 21632 StaAnalyze.cc:599] analyze timing path end vertex 1281 total 17728 end
I20260802 12:21:53.851496 21632 StaAnalyze.cc:303] add path data num 2 to cpu.idu.gpr.gpr_6_10__reg_p:D
I20260802 12:21:53.851603 21632 StaAnalyze.cc:565] analyze timing path end vertex 1291 total 17728 start
I20260802 12:21:53.851653 21632 StaAnalyze.cc:599] analyze timing path end vertex 1291 total 17728 end
I20260802 12:21:53.851754 21632 StaAnalyze.cc:565] analyze timing path end vertex 1301 total 17728 start
I20260802 12:21:53.851799 21632 StaAnalyze.cc:599] analyze timing path end vertex 1301 total 17728 end
I20260802 12:21:53.851890 21632 StaAnalyze.cc:565] analyze timing path end vertex 1311 total 17728 start
I20260802 12:21:53.851935 21632 StaAnalyze.cc:599] analyze timing path end vertex 1311 total 17728 end
I20260802 12:21:53.852072 21632 StaAnalyze.cc:565] analyze timing path end vertex 1321 total 17728 start
I20260802 12:21:53.852185 21632 StaAnalyze.cc:599] analyze timing path end vertex 1321 total 17728 end
I20260802 12:21:53.852289 21632 StaAnalyze.cc:565] analyze timing path end vertex 1331 total 17728 start
I20260802 12:21:53.852344 21632 StaAnalyze.cc:599] analyze timing path end vertex 1331 total 17728 end
I20260802 12:21:53.852376 21632 StaAnalyze.cc:303] add path data num 2 to cpu.idu.gpr.gpr_7_27__reg_p:D
I20260802 12:21:53.852483 21632 StaAnalyze.cc:565] analyze timing path end vertex 1341 total 17728 start
I20260802 12:21:53.852536 21632 StaAnalyze.cc:599] analyze timing path end vertex 1341 total 17728 end
I20260802 12:21:53.852633 21632 StaAnalyze.cc:565] analyze timing path end vertex 1351 total 17728 start
I20260802 12:21:53.852682 21632 StaAnalyze.cc:599] analyze timing path end vertex 1351 total 17728 end
I20260802 12:21:53.852778 21632 StaAnalyze.cc:565] analyze timing path end vertex 1361 total 17728 start
I20260802 12:21:53.852825 21632 StaAnalyze.cc:599] analyze timing path end vertex 1361 total 17728 end
I20260802 12:21:53.852919 21632 StaAnalyze.cc:565] analyze timing path end vertex 1371 total 17728 start
I20260802 12:21:53.852974 21632 StaAnalyze.cc:599] analyze timing path end vertex 1371 total 17728 end
I20260802 12:21:53.853116 21632 StaAnalyze.cc:565] analyze timing path end vertex 1381 total 17728 start
I20260802 12:21:53.853166 21632 StaAnalyze.cc:599] analyze timing path end vertex 1381 total 17728 end
I20260802 12:21:53.853197 21632 StaAnalyze.cc:303] add path data num 2 to cpu.idu.gpr.gpr_9_14__reg_p:D
I20260802 12:21:53.853304 21632 StaAnalyze.cc:565] analyze timing path end vertex 1391 total 17728 start
I20260802 12:21:53.853356 21632 StaAnalyze.cc:599] analyze timing path end vertex 1391 total 17728 end
I20260802 12:21:53.853456 21632 StaAnalyze.cc:565] analyze timing path end vertex 1401 total 17728 start
I20260802 12:21:53.853506 21632 StaAnalyze.cc:599] analyze timing path end vertex 1401 total 17728 end
I20260802 12:21:53.853598 21632 StaAnalyze.cc:565] analyze timing path end vertex 1411 total 17728 start
I20260802 12:21:53.854259 21632 StaAnalyze.cc:599] analyze timing path end vertex 1411 total 17728 end
I20260802 12:21:53.854416 21632 StaAnalyze.cc:565] analyze timing path end vertex 1421 total 17728 start
I20260802 12:21:53.854472 21632 StaAnalyze.cc:599] analyze timing path end vertex 1421 total 17728 end
I20260802 12:21:53.854643 21632 StaAnalyze.cc:565] analyze timing path end vertex 1431 total 17728 start
I20260802 12:21:53.854698 21632 StaAnalyze.cc:599] analyze timing path end vertex 1431 total 17728 end
I20260802 12:21:53.854745 21632 StaAnalyze.cc:303] add path data num 2 to ram.mem_0_2_7__reg_p:D
I20260802 12:21:53.854888 21632 StaAnalyze.cc:565] analyze timing path end vertex 1441 total 17728 start
I20260802 12:21:53.854947 21632 StaAnalyze.cc:599] analyze timing path end vertex 1441 total 17728 end
I20260802 12:21:53.855111 21632 StaAnalyze.cc:565] analyze timing path end vertex 1451 total 17728 start
I20260802 12:21:53.855166 21632 StaAnalyze.cc:599] analyze timing path end vertex 1451 total 17728 end
I20260802 12:21:53.855288 21632 StaAnalyze.cc:565] analyze timing path end vertex 1461 total 17728 start
I20260802 12:21:53.855336 21632 StaAnalyze.cc:599] analyze timing path end vertex 1461 total 17728 end
I20260802 12:21:53.855459 21632 StaAnalyze.cc:565] analyze timing path end vertex 1471 total 17728 start
I20260802 12:21:53.855509 21632 StaAnalyze.cc:599] analyze timing path end vertex 1471 total 17728 end
I20260802 12:21:53.855633 21632 StaAnalyze.cc:565] analyze timing path end vertex 1481 total 17728 start
I20260802 12:21:53.855680 21632 StaAnalyze.cc:599] analyze timing path end vertex 1481 total 17728 end
I20260802 12:21:53.855719 21632 StaAnalyze.cc:303] add path data num 2 to ram.mem_101_1_1__reg_p:D
I20260802 12:21:53.855845 21632 StaAnalyze.cc:565] analyze timing path end vertex 1491 total 17728 start
I20260802 12:21:53.855897 21632 StaAnalyze.cc:599] analyze timing path end vertex 1491 total 17728 end
I20260802 12:21:53.856011 21632 StaAnalyze.cc:565] analyze timing path end vertex 1501 total 17728 start
I20260802 12:21:53.856069 21632 StaAnalyze.cc:599] analyze timing path end vertex 1501 total 17728 end
I20260802 12:21:53.856166 21632 StaAnalyze.cc:565] analyze timing path end vertex 1511 total 17728 start
I20260802 12:21:53.856212 21632 StaAnalyze.cc:599] analyze timing path end vertex 1511 total 17728 end
I20260802 12:21:53.856307 21632 StaAnalyze.cc:565] analyze timing path end vertex 1521 total 17728 start
I20260802 12:21:53.856352 21632 StaAnalyze.cc:599] analyze timing path end vertex 1521 total 17728 end
I20260802 12:21:53.856446 21632 StaAnalyze.cc:565] analyze timing path end vertex 1531 total 17728 start
I20260802 12:21:53.856492 21632 StaAnalyze.cc:599] analyze timing path end vertex 1531 total 17728 end
I20260802 12:21:53.856529 21632 StaAnalyze.cc:303] add path data num 2 to ram.mem_187_0_6__reg_p:D
I20260802 12:21:53.856626 21632 StaAnalyze.cc:565] analyze timing path end vertex 1541 total 17728 start
I20260802 12:21:53.856684 21632 StaAnalyze.cc:599] analyze timing path end vertex 1541 total 17728 end
I20260802 12:21:53.856779 21632 StaAnalyze.cc:565] analyze timing path end vertex 1551 total 17728 start
I20260802 12:21:53.856825 21632 StaAnalyze.cc:599] analyze timing path end vertex 1551 total 17728 end
I20260802 12:21:53.856920 21632 StaAnalyze.cc:565] analyze timing path end vertex 1561 total 17728 start
I20260802 12:21:53.856964 21632 StaAnalyze.cc:599] analyze timing path end vertex 1561 total 17728 end
I20260802 12:21:53.857327 21632 StaAnalyze.cc:565] analyze timing path end vertex 1571 total 17728 start
I20260802 12:21:53.857384 21632 StaAnalyze.cc:599] analyze timing path end vertex 1571 total 17728 end
I20260802 12:21:53.857491 21632 StaAnalyze.cc:565] analyze timing path end vertex 1581 total 17728 start
I20260802 12:21:53.857540 21632 StaAnalyze.cc:599] analyze timing path end vertex 1581 total 17728 end
I20260802 12:21:53.857584 21632 StaAnalyze.cc:303] add path data num 2 to ram.mem_188_3_0__reg_p:D
I20260802 12:21:53.857700 21632 StaAnalyze.cc:565] analyze timing path end vertex 1591 total 17728 start
I20260802 12:21:53.857754 21632 StaAnalyze.cc:599] analyze timing path end vertex 1591 total 17728 end
I20260802 12:21:53.857867 21632 StaAnalyze.cc:565] analyze timing path end vertex 1601 total 17728 start
I20260802 12:21:53.857915 21632 StaAnalyze.cc:599] analyze timing path end vertex 1601 total 17728 end
I20260802 12:21:53.858108 21632 StaAnalyze.cc:565] analyze timing path end vertex 1611 total 17728 start
I20260802 12:21:53.858163 21632 StaAnalyze.cc:599] analyze timing path end vertex 1611 total 17728 end
I20260802 12:21:53.858278 21632 StaAnalyze.cc:565] analyze timing path end vertex 1621 total 17728 start
I20260802 12:21:53.858330 21632 StaAnalyze.cc:599] analyze timing path end vertex 1621 total 17728 end
I20260802 12:21:53.858414 21632 StaAnalyze.cc:565] analyze timing path end vertex 1631 total 17728 start
I20260802 12:21:53.858458 21632 StaAnalyze.cc:599] analyze timing path end vertex 1631 total 17728 end
I20260802 12:21:53.858484 21632 StaAnalyze.cc:303] add path data num 2 to ram.mem_104_3_1__reg_p:D
I20260802 12:21:53.858546 21632 StaAnalyze.cc:565] analyze timing path end vertex 1641 total 17728 start
I20260802 12:21:53.858583 21632 StaAnalyze.cc:599] analyze timing path end vertex 1641 total 17728 end
I20260802 12:21:53.858651 21632 StaAnalyze.cc:565] analyze timing path end vertex 1651 total 17728 start
I20260802 12:21:53.858686 21632 StaAnalyze.cc:599] analyze timing path end vertex 1651 total 17728 end
I20260802 12:21:53.858747 21632 StaAnalyze.cc:565] analyze timing path end vertex 1661 total 17728 start
I20260802 12:21:53.858788 21632 StaAnalyze.cc:599] analyze timing path end vertex 1661 total 17728 end
I20260802 12:21:53.858850 21632 StaAnalyze.cc:565] analyze timing path end vertex 1671 total 17728 start
I20260802 12:21:53.858884 21632 StaAnalyze.cc:599] analyze timing path end vertex 1671 total 17728 end
I20260802 12:21:53.858951 21632 StaAnalyze.cc:565] analyze timing path end vertex 1681 total 17728 start
I20260802 12:21:53.859001 21632 StaAnalyze.cc:599] analyze timing path end vertex 1681 total 17728 end
I20260802 12:21:53.859025 21632 StaAnalyze.cc:303] add path data num 2 to ram.mem_106_1_3__reg_p:D
I20260802 12:21:53.859077 21632 StaAnalyze.cc:565] analyze timing path end vertex 1691 total 17728 start
I20260802 12:21:53.859172 21632 StaAnalyze.cc:599] analyze timing path end vertex 1691 total 17728 end
I20260802 12:21:53.859259 21632 StaAnalyze.cc:565] analyze timing path end vertex 1701 total 17728 start
I20260802 12:21:53.859328 21632 StaAnalyze.cc:599] analyze timing path end vertex 1701 total 17728 end
I20260802 12:21:53.859396 21632 StaAnalyze.cc:565] analyze timing path end vertex 1711 total 17728 start
I20260802 12:21:53.859432 21632 StaAnalyze.cc:599] analyze timing path end vertex 1711 total 17728 end
I20260802 12:21:53.859496 21632 StaAnalyze.cc:565] analyze timing path end vertex 1721 total 17728 start
I20260802 12:21:53.859536 21632 StaAnalyze.cc:599] analyze timing path end vertex 1721 total 17728 end
I20260802 12:21:53.859830 21632 StaAnalyze.cc:565] analyze timing path end vertex 1731 total 17728 start
I20260802 12:21:53.859884 21632 StaAnalyze.cc:599] analyze timing path end vertex 1731 total 17728 end
I20260802 12:21:53.859917 21632 StaAnalyze.cc:303] add path data num 2 to ram.mem_107_3_5__reg_p:D
I20260802 12:21:53.860059 21632 StaAnalyze.cc:565] analyze timing path end vertex 1741 total 17728 start
I20260802 12:21:53.860113 21632 StaAnalyze.cc:599] analyze timing path end vertex 1741 total 17728 end
I20260802 12:21:53.860231 21632 StaAnalyze.cc:565] analyze timing path end vertex 1751 total 17728 start
I20260802 12:21:53.860291 21632 StaAnalyze.cc:599] analyze timing path end vertex 1751 total 17728 end
I20260802 12:21:53.860411 21632 StaAnalyze.cc:565] analyze timing path end vertex 1761 total 17728 start
I20260802 12:21:53.860467 21632 StaAnalyze.cc:599] analyze timing path end vertex 1761 total 17728 end
I20260802 12:21:53.860594 21632 StaAnalyze.cc:565] analyze timing path end vertex 1771 total 17728 start
I20260802 12:21:53.860647 21632 StaAnalyze.cc:599] analyze timing path end vertex 1771 total 17728 end
I20260802 12:21:53.860733 21632 StaAnalyze.cc:565] analyze timing path end vertex 1781 total 17728 start
I20260802 12:21:53.860770 21632 StaAnalyze.cc:599] analyze timing path end vertex 1781 total 17728 end
I20260802 12:21:53.860838 21632 StaAnalyze.cc:303] add path data num 2 to ram.mem_109_1_7__reg_p:D
I20260802 12:21:53.860975 21632 StaAnalyze.cc:565] analyze timing path end vertex 1791 total 17728 start
I20260802 12:21:53.861047 21632 StaAnalyze.cc:599] analyze timing path end vertex 1791 total 17728 end
I20260802 12:21:53.861116 21632 StaAnalyze.cc:565] analyze timing path end vertex 1801 total 17728 start
I20260802 12:21:53.861152 21632 StaAnalyze.cc:599] analyze timing path end vertex 1801 total 17728 end
I20260802 12:21:53.861220 21632 StaAnalyze.cc:565] analyze timing path end vertex 1811 total 17728 start
I20260802 12:21:53.861256 21632 StaAnalyze.cc:599] analyze timing path end vertex 1811 total 17728 end
I20260802 12:21:53.861322 21632 StaAnalyze.cc:565] analyze timing path end vertex 1821 total 17728 start
I20260802 12:21:53.861364 21632 StaAnalyze.cc:599] analyze timing path end vertex 1821 total 17728 end
I20260802 12:21:53.861431 21632 StaAnalyze.cc:565] analyze timing path end vertex 1831 total 17728 start
I20260802 12:21:53.861467 21632 StaAnalyze.cc:599] analyze timing path end vertex 1831 total 17728 end
I20260802 12:21:53.861490 21632 StaAnalyze.cc:303] add path data num 2 to ram.mem_110_0_1__reg_p:D
I20260802 12:21:53.861547 21632 StaAnalyze.cc:565] analyze timing path end vertex 1841 total 17728 start
I20260802 12:21:53.861583 21632 StaAnalyze.cc:599] analyze timing path end vertex 1841 total 17728 end
I20260802 12:21:53.861670 21632 StaAnalyze.cc:565] analyze timing path end vertex 1851 total 17728 start
I20260802 12:21:53.861714 21632 StaAnalyze.cc:599] analyze timing path end vertex 1851 total 17728 end
I20260802 12:21:53.861781 21632 StaAnalyze.cc:565] analyze timing path end vertex 1861 total 17728 start
I20260802 12:21:53.861822 21632 StaAnalyze.cc:599] analyze timing path end vertex 1861 total 17728 end
I20260802 12:21:53.861891 21632 StaAnalyze.cc:565] analyze timing path end vertex 1871 total 17728 start
I20260802 12:21:53.861927 21632 StaAnalyze.cc:599] analyze timing path end vertex 1871 total 17728 end
I20260802 12:21:53.862391 21632 StaAnalyze.cc:565] analyze timing path end vertex 1881 total 17728 start
I20260802 12:21:53.862452 21632 StaAnalyze.cc:599] analyze timing path end vertex 1881 total 17728 end
I20260802 12:21:53.862488 21632 StaAnalyze.cc:303] add path data num 2 to ram.mem_111_2_3__reg_p:D
I20260802 12:21:53.862610 21632 StaAnalyze.cc:565] analyze timing path end vertex 1891 total 17728 start
I20260802 12:21:53.862668 21632 StaAnalyze.cc:599] analyze timing path end vertex 1891 total 17728 end
I20260802 12:21:53.862792 21632 StaAnalyze.cc:565] analyze timing path end vertex 1901 total 17728 start
I20260802 12:21:53.862843 21632 StaAnalyze.cc:599] analyze timing path end vertex 1901 total 17728 end
I20260802 12:21:53.862958 21632 StaAnalyze.cc:565] analyze timing path end vertex 1911 total 17728 start
I20260802 12:21:53.863016 21632 StaAnalyze.cc:599] analyze timing path end vertex 1911 total 17728 end
I20260802 12:21:53.863132 21632 StaAnalyze.cc:565] analyze timing path end vertex 1921 total 17728 start
I20260802 12:21:53.863185 21632 StaAnalyze.cc:599] analyze timing path end vertex 1921 total 17728 end
I20260802 12:21:53.863305 21632 StaAnalyze.cc:565] analyze timing path end vertex 1931 total 17728 start
I20260802 12:21:53.863359 21632 StaAnalyze.cc:599] analyze timing path end vertex 1931 total 17728 end
I20260802 12:21:53.863394 21632 StaAnalyze.cc:303] add path data num 2 to ram.mem_161_3_1__reg_p:D
I20260802 12:21:53.863524 21632 StaAnalyze.cc:565] analyze timing path end vertex 1941 total 17728 start
I20260802 12:21:53.863585 21632 StaAnalyze.cc:599] analyze timing path end vertex 1941 total 17728 end
I20260802 12:21:53.863688 21632 StaAnalyze.cc:565] analyze timing path end vertex 1951 total 17728 start
I20260802 12:21:53.863739 21632 StaAnalyze.cc:599] analyze timing path end vertex 1951 total 17728 end
I20260802 12:21:53.863837 21632 StaAnalyze.cc:565] analyze timing path end vertex 1961 total 17728 start
I20260802 12:21:53.863886 21632 StaAnalyze.cc:599] analyze timing path end vertex 1961 total 17728 end
I20260802 12:21:53.864051 21632 StaAnalyze.cc:565] analyze timing path end vertex 1971 total 17728 start
I20260802 12:21:53.864113 21632 StaAnalyze.cc:599] analyze timing path end vertex 1971 total 17728 end
I20260802 12:21:53.864244 21632 StaAnalyze.cc:565] analyze timing path end vertex 1981 total 17728 start
I20260802 12:21:53.864300 21632 StaAnalyze.cc:599] analyze timing path end vertex 1981 total 17728 end
I20260802 12:21:53.864331 21632 StaAnalyze.cc:303] add path data num 2 to ram.mem_163_1_3__reg_p:D
I20260802 12:21:53.864437 21632 StaAnalyze.cc:565] analyze timing path end vertex 1991 total 17728 start
I20260802 12:21:53.864493 21632 StaAnalyze.cc:599] analyze timing path end vertex 1991 total 17728 end
I20260802 12:21:53.864594 21632 StaAnalyze.cc:565] analyze timing path end vertex 2001 total 17728 start
I20260802 12:21:53.864645 21632 StaAnalyze.cc:599] analyze timing path end vertex 2001 total 17728 end
I20260802 12:21:53.864753 21632 StaAnalyze.cc:565] analyze timing path end vertex 2011 total 17728 start
I20260802 12:21:53.864810 21632 StaAnalyze.cc:599] analyze timing path end vertex 2011 total 17728 end
I20260802 12:21:53.864940 21632 StaAnalyze.cc:565] analyze timing path end vertex 2021 total 17728 start
I20260802 12:21:53.865005 21632 StaAnalyze.cc:599] analyze timing path end vertex 2021 total 17728 end
I20260802 12:21:53.865130 21632 StaAnalyze.cc:565] analyze timing path end vertex 2031 total 17728 start
I20260802 12:21:53.865190 21632 StaAnalyze.cc:599] analyze timing path end vertex 2031 total 17728 end
I20260802 12:21:53.865227 21632 StaAnalyze.cc:303] add path data num 2 to ram.mem_164_3_5__reg_p:D
I20260802 12:21:53.865549 21632 StaAnalyze.cc:565] analyze timing path end vertex 2041 total 17728 start
I20260802 12:21:53.865609 21632 StaAnalyze.cc:599] analyze timing path end vertex 2041 total 17728 end
I20260802 12:21:53.865728 21632 StaAnalyze.cc:565] analyze timing path end vertex 2051 total 17728 start
I20260802 12:21:53.865785 21632 StaAnalyze.cc:599] analyze timing path end vertex 2051 total 17728 end
I20260802 12:21:53.865907 21632 StaAnalyze.cc:565] analyze timing path end vertex 2061 total 17728 start
I20260802 12:21:53.865962 21632 StaAnalyze.cc:599] analyze timing path end vertex 2061 total 17728 end
I20260802 12:21:53.866252 21632 StaAnalyze.cc:565] analyze timing path end vertex 2071 total 17728 start
I20260802 12:21:53.866314 21632 StaAnalyze.cc:599] analyze timing path end vertex 2071 total 17728 end
I20260802 12:21:53.866444 21632 StaAnalyze.cc:565] analyze timing path end vertex 2081 total 17728 start
I20260802 12:21:53.866499 21632 StaAnalyze.cc:599] analyze timing path end vertex 2081 total 17728 end
I20260802 12:21:53.866536 21632 StaAnalyze.cc:303] add path data num 2 to ram.mem_166_1_7__reg_p:D
I20260802 12:21:53.866667 21632 StaAnalyze.cc:565] analyze timing path end vertex 2091 total 17728 start
I20260802 12:21:53.866727 21632 StaAnalyze.cc:599] analyze timing path end vertex 2091 total 17728 end
I20260802 12:21:53.866842 21632 StaAnalyze.cc:565] analyze timing path end vertex 2101 total 17728 start
I20260802 12:21:53.866901 21632 StaAnalyze.cc:599] analyze timing path end vertex 2101 total 17728 end
I20260802 12:21:53.867057 21632 StaAnalyze.cc:565] analyze timing path end vertex 2111 total 17728 start
I20260802 12:21:53.867190 21632 StaAnalyze.cc:599] analyze timing path end vertex 2111 total 17728 end
I20260802 12:21:53.867336 21632 StaAnalyze.cc:565] analyze timing path end vertex 2121 total 17728 start
I20260802 12:21:53.867395 21632 StaAnalyze.cc:599] analyze timing path end vertex 2121 total 17728 end
I20260802 12:21:53.867496 21632 StaAnalyze.cc:565] analyze timing path end vertex 2131 total 17728 start
I20260802 12:21:53.867547 21632 StaAnalyze.cc:599] analyze timing path end vertex 2131 total 17728 end
I20260802 12:21:53.867583 21632 StaAnalyze.cc:303] add path data num 2 to ram.mem_168_0_1__reg_p:D
I20260802 12:21:53.867700 21632 StaAnalyze.cc:565] analyze timing path end vertex 2141 total 17728 start
I20260802 12:21:53.867787 21632 StaAnalyze.cc:599] analyze timing path end vertex 2141 total 17728 end
I20260802 12:21:53.867894 21632 StaAnalyze.cc:565] analyze timing path end vertex 2151 total 17728 start
I20260802 12:21:53.867945 21632 StaAnalyze.cc:599] analyze timing path end vertex 2151 total 17728 end
I20260802 12:21:53.868065 21632 StaAnalyze.cc:565] analyze timing path end vertex 2161 total 17728 start
I20260802 12:21:53.868127 21632 StaAnalyze.cc:599] analyze timing path end vertex 2161 total 17728 end
I20260802 12:21:53.868232 21632 StaAnalyze.cc:565] analyze timing path end vertex 2171 total 17728 start
I20260802 12:21:53.868278 21632 StaAnalyze.cc:599] analyze timing path end vertex 2171 total 17728 end
I20260802 12:21:53.868379 21632 StaAnalyze.cc:565] analyze timing path end vertex 2181 total 17728 start
I20260802 12:21:53.868425 21632 StaAnalyze.cc:599] analyze timing path end vertex 2181 total 17728 end
I20260802 12:21:53.868456 21632 StaAnalyze.cc:303] add path data num 2 to ram.mem_169_2_3__reg_p:D
I20260802 12:21:53.868834 21632 StaAnalyze.cc:565] analyze timing path end vertex 2191 total 17728 start
I20260802 12:21:53.868887 21632 StaAnalyze.cc:599] analyze timing path end vertex 2191 total 17728 end
I20260802 12:21:53.869208 21632 StaAnalyze.cc:565] analyze timing path end vertex 2201 total 17728 start
I20260802 12:21:53.869264 21632 StaAnalyze.cc:599] analyze timing path end vertex 2201 total 17728 end
I20260802 12:21:53.869364 21632 StaAnalyze.cc:565] analyze timing path end vertex 2211 total 17728 start
I20260802 12:21:53.869410 21632 StaAnalyze.cc:599] analyze timing path end vertex 2211 total 17728 end
I20260802 12:21:53.869503 21632 StaAnalyze.cc:565] analyze timing path end vertex 2221 total 17728 start
I20260802 12:21:53.869547 21632 StaAnalyze.cc:599] analyze timing path end vertex 2221 total 17728 end
I20260802 12:21:53.869640 21632 StaAnalyze.cc:565] analyze timing path end vertex 2231 total 17728 start
I20260802 12:21:53.869683 21632 StaAnalyze.cc:599] analyze timing path end vertex 2231 total 17728 end
I20260802 12:21:53.869711 21632 StaAnalyze.cc:303] add path data num 2 to ram.mem_170_0_5__reg_p:D
I20260802 12:21:53.869812 21632 StaAnalyze.cc:565] analyze timing path end vertex 2241 total 17728 start
I20260802 12:21:53.869860 21632 StaAnalyze.cc:599] analyze timing path end vertex 2241 total 17728 end
I20260802 12:21:53.869933 21632 StaAnalyze.cc:565] analyze timing path end vertex 2251 total 17728 start
I20260802 12:21:53.870011 21632 StaAnalyze.cc:599] analyze timing path end vertex 2251 total 17728 end
I20260802 12:21:53.870116 21632 StaAnalyze.cc:565] analyze timing path end vertex 2261 total 17728 start
I20260802 12:21:53.870167 21632 StaAnalyze.cc:599] analyze timing path end vertex 2261 total 17728 end
I20260802 12:21:53.870239 21632 StaAnalyze.cc:565] analyze timing path end vertex 2271 total 17728 start
I20260802 12:21:53.870278 21632 StaAnalyze.cc:599] analyze timing path end vertex 2271 total 17728 end
I20260802 12:21:53.870348 21632 StaAnalyze.cc:565] analyze timing path end vertex 2281 total 17728 start
I20260802 12:21:53.870388 21632 StaAnalyze.cc:599] analyze timing path end vertex 2281 total 17728 end
I20260802 12:21:53.870414 21632 StaAnalyze.cc:303] add path data num 2 to ram.mem_171_2_7__reg_p:D
I20260802 12:21:53.870469 21632 StaAnalyze.cc:565] analyze timing path end vertex 2291 total 17728 start
I20260802 12:21:53.870510 21632 StaAnalyze.cc:599] analyze timing path end vertex 2291 total 17728 end
I20260802 12:21:53.870587 21632 StaAnalyze.cc:565] analyze timing path end vertex 2301 total 17728 start
I20260802 12:21:53.870633 21632 StaAnalyze.cc:599] analyze timing path end vertex 2301 total 17728 end
I20260802 12:21:53.870702 21632 StaAnalyze.cc:565] analyze timing path end vertex 2311 total 17728 start
I20260802 12:21:53.870743 21632 StaAnalyze.cc:599] analyze timing path end vertex 2311 total 17728 end
I20260802 12:21:53.870814 21632 StaAnalyze.cc:565] analyze timing path end vertex 2321 total 17728 start
I20260802 12:21:53.870854 21632 StaAnalyze.cc:599] analyze timing path end vertex 2321 total 17728 end
I20260802 12:21:53.870970 21632 StaAnalyze.cc:565] analyze timing path end vertex 2331 total 17728 start
I20260802 12:21:53.871033 21632 StaAnalyze.cc:599] analyze timing path end vertex 2331 total 17728 end
I20260802 12:21:53.871066 21632 StaAnalyze.cc:303] add path data num 2 to ram.mem_173_1_1__reg_p:D
I20260802 12:21:53.871146 21632 StaAnalyze.cc:565] analyze timing path end vertex 2341 total 17728 start
I20260802 12:21:53.871194 21632 StaAnalyze.cc:599] analyze timing path end vertex 2341 total 17728 end
I20260802 12:21:53.871392 21632 StaAnalyze.cc:565] analyze timing path end vertex 2351 total 17728 start
I20260802 12:21:53.871443 21632 StaAnalyze.cc:599] analyze timing path end vertex 2351 total 17728 end
I20260802 12:21:53.871533 21632 StaAnalyze.cc:565] analyze timing path end vertex 2361 total 17728 start
I20260802 12:21:53.871577 21632 StaAnalyze.cc:599] analyze timing path end vertex 2361 total 17728 end
I20260802 12:21:53.871855 21632 StaAnalyze.cc:565] analyze timing path end vertex 2371 total 17728 start
I20260802 12:21:53.871909 21632 StaAnalyze.cc:599] analyze timing path end vertex 2371 total 17728 end
I20260802 12:21:53.872023 21632 StaAnalyze.cc:565] analyze timing path end vertex 2381 total 17728 start
I20260802 12:21:53.872072 21632 StaAnalyze.cc:599] analyze timing path end vertex 2381 total 17728 end
I20260802 12:21:53.872107 21632 StaAnalyze.cc:303] add path data num 2 to ram.mem_174_3_3__reg_p:D
I20260802 12:21:53.872649 21632 StaAnalyze.cc:565] analyze timing path end vertex 2391 total 17728 start
I20260802 12:21:53.872701 21632 StaAnalyze.cc:599] analyze timing path end vertex 2391 total 17728 end
I20260802 12:21:53.872766 21632 StaAnalyze.cc:565] analyze timing path end vertex 2401 total 17728 start
I20260802 12:21:53.872803 21632 StaAnalyze.cc:599] analyze timing path end vertex 2401 total 17728 end
I20260802 12:21:53.873046 21632 StaAnalyze.cc:565] analyze timing path end vertex 2411 total 17728 start
I20260802 12:21:53.873097 21632 StaAnalyze.cc:599] analyze timing path end vertex 2411 total 17728 end
I20260802 12:21:53.873186 21632 StaAnalyze.cc:565] analyze timing path end vertex 2421 total 17728 start
I20260802 12:21:53.873229 21632 StaAnalyze.cc:599] analyze timing path end vertex 2421 total 17728 end
I20260802 12:21:53.873317 21632 StaAnalyze.cc:565] analyze timing path end vertex 2431 total 17728 start
I20260802 12:21:53.873358 21632 StaAnalyze.cc:599] analyze timing path end vertex 2431 total 17728 end
I20260802 12:21:53.873392 21632 StaAnalyze.cc:303] add path data num 2 to ram.mem_176_1_5__reg_p:D
I20260802 12:21:53.873481 21632 StaAnalyze.cc:565] analyze timing path end vertex 2441 total 17728 start
I20260802 12:21:53.873530 21632 StaAnalyze.cc:599] analyze timing path end vertex 2441 total 17728 end
I20260802 12:21:53.873637 21632 StaAnalyze.cc:565] analyze timing path end vertex 2451 total 17728 start
I20260802 12:21:53.873687 21632 StaAnalyze.cc:599] analyze timing path end vertex 2451 total 17728 end
I20260802 12:21:53.873765 21632 StaAnalyze.cc:565] analyze timing path end vertex 2461 total 17728 start
I20260802 12:21:53.873804 21632 StaAnalyze.cc:599] analyze timing path end vertex 2461 total 17728 end
I20260802 12:21:53.873873 21632 StaAnalyze.cc:565] analyze timing path end vertex 2471 total 17728 start
I20260802 12:21:53.873919 21632 StaAnalyze.cc:599] analyze timing path end vertex 2471 total 17728 end
I20260802 12:21:53.874142 21632 StaAnalyze.cc:565] analyze timing path end vertex 2481 total 17728 start
I20260802 12:21:53.874244 21632 StaAnalyze.cc:599] analyze timing path end vertex 2481 total 17728 end
I20260802 12:21:53.874298 21632 StaAnalyze.cc:303] add path data num 2 to ram.mem_177_3_7__reg_p:D
I20260802 12:21:53.874369 21632 StaAnalyze.cc:565] analyze timing path end vertex 2491 total 17728 start
I20260802 12:21:53.874416 21632 StaAnalyze.cc:599] analyze timing path end vertex 2491 total 17728 end
I20260802 12:21:53.874491 21632 StaAnalyze.cc:565] analyze timing path end vertex 2501 total 17728 start
I20260802 12:21:53.874554 21632 StaAnalyze.cc:599] analyze timing path end vertex 2501 total 17728 end
I20260802 12:21:53.874630 21632 StaAnalyze.cc:565] analyze timing path end vertex 2511 total 17728 start
I20260802 12:21:53.874676 21632 StaAnalyze.cc:599] analyze timing path end vertex 2511 total 17728 end
I20260802 12:21:53.874749 21632 StaAnalyze.cc:565] analyze timing path end vertex 2521 total 17728 start
I20260802 12:21:53.874792 21632 StaAnalyze.cc:599] analyze timing path end vertex 2521 total 17728 end
I20260802 12:21:53.874858 21632 StaAnalyze.cc:565] analyze timing path end vertex 2531 total 17728 start
I20260802 12:21:53.874897 21632 StaAnalyze.cc:599] analyze timing path end vertex 2531 total 17728 end
I20260802 12:21:53.874922 21632 StaAnalyze.cc:303] add path data num 2 to ram.mem_179_2_1__reg_p:D
I20260802 12:21:53.874996 21632 StaAnalyze.cc:565] analyze timing path end vertex 2541 total 17728 start
I20260802 12:21:53.875043 21632 StaAnalyze.cc:599] analyze timing path end vertex 2541 total 17728 end
I20260802 12:21:53.875115 21632 StaAnalyze.cc:565] analyze timing path end vertex 2551 total 17728 start
I20260802 12:21:53.875154 21632 StaAnalyze.cc:599] analyze timing path end vertex 2551 total 17728 end
I20260802 12:21:53.875274 21632 StaAnalyze.cc:565] analyze timing path end vertex 2561 total 17728 start
I20260802 12:21:53.875327 21632 StaAnalyze.cc:599] analyze timing path end vertex 2561 total 17728 end
I20260802 12:21:53.875396 21632 StaAnalyze.cc:565] analyze timing path end vertex 2571 total 17728 start
I20260802 12:21:53.875433 21632 StaAnalyze.cc:599] analyze timing path end vertex 2571 total 17728 end
I20260802 12:21:53.875512 21632 StaAnalyze.cc:565] analyze timing path end vertex 2581 total 17728 start
I20260802 12:21:53.875554 21632 StaAnalyze.cc:599] analyze timing path end vertex 2581 total 17728 end
I20260802 12:21:53.875582 21632 StaAnalyze.cc:303] add path data num 2 to ram.mem_180_0_3__reg_p:D
I20260802 12:21:53.875667 21632 StaAnalyze.cc:565] analyze timing path end vertex 2591 total 17728 start
I20260802 12:21:53.875712 21632 StaAnalyze.cc:599] analyze timing path end vertex 2591 total 17728 end
I20260802 12:21:53.875782 21632 StaAnalyze.cc:565] analyze timing path end vertex 2601 total 17728 start
I20260802 12:21:53.875825 21632 StaAnalyze.cc:599] analyze timing path end vertex 2601 total 17728 end
I20260802 12:21:53.875890 21632 StaAnalyze.cc:565] analyze timing path end vertex 2611 total 17728 start
I20260802 12:21:53.875928 21632 StaAnalyze.cc:599] analyze timing path end vertex 2611 total 17728 end
I20260802 12:21:53.876019 21632 StaAnalyze.cc:565] analyze timing path end vertex 2621 total 17728 start
I20260802 12:21:53.876063 21632 StaAnalyze.cc:599] analyze timing path end vertex 2621 total 17728 end
I20260802 12:21:53.876253 21632 StaAnalyze.cc:565] analyze timing path end vertex 2631 total 17728 start
I20260802 12:21:53.876303 21632 StaAnalyze.cc:599] analyze timing path end vertex 2631 total 17728 end
I20260802 12:21:53.876329 21632 StaAnalyze.cc:303] add path data num 2 to ram.mem_181_2_5__reg_p:D
I20260802 12:21:53.876390 21632 StaAnalyze.cc:565] analyze timing path end vertex 2641 total 17728 start
I20260802 12:21:53.876430 21632 StaAnalyze.cc:599] analyze timing path end vertex 2641 total 17728 end
I20260802 12:21:53.876509 21632 StaAnalyze.cc:565] analyze timing path end vertex 2651 total 17728 start
I20260802 12:21:53.876549 21632 StaAnalyze.cc:599] analyze timing path end vertex 2651 total 17728 end
I20260802 12:21:53.876626 21632 StaAnalyze.cc:565] analyze timing path end vertex 2661 total 17728 start
I20260802 12:21:53.876667 21632 StaAnalyze.cc:599] analyze timing path end vertex 2661 total 17728 end
I20260802 12:21:53.876740 21632 StaAnalyze.cc:565] analyze timing path end vertex 2671 total 17728 start
I20260802 12:21:53.876780 21632 StaAnalyze.cc:599] analyze timing path end vertex 2671 total 17728 end
I20260802 12:21:53.876847 21632 StaAnalyze.cc:565] analyze timing path end vertex 2681 total 17728 start
I20260802 12:21:53.876886 21632 StaAnalyze.cc:599] analyze timing path end vertex 2681 total 17728 end
I20260802 12:21:53.876929 21632 StaAnalyze.cc:303] add path data num 2 to ram.mem_183_0_7__reg_p:D
I20260802 12:21:53.877022 21632 StaAnalyze.cc:565] analyze timing path end vertex 2691 total 17728 start
I20260802 12:21:53.877077 21632 StaAnalyze.cc:599] analyze timing path end vertex 2691 total 17728 end
I20260802 12:21:53.877213 21632 StaAnalyze.cc:565] analyze timing path end vertex 2701 total 17728 start
I20260802 12:21:53.877259 21632 StaAnalyze.cc:599] analyze timing path end vertex 2701 total 17728 end
I20260802 12:21:53.877327 21632 StaAnalyze.cc:565] analyze timing path end vertex 2711 total 17728 start
I20260802 12:21:53.877367 21632 StaAnalyze.cc:599] analyze timing path end vertex 2711 total 17728 end
I20260802 12:21:53.877436 21632 StaAnalyze.cc:565] analyze timing path end vertex 2721 total 17728 start
I20260802 12:21:53.877475 21632 StaAnalyze.cc:599] analyze timing path end vertex 2721 total 17728 end
I20260802 12:21:53.877539 21632 StaAnalyze.cc:565] analyze timing path end vertex 2731 total 17728 start
I20260802 12:21:53.877581 21632 StaAnalyze.cc:599] analyze timing path end vertex 2731 total 17728 end
I20260802 12:21:53.877606 21632 StaAnalyze.cc:303] add path data num 2 to ram.mem_184_3_1__reg_p:D
I20260802 12:21:53.877684 21632 StaAnalyze.cc:565] analyze timing path end vertex 2741 total 17728 start
I20260802 12:21:53.877884 21632 StaAnalyze.cc:599] analyze timing path end vertex 2741 total 17728 end
I20260802 12:21:53.878041 21632 StaAnalyze.cc:565] analyze timing path end vertex 2751 total 17728 start
I20260802 12:21:53.878103 21632 StaAnalyze.cc:599] analyze timing path end vertex 2751 total 17728 end
I20260802 12:21:53.878221 21632 StaAnalyze.cc:565] analyze timing path end vertex 2761 total 17728 start
I20260802 12:21:53.878274 21632 StaAnalyze.cc:599] analyze timing path end vertex 2761 total 17728 end
I20260802 12:21:53.878494 21632 StaAnalyze.cc:565] analyze timing path end vertex 2771 total 17728 start
I20260802 12:21:53.878543 21632 StaAnalyze.cc:599] analyze timing path end vertex 2771 total 17728 end
I20260802 12:21:53.878626 21632 StaAnalyze.cc:565] analyze timing path end vertex 2781 total 17728 start
I20260802 12:21:53.879083 21632 StaAnalyze.cc:599] analyze timing path end vertex 2781 total 17728 end
I20260802 12:21:53.879140 21632 StaAnalyze.cc:303] add path data num 2 to ram.mem_186_1_3__reg_p:D
I20260802 12:21:53.879215 21632 StaAnalyze.cc:565] analyze timing path end vertex 2791 total 17728 start
I20260802 12:21:53.879261 21632 StaAnalyze.cc:599] analyze timing path end vertex 2791 total 17728 end
I20260802 12:21:53.879343 21632 StaAnalyze.cc:565] analyze timing path end vertex 2801 total 17728 start
I20260802 12:21:53.879388 21632 StaAnalyze.cc:599] analyze timing path end vertex 2801 total 17728 end
I20260802 12:21:53.879469 21632 StaAnalyze.cc:565] analyze timing path end vertex 2811 total 17728 start
I20260802 12:21:53.879514 21632 StaAnalyze.cc:599] analyze timing path end vertex 2811 total 17728 end
I20260802 12:21:53.879594 21632 StaAnalyze.cc:565] analyze timing path end vertex 2821 total 17728 start
I20260802 12:21:53.879634 21632 StaAnalyze.cc:599] analyze timing path end vertex 2821 total 17728 end
I20260802 12:21:53.879705 21632 StaAnalyze.cc:565] analyze timing path end vertex 2831 total 17728 start
I20260802 12:21:53.879745 21632 StaAnalyze.cc:599] analyze timing path end vertex 2831 total 17728 end
I20260802 12:21:53.879769 21632 StaAnalyze.cc:303] add path data num 2 to ram.mem_94_3_5__reg_p:D
I20260802 12:21:53.879856 21632 StaAnalyze.cc:565] analyze timing path end vertex 2841 total 17728 start
I20260802 12:21:53.879902 21632 StaAnalyze.cc:599] analyze timing path end vertex 2841 total 17728 end
I20260802 12:21:53.880040 21632 StaAnalyze.cc:565] analyze timing path end vertex 2851 total 17728 start
I20260802 12:21:53.880086 21632 StaAnalyze.cc:599] analyze timing path end vertex 2851 total 17728 end
I20260802 12:21:53.880158 21632 StaAnalyze.cc:565] analyze timing path end vertex 2861 total 17728 start
I20260802 12:21:53.880223 21632 StaAnalyze.cc:599] analyze timing path end vertex 2861 total 17728 end
I20260802 12:21:53.880342 21632 StaAnalyze.cc:565] analyze timing path end vertex 2871 total 17728 start
I20260802 12:21:53.880389 21632 StaAnalyze.cc:599] analyze timing path end vertex 2871 total 17728 end
I20260802 12:21:53.880462 21632 StaAnalyze.cc:565] analyze timing path end vertex 2881 total 17728 start
I20260802 12:21:53.880501 21632 StaAnalyze.cc:599] analyze timing path end vertex 2881 total 17728 end
I20260802 12:21:53.880525 21632 StaAnalyze.cc:303] add path data num 2 to ram.mem_96_1_7__reg_p:D
I20260802 12:21:53.880582 21632 StaAnalyze.cc:565] analyze timing path end vertex 2891 total 17728 start
I20260802 12:21:53.880620 21632 StaAnalyze.cc:599] analyze timing path end vertex 2891 total 17728 end
I20260802 12:21:53.880693 21632 StaAnalyze.cc:565] analyze timing path end vertex 2901 total 17728 start
I20260802 12:21:53.880739 21632 StaAnalyze.cc:599] analyze timing path end vertex 2901 total 17728 end
I20260802 12:21:53.880813 21632 StaAnalyze.cc:565] analyze timing path end vertex 2911 total 17728 start
I20260802 12:21:53.880852 21632 StaAnalyze.cc:599] analyze timing path end vertex 2911 total 17728 end
I20260802 12:21:53.880965 21632 StaAnalyze.cc:565] analyze timing path end vertex 2921 total 17728 start
I20260802 12:21:53.881026 21632 StaAnalyze.cc:599] analyze timing path end vertex 2921 total 17728 end
I20260802 12:21:53.881098 21632 StaAnalyze.cc:565] analyze timing path end vertex 2931 total 17728 start
I20260802 12:21:53.881136 21632 StaAnalyze.cc:599] analyze timing path end vertex 2931 total 17728 end
I20260802 12:21:53.881232 21632 StaAnalyze.cc:303] add path data num 2 to ram.mem_189_1_7__reg_p:D
I20260802 12:21:53.881318 21632 StaAnalyze.cc:565] analyze timing path end vertex 2941 total 17728 start
I20260802 12:21:53.881366 21632 StaAnalyze.cc:599] analyze timing path end vertex 2941 total 17728 end
I20260802 12:21:53.881449 21632 StaAnalyze.cc:565] analyze timing path end vertex 2951 total 17728 start
I20260802 12:21:53.881490 21632 StaAnalyze.cc:599] analyze timing path end vertex 2951 total 17728 end
I20260802 12:21:53.881577 21632 StaAnalyze.cc:565] analyze timing path end vertex 2961 total 17728 start
I20260802 12:21:53.881618 21632 StaAnalyze.cc:599] analyze timing path end vertex 2961 total 17728 end
I20260802 12:21:53.881698 21632 StaAnalyze.cc:565] analyze timing path end vertex 2971 total 17728 start
I20260802 12:21:53.881737 21632 StaAnalyze.cc:599] analyze timing path end vertex 2971 total 17728 end
I20260802 12:21:53.881865 21632 StaAnalyze.cc:565] analyze timing path end vertex 2981 total 17728 start
I20260802 12:21:53.881922 21632 StaAnalyze.cc:599] analyze timing path end vertex 2981 total 17728 end
I20260802 12:21:53.881948 21632 StaAnalyze.cc:303] add path data num 2 to ram.mem_190_0_1__reg_p:D
I20260802 12:21:53.882138 21632 StaAnalyze.cc:565] analyze timing path end vertex 2991 total 17728 start
I20260802 12:21:53.882185 21632 StaAnalyze.cc:599] analyze timing path end vertex 2991 total 17728 end
I20260802 12:21:53.882309 21632 StaAnalyze.cc:565] analyze timing path end vertex 3001 total 17728 start
I20260802 12:21:53.882360 21632 StaAnalyze.cc:599] analyze timing path end vertex 3001 total 17728 end
I20260802 12:21:53.882480 21632 StaAnalyze.cc:565] analyze timing path end vertex 3011 total 17728 start
I20260802 12:21:53.882530 21632 StaAnalyze.cc:599] analyze timing path end vertex 3011 total 17728 end
I20260802 12:21:53.882614 21632 StaAnalyze.cc:565] analyze timing path end vertex 3021 total 17728 start
I20260802 12:21:53.882654 21632 StaAnalyze.cc:599] analyze timing path end vertex 3021 total 17728 end
I20260802 12:21:53.882727 21632 StaAnalyze.cc:565] analyze timing path end vertex 3031 total 17728 start
I20260802 12:21:53.882773 21632 StaAnalyze.cc:599] analyze timing path end vertex 3031 total 17728 end
I20260802 12:21:53.882800 21632 StaAnalyze.cc:303] add path data num 2 to ram.mem_191_2_3__reg_p:D
I20260802 12:21:53.882856 21632 StaAnalyze.cc:565] analyze timing path end vertex 3041 total 17728 start
I20260802 12:21:53.882920 21632 StaAnalyze.cc:599] analyze timing path end vertex 3041 total 17728 end
I20260802 12:21:53.883023 21632 StaAnalyze.cc:565] analyze timing path end vertex 3051 total 17728 start
I20260802 12:21:53.883071 21632 StaAnalyze.cc:599] analyze timing path end vertex 3051 total 17728 end
I20260802 12:21:53.883241 21632 StaAnalyze.cc:565] analyze timing path end vertex 3061 total 17728 start
I20260802 12:21:53.883296 21632 StaAnalyze.cc:599] analyze timing path end vertex 3061 total 17728 end
I20260802 12:21:53.883378 21632 StaAnalyze.cc:565] analyze timing path end vertex 3071 total 17728 start
I20260802 12:21:53.883424 21632 StaAnalyze.cc:599] analyze timing path end vertex 3071 total 17728 end
I20260802 12:21:53.883500 21632 StaAnalyze.cc:565] analyze timing path end vertex 3081 total 17728 start
I20260802 12:21:53.883541 21632 StaAnalyze.cc:599] analyze timing path end vertex 3081 total 17728 end
I20260802 12:21:53.883579 21632 StaAnalyze.cc:303] add path data num 2 to ram.mem_193_0_5__reg_p:D
I20260802 12:21:53.883778 21632 StaAnalyze.cc:565] analyze timing path end vertex 3091 total 17728 start
I20260802 12:21:53.884011 21632 StaAnalyze.cc:599] analyze timing path end vertex 3091 total 17728 end
I20260802 12:21:53.884097 21632 StaAnalyze.cc:565] analyze timing path end vertex 3101 total 17728 start
I20260802 12:21:53.884140 21632 StaAnalyze.cc:599] analyze timing path end vertex 3101 total 17728 end
I20260802 12:21:53.884230 21632 StaAnalyze.cc:565] analyze timing path end vertex 3111 total 17728 start
I20260802 12:21:53.884274 21632 StaAnalyze.cc:599] analyze timing path end vertex 3111 total 17728 end
I20260802 12:21:53.884361 21632 StaAnalyze.cc:565] analyze timing path end vertex 3121 total 17728 start
I20260802 12:21:53.884402 21632 StaAnalyze.cc:599] analyze timing path end vertex 3121 total 17728 end
I20260802 12:21:53.884591 21632 StaAnalyze.cc:565] analyze timing path end vertex 3131 total 17728 start
I20260802 12:21:53.884640 21632 StaAnalyze.cc:599] analyze timing path end vertex 3131 total 17728 end
I20260802 12:21:53.884722 21632 StaAnalyze.cc:303] add path data num 2 to ram.mem_194_2_7__reg_p:D
I20260802 12:21:53.884819 21632 StaAnalyze.cc:565] analyze timing path end vertex 3141 total 17728 start
I20260802 12:21:53.884865 21632 StaAnalyze.cc:599] analyze timing path end vertex 3141 total 17728 end
I20260802 12:21:53.885190 21632 StaAnalyze.cc:565] analyze timing path end vertex 3151 total 17728 start
I20260802 12:21:53.885245 21632 StaAnalyze.cc:599] analyze timing path end vertex 3151 total 17728 end
I20260802 12:21:53.885321 21632 StaAnalyze.cc:565] analyze timing path end vertex 3161 total 17728 start
I20260802 12:21:53.885362 21632 StaAnalyze.cc:599] analyze timing path end vertex 3161 total 17728 end
I20260802 12:21:53.885434 21632 StaAnalyze.cc:565] analyze timing path end vertex 3171 total 17728 start
I20260802 12:21:53.885473 21632 StaAnalyze.cc:599] analyze timing path end vertex 3171 total 17728 end
I20260802 12:21:53.885547 21632 StaAnalyze.cc:565] analyze timing path end vertex 3181 total 17728 start
I20260802 12:21:53.885589 21632 StaAnalyze.cc:599] analyze timing path end vertex 3181 total 17728 end
I20260802 12:21:53.885622 21632 StaAnalyze.cc:303] add path data num 2 to ram.mem_196_1_1__reg_p:D
I20260802 12:21:53.885675 21632 StaAnalyze.cc:565] analyze timing path end vertex 3191 total 17728 start
I20260802 12:21:53.885720 21632 StaAnalyze.cc:599] analyze timing path end vertex 3191 total 17728 end
I20260802 12:21:53.885819 21632 StaAnalyze.cc:565] analyze timing path end vertex 3201 total 17728 start
I20260802 12:21:53.885867 21632 StaAnalyze.cc:599] analyze timing path end vertex 3201 total 17728 end
I20260802 12:21:53.886046 21632 StaAnalyze.cc:565] analyze timing path end vertex 3211 total 17728 start
I20260802 12:21:53.886098 21632 StaAnalyze.cc:599] analyze timing path end vertex 3211 total 17728 end
I20260802 12:21:53.886174 21632 StaAnalyze.cc:565] analyze timing path end vertex 3221 total 17728 start
I20260802 12:21:53.886219 21632 StaAnalyze.cc:599] analyze timing path end vertex 3221 total 17728 end
I20260802 12:21:53.886351 21632 StaAnalyze.cc:565] analyze timing path end vertex 3231 total 17728 start
I20260802 12:21:53.886401 21632 StaAnalyze.cc:599] analyze timing path end vertex 3231 total 17728 end
I20260802 12:21:53.886432 21632 StaAnalyze.cc:303] add path data num 2 to ram.mem_197_3_3__reg_p:D
I20260802 12:21:53.886621 21632 StaAnalyze.cc:565] analyze timing path end vertex 3241 total 17728 start
I20260802 12:21:53.886672 21632 StaAnalyze.cc:599] analyze timing path end vertex 3241 total 17728 end
I20260802 12:21:53.886756 21632 StaAnalyze.cc:565] analyze timing path end vertex 3251 total 17728 start
I20260802 12:21:53.886806 21632 StaAnalyze.cc:599] analyze timing path end vertex 3251 total 17728 end
I20260802 12:21:53.886886 21632 StaAnalyze.cc:565] analyze timing path end vertex 3261 total 17728 start
I20260802 12:21:53.886932 21632 StaAnalyze.cc:599] analyze timing path end vertex 3261 total 17728 end
I20260802 12:21:53.887034 21632 StaAnalyze.cc:565] analyze timing path end vertex 3271 total 17728 start
I20260802 12:21:53.887089 21632 StaAnalyze.cc:599] analyze timing path end vertex 3271 total 17728 end
I20260802 12:21:53.887209 21632 StaAnalyze.cc:565] analyze timing path end vertex 3281 total 17728 start
I20260802 12:21:53.887357 21632 StaAnalyze.cc:599] analyze timing path end vertex 3281 total 17728 end
I20260802 12:21:53.887384 21632 StaAnalyze.cc:303] add path data num 2 to ram.mem_199_1_5__reg_p:D
I20260802 12:21:53.887450 21632 StaAnalyze.cc:565] analyze timing path end vertex 3291 total 17728 start
I20260802 12:21:53.887490 21632 StaAnalyze.cc:599] analyze timing path end vertex 3291 total 17728 end
I20260802 12:21:53.887563 21632 StaAnalyze.cc:565] analyze timing path end vertex 3301 total 17728 start
I20260802 12:21:53.887603 21632 StaAnalyze.cc:599] analyze timing path end vertex 3301 total 17728 end
I20260802 12:21:53.887679 21632 StaAnalyze.cc:565] analyze timing path end vertex 3311 total 17728 start
I20260802 12:21:53.887724 21632 StaAnalyze.cc:599] analyze timing path end vertex 3311 total 17728 end
I20260802 12:21:53.887799 21632 StaAnalyze.cc:565] analyze timing path end vertex 3321 total 17728 start
I20260802 12:21:53.887840 21632 StaAnalyze.cc:599] analyze timing path end vertex 3321 total 17728 end
I20260802 12:21:53.887916 21632 StaAnalyze.cc:565] analyze timing path end vertex 3331 total 17728 start
I20260802 12:21:53.887957 21632 StaAnalyze.cc:599] analyze timing path end vertex 3331 total 17728 end
I20260802 12:21:53.888000 21632 StaAnalyze.cc:303] add path data num 2 to ram.mem_19_3_7__reg_p:D
I20260802 12:21:53.888091 21632 StaAnalyze.cc:565] analyze timing path end vertex 3341 total 17728 start
I20260802 12:21:53.888139 21632 StaAnalyze.cc:599] analyze timing path end vertex 3341 total 17728 end
I20260802 12:21:53.888252 21632 StaAnalyze.cc:565] analyze timing path end vertex 3351 total 17728 start
I20260802 12:21:53.888305 21632 StaAnalyze.cc:599] analyze timing path end vertex 3351 total 17728 end
I20260802 12:21:53.888375 21632 StaAnalyze.cc:565] analyze timing path end vertex 3361 total 17728 start
I20260802 12:21:53.888415 21632 StaAnalyze.cc:599] analyze timing path end vertex 3361 total 17728 end
I20260802 12:21:53.888489 21632 StaAnalyze.cc:565] analyze timing path end vertex 3371 total 17728 start
I20260802 12:21:53.888528 21632 StaAnalyze.cc:599] analyze timing path end vertex 3371 total 17728 end
I20260802 12:21:53.888598 21632 StaAnalyze.cc:565] analyze timing path end vertex 3381 total 17728 start
I20260802 12:21:53.888638 21632 StaAnalyze.cc:599] analyze timing path end vertex 3381 total 17728 end
I20260802 12:21:53.888667 21632 StaAnalyze.cc:303] add path data num 2 to ram.mem_200_2_1__reg_p:D
I20260802 12:21:53.888804 21632 StaAnalyze.cc:565] analyze timing path end vertex 3391 total 17728 start
I20260802 12:21:53.888854 21632 StaAnalyze.cc:599] analyze timing path end vertex 3391 total 17728 end
I20260802 12:21:53.888935 21632 StaAnalyze.cc:565] analyze timing path end vertex 3401 total 17728 start
I20260802 12:21:53.889002 21632 StaAnalyze.cc:599] analyze timing path end vertex 3401 total 17728 end
I20260802 12:21:53.889086 21632 StaAnalyze.cc:565] analyze timing path end vertex 3411 total 17728 start
I20260802 12:21:53.889127 21632 StaAnalyze.cc:599] analyze timing path end vertex 3411 total 17728 end
I20260802 12:21:53.889248 21632 StaAnalyze.cc:565] analyze timing path end vertex 3421 total 17728 start
I20260802 12:21:53.889294 21632 StaAnalyze.cc:599] analyze timing path end vertex 3421 total 17728 end
I20260802 12:21:53.889369 21632 StaAnalyze.cc:565] analyze timing path end vertex 3431 total 17728 start
I20260802 12:21:53.889413 21632 StaAnalyze.cc:599] analyze timing path end vertex 3431 total 17728 end
I20260802 12:21:53.889439 21632 StaAnalyze.cc:303] add path data num 2 to ram.mem_202_0_3__reg_p:D
I20260802 12:21:53.889540 21632 StaAnalyze.cc:565] analyze timing path end vertex 3441 total 17728 start
I20260802 12:21:53.889585 21632 StaAnalyze.cc:599] analyze timing path end vertex 3441 total 17728 end
I20260802 12:21:53.889654 21632 StaAnalyze.cc:565] analyze timing path end vertex 3451 total 17728 start
I20260802 12:21:53.889693 21632 StaAnalyze.cc:599] analyze timing path end vertex 3451 total 17728 end
I20260802 12:21:53.889762 21632 StaAnalyze.cc:565] analyze timing path end vertex 3461 total 17728 start
I20260802 12:21:53.889801 21632 StaAnalyze.cc:599] analyze timing path end vertex 3461 total 17728 end
I20260802 12:21:53.890059 21632 StaAnalyze.cc:565] analyze timing path end vertex 3471 total 17728 start
I20260802 12:21:53.890115 21632 StaAnalyze.cc:599] analyze timing path end vertex 3471 total 17728 end
I20260802 12:21:53.890188 21632 StaAnalyze.cc:565] analyze timing path end vertex 3481 total 17728 start
I20260802 12:21:53.890226 21632 StaAnalyze.cc:599] analyze timing path end vertex 3481 total 17728 end
I20260802 12:21:53.890254 21632 StaAnalyze.cc:303] add path data num 2 to rom.mem_10_9__reg_p:D
I20260802 12:21:53.890375 21632 StaAnalyze.cc:565] analyze timing path end vertex 3491 total 17728 start
I20260802 12:21:53.890422 21632 StaAnalyze.cc:599] analyze timing path end vertex 3491 total 17728 end
I20260802 12:21:53.890493 21632 StaAnalyze.cc:565] analyze timing path end vertex 3501 total 17728 start
I20260802 12:21:53.890612 21632 StaAnalyze.cc:599] analyze timing path end vertex 3501 total 17728 end
I20260802 12:21:53.890683 21632 StaAnalyze.cc:565] analyze timing path end vertex 3511 total 17728 start
I20260802 12:21:53.890726 21632 StaAnalyze.cc:599] analyze timing path end vertex 3511 total 17728 end
I20260802 12:21:53.890796 21632 StaAnalyze.cc:565] analyze timing path end vertex 3521 total 17728 start
I20260802 12:21:53.890836 21632 StaAnalyze.cc:599] analyze timing path end vertex 3521 total 17728 end
I20260802 12:21:53.890908 21632 StaAnalyze.cc:565] analyze timing path end vertex 3531 total 17728 start
I20260802 12:21:53.890945 21632 StaAnalyze.cc:599] analyze timing path end vertex 3531 total 17728 end
I20260802 12:21:53.890970 21632 StaAnalyze.cc:303] add path data num 2 to rom.mem_111_25__reg_p:D
I20260802 12:21:53.891251 21632 StaAnalyze.cc:565] analyze timing path end vertex 3541 total 17728 start
I20260802 12:21:53.891300 21632 StaAnalyze.cc:599] analyze timing path end vertex 3541 total 17728 end
I20260802 12:21:53.891378 21632 StaAnalyze.cc:565] analyze timing path end vertex 3551 total 17728 start
I20260802 12:21:53.891418 21632 StaAnalyze.cc:599] analyze timing path end vertex 3551 total 17728 end
I20260802 12:21:53.891498 21632 StaAnalyze.cc:565] analyze timing path end vertex 3561 total 17728 start
I20260802 12:21:53.891539 21632 StaAnalyze.cc:599] analyze timing path end vertex 3561 total 17728 end
I20260802 12:21:53.891656 21632 StaAnalyze.cc:565] analyze timing path end vertex 3571 total 17728 start
I20260802 12:21:53.891703 21632 StaAnalyze.cc:599] analyze timing path end vertex 3571 total 17728 end
I20260802 12:21:53.891775 21632 StaAnalyze.cc:565] analyze timing path end vertex 3581 total 17728 start
I20260802 12:21:53.891793 21632 StaAnalyze.cc:599] analyze timing path end vertex 3581 total 17728 end
I20260802 12:21:53.891824 21632 StaAnalyze.cc:303] add path data num 2 to rom.mem_113_12__reg_p:D
I20260802 12:21:53.891903 21632 StaAnalyze.cc:565] analyze timing path end vertex 3591 total 17728 start
I20260802 12:21:53.891948 21632 StaAnalyze.cc:599] analyze timing path end vertex 3591 total 17728 end
I20260802 12:21:53.892035 21632 StaAnalyze.cc:565] analyze timing path end vertex 3601 total 17728 start
I20260802 12:21:53.892081 21632 StaAnalyze.cc:599] analyze timing path end vertex 3601 total 17728 end
I20260802 12:21:53.892148 21632 StaAnalyze.cc:565] analyze timing path end vertex 3611 total 17728 start
I20260802 12:21:53.892189 21632 StaAnalyze.cc:599] analyze timing path end vertex 3611 total 17728 end
I20260802 12:21:53.892257 21632 StaAnalyze.cc:565] analyze timing path end vertex 3621 total 17728 start
I20260802 12:21:53.892294 21632 StaAnalyze.cc:599] analyze timing path end vertex 3621 total 17728 end
I20260802 12:21:53.892361 21632 StaAnalyze.cc:565] analyze timing path end vertex 3631 total 17728 start
I20260802 12:21:53.892441 21632 StaAnalyze.cc:599] analyze timing path end vertex 3631 total 17728 end
I20260802 12:21:53.892491 21632 StaAnalyze.cc:303] add path data num 2 to ram.mem_206_1_5__reg_p:D
I20260802 12:21:53.892554 21632 StaAnalyze.cc:565] analyze timing path end vertex 3641 total 17728 start
I20260802 12:21:53.892592 21632 StaAnalyze.cc:599] analyze timing path end vertex 3641 total 17728 end
I20260802 12:21:53.892660 21632 StaAnalyze.cc:565] analyze timing path end vertex 3651 total 17728 start
I20260802 12:21:53.892699 21632 StaAnalyze.cc:599] analyze timing path end vertex 3651 total 17728 end
I20260802 12:21:53.892771 21632 StaAnalyze.cc:565] analyze timing path end vertex 3661 total 17728 start
I20260802 12:21:53.892807 21632 StaAnalyze.cc:599] analyze timing path end vertex 3661 total 17728 end
I20260802 12:21:53.892879 21632 StaAnalyze.cc:565] analyze timing path end vertex 3671 total 17728 start
I20260802 12:21:53.892922 21632 StaAnalyze.cc:599] analyze timing path end vertex 3671 total 17728 end
I20260802 12:21:53.893007 21632 StaAnalyze.cc:565] analyze timing path end vertex 3681 total 17728 start
I20260802 12:21:53.893052 21632 StaAnalyze.cc:599] analyze timing path end vertex 3681 total 17728 end
I20260802 12:21:53.893076 21632 StaAnalyze.cc:303] add path data num 2 to ram.mem_207_3_7__reg_p:D
I20260802 12:21:53.893170 21632 StaAnalyze.cc:565] analyze timing path end vertex 3691 total 17728 start
I20260802 12:21:53.893211 21632 StaAnalyze.cc:599] analyze timing path end vertex 3691 total 17728 end
I20260802 12:21:53.893289 21632 StaAnalyze.cc:565] analyze timing path end vertex 3701 total 17728 start
I20260802 12:21:53.893327 21632 StaAnalyze.cc:599] analyze timing path end vertex 3701 total 17728 end
I20260802 12:21:53.893445 21632 StaAnalyze.cc:565] analyze timing path end vertex 3711 total 17728 start
I20260802 12:21:53.893491 21632 StaAnalyze.cc:599] analyze timing path end vertex 3711 total 17728 end
I20260802 12:21:53.893561 21632 StaAnalyze.cc:565] analyze timing path end vertex 3721 total 17728 start
I20260802 12:21:53.893599 21632 StaAnalyze.cc:599] analyze timing path end vertex 3721 total 17728 end
I20260802 12:21:53.893666 21632 StaAnalyze.cc:565] analyze timing path end vertex 3731 total 17728 start
I20260802 12:21:53.893705 21632 StaAnalyze.cc:599] analyze timing path end vertex 3731 total 17728 end
I20260802 12:21:53.893734 21632 StaAnalyze.cc:303] add path data num 2 to ram.mem_209_2_1__reg_p:D
I20260802 12:21:53.893810 21632 StaAnalyze.cc:565] analyze timing path end vertex 3741 total 17728 start
I20260802 12:21:53.893858 21632 StaAnalyze.cc:599] analyze timing path end vertex 3741 total 17728 end
I20260802 12:21:53.893929 21632 StaAnalyze.cc:565] analyze timing path end vertex 3751 total 17728 start
I20260802 12:21:53.893965 21632 StaAnalyze.cc:599] analyze timing path end vertex 3751 total 17728 end
I20260802 12:21:53.894167 21632 StaAnalyze.cc:565] analyze timing path end vertex 3761 total 17728 start
I20260802 12:21:53.894232 21632 StaAnalyze.cc:599] analyze timing path end vertex 3761 total 17728 end
I20260802 12:21:53.894301 21632 StaAnalyze.cc:565] analyze timing path end vertex 3771 total 17728 start
I20260802 12:21:53.894341 21632 StaAnalyze.cc:599] analyze timing path end vertex 3771 total 17728 end
I20260802 12:21:53.894460 21632 StaAnalyze.cc:565] analyze timing path end vertex 3781 total 17728 start
I20260802 12:21:53.894511 21632 StaAnalyze.cc:599] analyze timing path end vertex 3781 total 17728 end
I20260802 12:21:53.894536 21632 StaAnalyze.cc:303] add path data num 2 to ram.mem_210_0_3__reg_p:D
I20260802 12:21:53.894615 21632 StaAnalyze.cc:565] analyze timing path end vertex 3791 total 17728 start
I20260802 12:21:53.894658 21632 StaAnalyze.cc:599] analyze timing path end vertex 3791 total 17728 end
I20260802 12:21:53.894744 21632 StaAnalyze.cc:565] analyze timing path end vertex 3801 total 17728 start
I20260802 12:21:53.894788 21632 StaAnalyze.cc:599] analyze timing path end vertex 3801 total 17728 end
I20260802 12:21:53.894855 21632 StaAnalyze.cc:565] analyze timing path end vertex 3811 total 17728 start
I20260802 12:21:53.894892 21632 StaAnalyze.cc:599] analyze timing path end vertex 3811 total 17728 end
I20260802 12:21:53.894959 21632 StaAnalyze.cc:565] analyze timing path end vertex 3821 total 17728 start
I20260802 12:21:53.894997 21632 StaAnalyze.cc:599] analyze timing path end vertex 3821 total 17728 end
I20260802 12:21:53.895062 21632 StaAnalyze.cc:565] analyze timing path end vertex 3831 total 17728 start
I20260802 12:21:53.895104 21632 StaAnalyze.cc:599] analyze timing path end vertex 3831 total 17728 end
I20260802 12:21:53.895128 21632 StaAnalyze.cc:303] add path data num 2 to ram.mem_211_2_5__reg_p:D
I20260802 12:21:53.895220 21632 StaAnalyze.cc:565] analyze timing path end vertex 3841 total 17728 start
I20260802 12:21:53.895262 21632 StaAnalyze.cc:599] analyze timing path end vertex 3841 total 17728 end
I20260802 12:21:53.895378 21632 StaAnalyze.cc:565] analyze timing path end vertex 3851 total 17728 start
I20260802 12:21:53.895424 21632 StaAnalyze.cc:599] analyze timing path end vertex 3851 total 17728 end
I20260802 12:21:53.895498 21632 StaAnalyze.cc:565] analyze timing path end vertex 3861 total 17728 start
I20260802 12:21:53.895537 21632 StaAnalyze.cc:599] analyze timing path end vertex 3861 total 17728 end
I20260802 12:21:53.895601 21632 StaAnalyze.cc:565] analyze timing path end vertex 3871 total 17728 start
I20260802 12:21:53.895637 21632 StaAnalyze.cc:599] analyze timing path end vertex 3871 total 17728 end
I20260802 12:21:53.895720 21632 StaAnalyze.cc:565] analyze timing path end vertex 3881 total 17728 start
I20260802 12:21:53.895762 21632 StaAnalyze.cc:599] analyze timing path end vertex 3881 total 17728 end
I20260802 12:21:53.895792 21632 StaAnalyze.cc:303] add path data num 2 to ram.mem_213_0_7__reg_p:D
I20260802 12:21:53.895864 21632 StaAnalyze.cc:565] analyze timing path end vertex 3891 total 17728 start
I20260802 12:21:53.895912 21632 StaAnalyze.cc:599] analyze timing path end vertex 3891 total 17728 end
I20260802 12:21:53.895977 21632 StaAnalyze.cc:565] analyze timing path end vertex 3901 total 17728 start
I20260802 12:21:53.896013 21632 StaAnalyze.cc:599] analyze timing path end vertex 3901 total 17728 end
I20260802 12:21:53.896080 21632 StaAnalyze.cc:565] analyze timing path end vertex 3911 total 17728 start
I20260802 12:21:53.896116 21632 StaAnalyze.cc:599] analyze timing path end vertex 3911 total 17728 end
I20260802 12:21:53.896221 21632 StaAnalyze.cc:565] analyze timing path end vertex 3921 total 17728 start
I20260802 12:21:53.896265 21632 StaAnalyze.cc:599] analyze timing path end vertex 3921 total 17728 end
I20260802 12:21:53.896330 21632 StaAnalyze.cc:565] analyze timing path end vertex 3931 total 17728 start
I20260802 12:21:53.896366 21632 StaAnalyze.cc:599] analyze timing path end vertex 3931 total 17728 end
I20260802 12:21:53.896395 21632 StaAnalyze.cc:303] add path data num 2 to ram.mem_214_3_1__reg_p:D
I20260802 12:21:53.896468 21632 StaAnalyze.cc:565] analyze timing path end vertex 3941 total 17728 start
I20260802 12:21:53.896531 21632 StaAnalyze.cc:599] analyze timing path end vertex 3941 total 17728 end
I20260802 12:21:53.896597 21632 StaAnalyze.cc:565] analyze timing path end vertex 3951 total 17728 start
I20260802 12:21:53.896633 21632 StaAnalyze.cc:599] analyze timing path end vertex 3951 total 17728 end
I20260802 12:21:53.896696 21632 StaAnalyze.cc:565] analyze timing path end vertex 3961 total 17728 start
I20260802 12:21:53.896747 21632 StaAnalyze.cc:599] analyze timing path end vertex 3961 total 17728 end
I20260802 12:21:53.896811 21632 StaAnalyze.cc:565] analyze timing path end vertex 3971 total 17728 start
I20260802 12:21:53.896847 21632 StaAnalyze.cc:599] analyze timing path end vertex 3971 total 17728 end
I20260802 12:21:53.896911 21632 StaAnalyze.cc:565] analyze timing path end vertex 3981 total 17728 start
I20260802 12:21:53.896952 21632 StaAnalyze.cc:599] analyze timing path end vertex 3981 total 17728 end
I20260802 12:21:53.896975 21632 StaAnalyze.cc:303] add path data num 2 to ram.mem_216_1_3__reg_p:D
I20260802 12:21:53.897107 21632 StaAnalyze.cc:565] analyze timing path end vertex 3991 total 17728 start
I20260802 12:21:53.897151 21632 StaAnalyze.cc:599] analyze timing path end vertex 3991 total 17728 end
I20260802 12:21:53.897226 21632 StaAnalyze.cc:565] analyze timing path end vertex 4001 total 17728 start
I20260802 12:21:53.897264 21632 StaAnalyze.cc:599] analyze timing path end vertex 4001 total 17728 end
I20260802 12:21:53.897337 21632 StaAnalyze.cc:565] analyze timing path end vertex 4011 total 17728 start
I20260802 12:21:53.897374 21632 StaAnalyze.cc:599] analyze timing path end vertex 4011 total 17728 end
I20260802 12:21:53.897442 21632 StaAnalyze.cc:565] analyze timing path end vertex 4021 total 17728 start
I20260802 12:21:53.897478 21632 StaAnalyze.cc:599] analyze timing path end vertex 4021 total 17728 end
I20260802 12:21:53.897545 21632 StaAnalyze.cc:565] analyze timing path end vertex 4031 total 17728 start
I20260802 12:21:53.897580 21632 StaAnalyze.cc:599] analyze timing path end vertex 4031 total 17728 end
I20260802 12:21:53.897607 21632 StaAnalyze.cc:303] add path data num 2 to ram.mem_217_3_5__reg_p:D
I20260802 12:21:53.897679 21632 StaAnalyze.cc:565] analyze timing path end vertex 4041 total 17728 start
I20260802 12:21:53.897724 21632 StaAnalyze.cc:599] analyze timing path end vertex 4041 total 17728 end
I20260802 12:21:53.897789 21632 StaAnalyze.cc:565] analyze timing path end vertex 4051 total 17728 start
I20260802 12:21:53.897830 21632 StaAnalyze.cc:599] analyze timing path end vertex 4051 total 17728 end
I20260802 12:21:53.897930 21632 StaAnalyze.cc:565] analyze timing path end vertex 4061 total 17728 start
I20260802 12:21:53.897991 21632 StaAnalyze.cc:599] analyze timing path end vertex 4061 total 17728 end
I20260802 12:21:53.898074 21632 StaAnalyze.cc:565] analyze timing path end vertex 4071 total 17728 start
I20260802 12:21:53.898119 21632 StaAnalyze.cc:599] analyze timing path end vertex 4071 total 17728 end
I20260802 12:21:53.898187 21632 StaAnalyze.cc:565] analyze timing path end vertex 4081 total 17728 start
I20260802 12:21:53.898223 21632 StaAnalyze.cc:599] analyze timing path end vertex 4081 total 17728 end
I20260802 12:21:53.898252 21632 StaAnalyze.cc:303] add path data num 2 to ram.mem_219_1_7__reg_p:D
I20260802 12:21:53.898322 21632 StaAnalyze.cc:565] analyze timing path end vertex 4091 total 17728 start
I20260802 12:21:53.898370 21632 StaAnalyze.cc:599] analyze timing path end vertex 4091 total 17728 end
I20260802 12:21:53.898433 21632 StaAnalyze.cc:565] analyze timing path end vertex 4101 total 17728 start
I20260802 12:21:53.898469 21632 StaAnalyze.cc:599] analyze timing path end vertex 4101 total 17728 end
I20260802 12:21:53.898537 21632 StaAnalyze.cc:565] analyze timing path end vertex 4111 total 17728 start
I20260802 12:21:53.898573 21632 StaAnalyze.cc:599] analyze timing path end vertex 4111 total 17728 end
I20260802 12:21:53.898636 21632 StaAnalyze.cc:565] analyze timing path end vertex 4121 total 17728 start
I20260802 12:21:53.898685 21632 StaAnalyze.cc:599] analyze timing path end vertex 4121 total 17728 end
I20260802 12:21:53.898803 21632 StaAnalyze.cc:565] analyze timing path end vertex 4131 total 17728 start
I20260802 12:21:53.898846 21632 StaAnalyze.cc:599] analyze timing path end vertex 4131 total 17728 end
I20260802 12:21:53.898874 21632 StaAnalyze.cc:303] add path data num 2 to ram.mem_220_0_1__reg_p:D
I20260802 12:21:53.898945 21632 StaAnalyze.cc:565] analyze timing path end vertex 4141 total 17728 start
I20260802 12:21:53.899031 21632 StaAnalyze.cc:599] analyze timing path end vertex 4141 total 17728 end
I20260802 12:21:53.899123 21632 StaAnalyze.cc:565] analyze timing path end vertex 4151 total 17728 start
I20260802 12:21:53.899171 21632 StaAnalyze.cc:599] analyze timing path end vertex 4151 total 17728 end
I20260802 12:21:53.899240 21632 StaAnalyze.cc:565] analyze timing path end vertex 4161 total 17728 start
I20260802 12:21:53.899276 21632 StaAnalyze.cc:599] analyze timing path end vertex 4161 total 17728 end
I20260802 12:21:53.899341 21632 StaAnalyze.cc:565] analyze timing path end vertex 4171 total 17728 start
I20260802 12:21:53.899376 21632 StaAnalyze.cc:599] analyze timing path end vertex 4171 total 17728 end
I20260802 12:21:53.899441 21632 StaAnalyze.cc:565] analyze timing path end vertex 4181 total 17728 start
I20260802 12:21:53.899475 21632 StaAnalyze.cc:599] analyze timing path end vertex 4181 total 17728 end
I20260802 12:21:53.899502 21632 StaAnalyze.cc:303] add path data num 2 to ram.mem_221_2_3__reg_p:D
I20260802 12:21:53.899571 21632 StaAnalyze.cc:565] analyze timing path end vertex 4191 total 17728 start
I20260802 12:21:53.899612 21632 StaAnalyze.cc:599] analyze timing path end vertex 4191 total 17728 end
I20260802 12:21:53.899677 21632 StaAnalyze.cc:565] analyze timing path end vertex 4201 total 17728 start
I20260802 12:21:53.899765 21632 StaAnalyze.cc:599] analyze timing path end vertex 4201 total 17728 end
I20260802 12:21:53.899853 21632 StaAnalyze.cc:565] analyze timing path end vertex 4211 total 17728 start
I20260802 12:21:53.899895 21632 StaAnalyze.cc:599] analyze timing path end vertex 4211 total 17728 end
I20260802 12:21:53.899958 21632 StaAnalyze.cc:565] analyze timing path end vertex 4221 total 17728 start
I20260802 12:21:53.899994 21632 StaAnalyze.cc:599] analyze timing path end vertex 4221 total 17728 end
I20260802 12:21:53.900059 21632 StaAnalyze.cc:565] analyze timing path end vertex 4231 total 17728 start
I20260802 12:21:53.900094 21632 StaAnalyze.cc:599] analyze timing path end vertex 4231 total 17728 end
I20260802 12:21:53.900122 21632 StaAnalyze.cc:303] add path data num 2 to ram.mem_223_0_5__reg_p:D
I20260802 12:21:53.900193 21632 StaAnalyze.cc:565] analyze timing path end vertex 4241 total 17728 start
I20260802 12:21:53.900239 21632 StaAnalyze.cc:599] analyze timing path end vertex 4241 total 17728 end
I20260802 12:21:53.900298 21632 StaAnalyze.cc:565] analyze timing path end vertex 4251 total 17728 start
I20260802 12:21:53.900332 21632 StaAnalyze.cc:599] analyze timing path end vertex 4251 total 17728 end
I20260802 12:21:53.900394 21632 StaAnalyze.cc:565] analyze timing path end vertex 4261 total 17728 start
I20260802 12:21:53.900429 21632 StaAnalyze.cc:599] analyze timing path end vertex 4261 total 17728 end
I20260802 12:21:53.900494 21632 StaAnalyze.cc:565] analyze timing path end vertex 4271 total 17728 start
I20260802 12:21:53.900529 21632 StaAnalyze.cc:599] analyze timing path end vertex 4271 total 17728 end
I20260802 12:21:53.900628 21632 StaAnalyze.cc:565] analyze timing path end vertex 4281 total 17728 start
I20260802 12:21:53.900671 21632 StaAnalyze.cc:599] analyze timing path end vertex 4281 total 17728 end
I20260802 12:21:53.900697 21632 StaAnalyze.cc:303] add path data num 2 to ram.mem_224_2_7__reg_p:D
I20260802 12:21:53.900779 21632 StaAnalyze.cc:565] analyze timing path end vertex 4291 total 17728 start
I20260802 12:21:53.900856 21632 StaAnalyze.cc:599] analyze timing path end vertex 4291 total 17728 end
I20260802 12:21:53.900947 21632 StaAnalyze.cc:565] analyze timing path end vertex 4301 total 17728 start
I20260802 12:21:53.901005 21632 StaAnalyze.cc:599] analyze timing path end vertex 4301 total 17728 end
I20260802 12:21:53.901072 21632 StaAnalyze.cc:565] analyze timing path end vertex 4311 total 17728 start
I20260802 12:21:53.901105 21632 StaAnalyze.cc:599] analyze timing path end vertex 4311 total 17728 end
I20260802 12:21:53.901168 21632 StaAnalyze.cc:565] analyze timing path end vertex 4321 total 17728 start
I20260802 12:21:53.901203 21632 StaAnalyze.cc:599] analyze timing path end vertex 4321 total 17728 end
I20260802 12:21:53.901266 21632 StaAnalyze.cc:565] analyze timing path end vertex 4331 total 17728 start
I20260802 12:21:53.901300 21632 StaAnalyze.cc:599] analyze timing path end vertex 4331 total 17728 end
I20260802 12:21:53.901327 21632 StaAnalyze.cc:303] add path data num 2 to ram.mem_226_1_1__reg_p:D
I20260802 12:21:53.901396 21632 StaAnalyze.cc:565] analyze timing path end vertex 4341 total 17728 start
I20260802 12:21:53.901436 21632 StaAnalyze.cc:599] analyze timing path end vertex 4341 total 17728 end
I20260802 12:21:53.901535 21632 StaAnalyze.cc:565] analyze timing path end vertex 4351 total 17728 start
I20260802 12:21:53.901582 21632 StaAnalyze.cc:599] analyze timing path end vertex 4351 total 17728 end
I20260802 12:21:53.901646 21632 StaAnalyze.cc:565] analyze timing path end vertex 4361 total 17728 start
I20260802 12:21:53.901679 21632 StaAnalyze.cc:599] analyze timing path end vertex 4361 total 17728 end
I20260802 12:21:53.901755 21632 StaAnalyze.cc:565] analyze timing path end vertex 4371 total 17728 start
I20260802 12:21:53.901796 21632 StaAnalyze.cc:599] analyze timing path end vertex 4371 total 17728 end
I20260802 12:21:53.901857 21632 StaAnalyze.cc:565] analyze timing path end vertex 4381 total 17728 start
I20260802 12:21:53.901891 21632 StaAnalyze.cc:599] analyze timing path end vertex 4381 total 17728 end
I20260802 12:21:53.901918 21632 StaAnalyze.cc:303] add path data num 2 to ram.mem_227_3_3__reg_p:D
I20260802 12:21:53.902041 21632 StaAnalyze.cc:565] analyze timing path end vertex 4391 total 17728 start
I20260802 12:21:53.902091 21632 StaAnalyze.cc:599] analyze timing path end vertex 4391 total 17728 end
I20260802 12:21:53.902154 21632 StaAnalyze.cc:565] analyze timing path end vertex 4401 total 17728 start
I20260802 12:21:53.902187 21632 StaAnalyze.cc:599] analyze timing path end vertex 4401 total 17728 end
I20260802 12:21:53.902246 21632 StaAnalyze.cc:565] analyze timing path end vertex 4411 total 17728 start
I20260802 12:21:53.902280 21632 StaAnalyze.cc:599] analyze timing path end vertex 4411 total 17728 end
I20260802 12:21:53.902380 21632 StaAnalyze.cc:565] analyze timing path end vertex 4421 total 17728 start
I20260802 12:21:53.902422 21632 StaAnalyze.cc:599] analyze timing path end vertex 4421 total 17728 end
I20260802 12:21:53.902488 21632 StaAnalyze.cc:565] analyze timing path end vertex 4431 total 17728 start
I20260802 12:21:53.902522 21632 StaAnalyze.cc:599] analyze timing path end vertex 4431 total 17728 end
I20260802 12:21:53.902549 21632 StaAnalyze.cc:303] add path data num 2 to ram.mem_229_1_5__reg_p:D
I20260802 12:21:53.902616 21632 StaAnalyze.cc:565] analyze timing path end vertex 4441 total 17728 start
I20260802 12:21:53.902689 21632 StaAnalyze.cc:599] analyze timing path end vertex 4441 total 17728 end
I20260802 12:21:53.902786 21632 StaAnalyze.cc:565] analyze timing path end vertex 4451 total 17728 start
I20260802 12:21:53.902832 21632 StaAnalyze.cc:599] analyze timing path end vertex 4451 total 17728 end
I20260802 12:21:53.902899 21632 StaAnalyze.cc:565] analyze timing path end vertex 4461 total 17728 start
I20260802 12:21:53.902933 21632 StaAnalyze.cc:599] analyze timing path end vertex 4461 total 17728 end
I20260802 12:21:53.902997 21632 StaAnalyze.cc:565] analyze timing path end vertex 4471 total 17728 start
I20260802 12:21:53.903030 21632 StaAnalyze.cc:599] analyze timing path end vertex 4471 total 17728 end
I20260802 12:21:53.903091 21632 StaAnalyze.cc:565] analyze timing path end vertex 4481 total 17728 start
I20260802 12:21:53.903126 21632 StaAnalyze.cc:599] analyze timing path end vertex 4481 total 17728 end
I20260802 12:21:53.903200 21632 StaAnalyze.cc:303] add path data num 2 to ram.mem_22_3_7__reg_p:D
I20260802 12:21:53.903285 21632 StaAnalyze.cc:565] analyze timing path end vertex 4491 total 17728 start
I20260802 12:21:53.903323 21632 StaAnalyze.cc:599] analyze timing path end vertex 4491 total 17728 end
I20260802 12:21:53.903385 21632 StaAnalyze.cc:565] analyze timing path end vertex 4501 total 17728 start
I20260802 12:21:53.903425 21632 StaAnalyze.cc:599] analyze timing path end vertex 4501 total 17728 end
I20260802 12:21:53.903483 21632 StaAnalyze.cc:565] analyze timing path end vertex 4511 total 17728 start
I20260802 12:21:53.903517 21632 StaAnalyze.cc:599] analyze timing path end vertex 4511 total 17728 end
I20260802 12:21:53.903580 21632 StaAnalyze.cc:565] analyze timing path end vertex 4521 total 17728 start
I20260802 12:21:53.903612 21632 StaAnalyze.cc:599] analyze timing path end vertex 4521 total 17728 end
I20260802 12:21:53.903676 21632 StaAnalyze.cc:565] analyze timing path end vertex 4531 total 17728 start
I20260802 12:21:53.903718 21632 StaAnalyze.cc:599] analyze timing path end vertex 4531 total 17728 end
I20260802 12:21:53.903746 21632 StaAnalyze.cc:303] add path data num 2 to ram.mem_231_2_1__reg_p:D
I20260802 12:21:53.903813 21632 StaAnalyze.cc:565] analyze timing path end vertex 4541 total 17728 start
I20260802 12:21:53.903858 21632 StaAnalyze.cc:599] analyze timing path end vertex 4541 total 17728 end
I20260802 12:21:53.903918 21632 StaAnalyze.cc:565] analyze timing path end vertex 4551 total 17728 start
I20260802 12:21:53.903952 21632 StaAnalyze.cc:599] analyze timing path end vertex 4551 total 17728 end
I20260802 12:21:53.904114 21632 StaAnalyze.cc:565] analyze timing path end vertex 4561 total 17728 start
I20260802 12:21:53.904155 21632 StaAnalyze.cc:599] analyze timing path end vertex 4561 total 17728 end
I20260802 12:21:53.904214 21632 StaAnalyze.cc:565] analyze timing path end vertex 4571 total 17728 start
I20260802 12:21:53.904248 21632 StaAnalyze.cc:599] analyze timing path end vertex 4571 total 17728 end
I20260802 12:21:53.904311 21632 StaAnalyze.cc:565] analyze timing path end vertex 4581 total 17728 start
I20260802 12:21:53.904345 21632 StaAnalyze.cc:599] analyze timing path end vertex 4581 total 17728 end
I20260802 12:21:53.904372 21632 StaAnalyze.cc:303] add path data num 2 to ram.mem_233_0_3__reg_p:D
I20260802 12:21:53.904439 21632 StaAnalyze.cc:565] analyze timing path end vertex 4591 total 17728 start
I20260802 12:21:53.904515 21632 StaAnalyze.cc:599] analyze timing path end vertex 4591 total 17728 end
I20260802 12:21:53.904600 21632 StaAnalyze.cc:565] analyze timing path end vertex 4601 total 17728 start
I20260802 12:21:53.904646 21632 StaAnalyze.cc:599] analyze timing path end vertex 4601 total 17728 end
I20260802 12:21:53.904726 21632 StaAnalyze.cc:565] analyze timing path end vertex 4611 total 17728 start
I20260802 12:21:53.904765 21632 StaAnalyze.cc:599] analyze timing path end vertex 4611 total 17728 end
I20260802 12:21:53.904831 21632 StaAnalyze.cc:565] analyze timing path end vertex 4621 total 17728 start
I20260802 12:21:53.904865 21632 StaAnalyze.cc:599] analyze timing path end vertex 4621 total 17728 end
I20260802 12:21:53.904951 21632 StaAnalyze.cc:565] analyze timing path end vertex 4631 total 17728 start
I20260802 12:21:53.904991 21632 StaAnalyze.cc:599] analyze timing path end vertex 4631 total 17728 end
I20260802 12:21:53.905052 21632 StaAnalyze.cc:303] add path data num 2 to ram.mem_234_2_5__reg_p:D
I20260802 12:21:53.905128 21632 StaAnalyze.cc:565] analyze timing path end vertex 4641 total 17728 start
I20260802 12:21:53.905174 21632 StaAnalyze.cc:599] analyze timing path end vertex 4641 total 17728 end
I20260802 12:21:53.905236 21632 StaAnalyze.cc:565] analyze timing path end vertex 4651 total 17728 start
I20260802 12:21:53.905269 21632 StaAnalyze.cc:599] analyze timing path end vertex 4651 total 17728 end
I20260802 12:21:53.905332 21632 StaAnalyze.cc:565] analyze timing path end vertex 4661 total 17728 start
I20260802 12:21:53.905375 21632 StaAnalyze.cc:599] analyze timing path end vertex 4661 total 17728 end
I20260802 12:21:53.905439 21632 StaAnalyze.cc:565] analyze timing path end vertex 4671 total 17728 start
I20260802 12:21:53.905473 21632 StaAnalyze.cc:599] analyze timing path end vertex 4671 total 17728 end
I20260802 12:21:53.905536 21632 StaAnalyze.cc:565] analyze timing path end vertex 4681 total 17728 start
I20260802 12:21:53.905584 21632 StaAnalyze.cc:599] analyze timing path end vertex 4681 total 17728 end
I20260802 12:21:53.905613 21632 StaAnalyze.cc:303] add path data num 2 to ram.mem_236_0_7__reg_p:D
I20260802 12:21:53.905679 21632 StaAnalyze.cc:565] analyze timing path end vertex 4691 total 17728 start
I20260802 12:21:53.905726 21632 StaAnalyze.cc:599] analyze timing path end vertex 4691 total 17728 end
I20260802 12:21:53.905824 21632 StaAnalyze.cc:565] analyze timing path end vertex 4701 total 17728 start
I20260802 12:21:53.905865 21632 StaAnalyze.cc:599] analyze timing path end vertex 4701 total 17728 end
I20260802 12:21:53.905928 21632 StaAnalyze.cc:565] analyze timing path end vertex 4711 total 17728 start
I20260802 12:21:53.905962 21632 StaAnalyze.cc:599] analyze timing path end vertex 4711 total 17728 end
I20260802 12:21:53.906080 21632 StaAnalyze.cc:565] analyze timing path end vertex 4721 total 17728 start
I20260802 12:21:53.906121 21632 StaAnalyze.cc:599] analyze timing path end vertex 4721 total 17728 end
I20260802 12:21:53.906179 21632 StaAnalyze.cc:565] analyze timing path end vertex 4731 total 17728 start
I20260802 12:21:53.906219 21632 StaAnalyze.cc:599] analyze timing path end vertex 4731 total 17728 end
I20260802 12:21:53.906240 21632 StaAnalyze.cc:303] add path data num 2 to ram.mem_237_3_1__reg_p:D
I20260802 12:21:53.906335 21632 StaAnalyze.cc:565] analyze timing path end vertex 4741 total 17728 start
I20260802 12:21:53.906378 21632 StaAnalyze.cc:599] analyze timing path end vertex 4741 total 17728 end
I20260802 12:21:53.906446 21632 StaAnalyze.cc:565] analyze timing path end vertex 4751 total 17728 start
I20260802 12:21:53.906481 21632 StaAnalyze.cc:599] analyze timing path end vertex 4751 total 17728 end
I20260802 12:21:53.906545 21632 StaAnalyze.cc:565] analyze timing path end vertex 4761 total 17728 start
I20260802 12:21:53.906579 21632 StaAnalyze.cc:599] analyze timing path end vertex 4761 total 17728 end
I20260802 12:21:53.906641 21632 StaAnalyze.cc:565] analyze timing path end vertex 4771 total 17728 start
I20260802 12:21:53.906675 21632 StaAnalyze.cc:599] analyze timing path end vertex 4771 total 17728 end
I20260802 12:21:53.906778 21632 StaAnalyze.cc:565] analyze timing path end vertex 4781 total 17728 start
I20260802 12:21:53.906819 21632 StaAnalyze.cc:599] analyze timing path end vertex 4781 total 17728 end
I20260802 12:21:53.906847 21632 StaAnalyze.cc:303] add path data num 2 to ram.mem_239_1_3__reg_p:D
I20260802 12:21:53.906917 21632 StaAnalyze.cc:565] analyze timing path end vertex 4791 total 17728 start
I20260802 12:21:53.906961 21632 StaAnalyze.cc:599] analyze timing path end vertex 4791 total 17728 end
I20260802 12:21:53.907020 21632 StaAnalyze.cc:565] analyze timing path end vertex 4801 total 17728 start
I20260802 12:21:53.907053 21632 StaAnalyze.cc:599] analyze timing path end vertex 4801 total 17728 end
I20260802 12:21:53.907116 21632 StaAnalyze.cc:565] analyze timing path end vertex 4811 total 17728 start
I20260802 12:21:53.907150 21632 StaAnalyze.cc:599] analyze timing path end vertex 4811 total 17728 end
I20260802 12:21:53.907213 21632 StaAnalyze.cc:565] analyze timing path end vertex 4821 total 17728 start
I20260802 12:21:53.907246 21632 StaAnalyze.cc:599] analyze timing path end vertex 4821 total 17728 end
I20260802 12:21:53.907311 21632 StaAnalyze.cc:565] analyze timing path end vertex 4831 total 17728 start
I20260802 12:21:53.907344 21632 StaAnalyze.cc:599] analyze timing path end vertex 4831 total 17728 end
I20260802 12:21:53.907371 21632 StaAnalyze.cc:303] add path data num 2 to ram.mem_23_3_5__reg_p:D
I20260802 12:21:53.907420 21632 StaAnalyze.cc:565] analyze timing path end vertex 4841 total 17728 start
I20260802 12:21:53.907505 21632 StaAnalyze.cc:599] analyze timing path end vertex 4841 total 17728 end
I20260802 12:21:53.907588 21632 StaAnalyze.cc:565] analyze timing path end vertex 4851 total 17728 start
I20260802 12:21:53.907629 21632 StaAnalyze.cc:599] analyze timing path end vertex 4851 total 17728 end
I20260802 12:21:53.907688 21632 StaAnalyze.cc:565] analyze timing path end vertex 4861 total 17728 start
I20260802 12:21:53.907724 21632 StaAnalyze.cc:599] analyze timing path end vertex 4861 total 17728 end
I20260802 12:21:53.907789 21632 StaAnalyze.cc:565] analyze timing path end vertex 4871 total 17728 start
I20260802 12:21:53.907823 21632 StaAnalyze.cc:599] analyze timing path end vertex 4871 total 17728 end
I20260802 12:21:53.907888 21632 StaAnalyze.cc:565] analyze timing path end vertex 4881 total 17728 start
I20260802 12:21:53.907927 21632 StaAnalyze.cc:599] analyze timing path end vertex 4881 total 17728 end
I20260802 12:21:53.907950 21632 StaAnalyze.cc:303] add path data num 2 to ram.mem_241_1_7__reg_p:D
I20260802 12:21:53.908041 21632 StaAnalyze.cc:565] analyze timing path end vertex 4891 total 17728 start
I20260802 12:21:53.908083 21632 StaAnalyze.cc:599] analyze timing path end vertex 4891 total 17728 end
I20260802 12:21:53.908155 21632 StaAnalyze.cc:565] analyze timing path end vertex 4901 total 17728 start
I20260802 12:21:53.908191 21632 StaAnalyze.cc:599] analyze timing path end vertex 4901 total 17728 end
I20260802 12:21:53.908258 21632 StaAnalyze.cc:565] analyze timing path end vertex 4911 total 17728 start
I20260802 12:21:53.908291 21632 StaAnalyze.cc:599] analyze timing path end vertex 4911 total 17728 end
I20260802 12:21:53.908391 21632 StaAnalyze.cc:565] analyze timing path end vertex 4921 total 17728 start
I20260802 12:21:53.908432 21632 StaAnalyze.cc:599] analyze timing path end vertex 4921 total 17728 end
I20260802 12:21:53.908496 21632 StaAnalyze.cc:565] analyze timing path end vertex 4931 total 17728 start
I20260802 12:21:53.908530 21632 StaAnalyze.cc:599] analyze timing path end vertex 4931 total 17728 end
I20260802 12:21:53.908557 21632 StaAnalyze.cc:303] add path data num 2 to ram.mem_243_0_1__reg_p:D
I20260802 12:21:53.908628 21632 StaAnalyze.cc:565] analyze timing path end vertex 4941 total 17728 start
I20260802 12:21:53.908674 21632 StaAnalyze.cc:599] analyze timing path end vertex 4941 total 17728 end
I20260802 12:21:53.908752 21632 StaAnalyze.cc:565] analyze timing path end vertex 4951 total 17728 start
I20260802 12:21:53.908792 21632 StaAnalyze.cc:599] analyze timing path end vertex 4951 total 17728 end
I20260802 12:21:53.908854 21632 StaAnalyze.cc:565] analyze timing path end vertex 4961 total 17728 start
I20260802 12:21:53.908886 21632 StaAnalyze.cc:599] analyze timing path end vertex 4961 total 17728 end
I20260802 12:21:53.908950 21632 StaAnalyze.cc:565] analyze timing path end vertex 4971 total 17728 start
I20260802 12:21:53.908983 21632 StaAnalyze.cc:599] analyze timing path end vertex 4971 total 17728 end
I20260802 12:21:53.909046 21632 StaAnalyze.cc:565] analyze timing path end vertex 4981 total 17728 start
I20260802 12:21:53.909085 21632 StaAnalyze.cc:599] analyze timing path end vertex 4981 total 17728 end
I20260802 12:21:53.909107 21632 StaAnalyze.cc:303] add path data num 2 to ram.mem_244_2_3__reg_p:D
I20260802 12:21:53.909212 21632 StaAnalyze.cc:565] analyze timing path end vertex 4991 total 17728 start
I20260802 12:21:53.909264 21632 StaAnalyze.cc:599] analyze timing path end vertex 4991 total 17728 end
I20260802 12:21:53.909327 21632 StaAnalyze.cc:565] analyze timing path end vertex 5001 total 17728 start
I20260802 12:21:53.909364 21632 StaAnalyze.cc:599] analyze timing path end vertex 5001 total 17728 end
I20260802 12:21:53.909428 21632 StaAnalyze.cc:565] analyze timing path end vertex 5011 total 17728 start
I20260802 12:21:53.909466 21632 StaAnalyze.cc:599] analyze timing path end vertex 5011 total 17728 end
I20260802 12:21:53.909528 21632 StaAnalyze.cc:565] analyze timing path end vertex 5021 total 17728 start
I20260802 12:21:53.909571 21632 StaAnalyze.cc:599] analyze timing path end vertex 5021 total 17728 end
I20260802 12:21:53.909636 21632 StaAnalyze.cc:565] analyze timing path end vertex 5031 total 17728 start
I20260802 12:21:53.909675 21632 StaAnalyze.cc:599] analyze timing path end vertex 5031 total 17728 end
I20260802 12:21:53.909719 21632 StaAnalyze.cc:303] add path data num 2 to ram.mem_246_0_5__reg_p:D
I20260802 12:21:53.909803 21632 StaAnalyze.cc:565] analyze timing path end vertex 5041 total 17728 start
I20260802 12:21:53.909839 21632 StaAnalyze.cc:599] analyze timing path end vertex 5041 total 17728 end
I20260802 12:21:53.909907 21632 StaAnalyze.cc:565] analyze timing path end vertex 5051 total 17728 start
I20260802 12:21:53.909943 21632 StaAnalyze.cc:599] analyze timing path end vertex 5051 total 17728 end
I20260802 12:21:53.910075 21632 StaAnalyze.cc:565] analyze timing path end vertex 5061 total 17728 start
I20260802 12:21:53.910120 21632 StaAnalyze.cc:599] analyze timing path end vertex 5061 total 17728 end
I20260802 12:21:53.910185 21632 StaAnalyze.cc:565] analyze timing path end vertex 5071 total 17728 start
I20260802 12:21:53.910219 21632 StaAnalyze.cc:599] analyze timing path end vertex 5071 total 17728 end
I20260802 12:21:53.910281 21632 StaAnalyze.cc:565] analyze timing path end vertex 5081 total 17728 start
I20260802 12:21:53.910320 21632 StaAnalyze.cc:599] analyze timing path end vertex 5081 total 17728 end
I20260802 12:21:53.910342 21632 StaAnalyze.cc:303] add path data num 2 to ram.mem_247_2_7__reg_p:D
I20260802 12:21:53.910413 21632 StaAnalyze.cc:565] analyze timing path end vertex 5091 total 17728 start
I20260802 12:21:53.910455 21632 StaAnalyze.cc:599] analyze timing path end vertex 5091 total 17728 end
I20260802 12:21:53.910519 21632 StaAnalyze.cc:565] analyze timing path end vertex 5101 total 17728 start
I20260802 12:21:53.910554 21632 StaAnalyze.cc:599] analyze timing path end vertex 5101 total 17728 end
I20260802 12:21:53.910619 21632 StaAnalyze.cc:565] analyze timing path end vertex 5111 total 17728 start
I20260802 12:21:53.910655 21632 StaAnalyze.cc:599] analyze timing path end vertex 5111 total 17728 end
I20260802 12:21:53.911319 21632 StaAnalyze.cc:565] analyze timing path end vertex 5121 total 17728 start
I20260802 12:21:53.911366 21632 StaAnalyze.cc:599] analyze timing path end vertex 5121 total 17728 end
I20260802 12:21:53.911423 21632 StaAnalyze.cc:565] analyze timing path end vertex 5131 total 17728 start
I20260802 12:21:53.911458 21632 StaAnalyze.cc:599] analyze timing path end vertex 5131 total 17728 end
I20260802 12:21:53.911478 21632 StaAnalyze.cc:303] add path data num 2 to ram.mem_249_1_1__reg_p:D
I20260802 12:21:53.911540 21632 StaAnalyze.cc:565] analyze timing path end vertex 5141 total 17728 start
I20260802 12:21:53.911576 21632 StaAnalyze.cc:599] analyze timing path end vertex 5141 total 17728 end
I20260802 12:21:53.911630 21632 StaAnalyze.cc:565] analyze timing path end vertex 5151 total 17728 start
I20260802 12:21:53.911662 21632 StaAnalyze.cc:599] analyze timing path end vertex 5151 total 17728 end
I20260802 12:21:53.911731 21632 StaAnalyze.cc:565] analyze timing path end vertex 5161 total 17728 start
I20260802 12:21:53.911770 21632 StaAnalyze.cc:599] analyze timing path end vertex 5161 total 17728 end
I20260802 12:21:53.911841 21632 StaAnalyze.cc:565] analyze timing path end vertex 5171 total 17728 start
I20260802 12:21:53.911885 21632 StaAnalyze.cc:599] analyze timing path end vertex 5171 total 17728 end
I20260802 12:21:53.911952 21632 StaAnalyze.cc:565] analyze timing path end vertex 5181 total 17728 start
I20260802 12:21:53.911988 21632 StaAnalyze.cc:599] analyze timing path end vertex 5181 total 17728 end
I20260802 12:21:53.912009 21632 StaAnalyze.cc:303] add path data num 2 to ram.mem_24_3_3__reg_p:D
I20260802 12:21:53.912081 21632 StaAnalyze.cc:565] analyze timing path end vertex 5191 total 17728 start
I20260802 12:21:53.912122 21632 StaAnalyze.cc:599] analyze timing path end vertex 5191 total 17728 end
I20260802 12:21:53.912185 21632 StaAnalyze.cc:565] analyze timing path end vertex 5201 total 17728 start
I20260802 12:21:53.912233 21632 StaAnalyze.cc:599] analyze timing path end vertex 5201 total 17728 end
I20260802 12:21:53.912294 21632 StaAnalyze.cc:565] analyze timing path end vertex 5211 total 17728 start
I20260802 12:21:53.912328 21632 StaAnalyze.cc:599] analyze timing path end vertex 5211 total 17728 end
I20260802 12:21:53.912391 21632 StaAnalyze.cc:565] analyze timing path end vertex 5221 total 17728 start
I20260802 12:21:53.912463 21632 StaAnalyze.cc:599] analyze timing path end vertex 5221 total 17728 end
I20260802 12:21:53.912549 21632 StaAnalyze.cc:565] analyze timing path end vertex 5231 total 17728 start
I20260802 12:21:53.912590 21632 StaAnalyze.cc:599] analyze timing path end vertex 5231 total 17728 end
I20260802 12:21:53.912611 21632 StaAnalyze.cc:303] add path data num 2 to ram.mem_251_1_5__reg_p:D
I20260802 12:21:53.912662 21632 StaAnalyze.cc:565] analyze timing path end vertex 5241 total 17728 start
I20260802 12:21:53.912703 21632 StaAnalyze.cc:599] analyze timing path end vertex 5241 total 17728 end
I20260802 12:21:53.912765 21632 StaAnalyze.cc:565] analyze timing path end vertex 5251 total 17728 start
I20260802 12:21:53.912798 21632 StaAnalyze.cc:599] analyze timing path end vertex 5251 total 17728 end
I20260802 12:21:53.912860 21632 StaAnalyze.cc:565] analyze timing path end vertex 5261 total 17728 start
I20260802 12:21:53.912899 21632 StaAnalyze.cc:599] analyze timing path end vertex 5261 total 17728 end
I20260802 12:21:53.912961 21632 StaAnalyze.cc:565] analyze timing path end vertex 5271 total 17728 start
I20260802 12:21:53.912997 21632 StaAnalyze.cc:599] analyze timing path end vertex 5271 total 17728 end
I20260802 12:21:53.913056 21632 StaAnalyze.cc:565] analyze timing path end vertex 5281 total 17728 start
I20260802 12:21:53.913091 21632 StaAnalyze.cc:599] analyze timing path end vertex 5281 total 17728 end
I20260802 12:21:53.913113 21632 StaAnalyze.cc:303] add path data num 2 to ram.mem_252_3_7__reg_p:D
I20260802 12:21:53.913163 21632 StaAnalyze.cc:565] analyze timing path end vertex 5291 total 17728 start
I20260802 12:21:53.913197 21632 StaAnalyze.cc:599] analyze timing path end vertex 5291 total 17728 end
I20260802 12:21:53.913295 21632 StaAnalyze.cc:565] analyze timing path end vertex 5301 total 17728 start
I20260802 12:21:53.913336 21632 StaAnalyze.cc:599] analyze timing path end vertex 5301 total 17728 end
I20260802 12:21:53.913398 21632 StaAnalyze.cc:565] analyze timing path end vertex 5311 total 17728 start
I20260802 12:21:53.913460 21632 StaAnalyze.cc:599] analyze timing path end vertex 5311 total 17728 end
I20260802 12:21:53.913546 21632 StaAnalyze.cc:565] analyze timing path end vertex 5321 total 17728 start
I20260802 12:21:53.913594 21632 StaAnalyze.cc:599] analyze timing path end vertex 5321 total 17728 end
I20260802 12:21:53.913655 21632 StaAnalyze.cc:565] analyze timing path end vertex 5331 total 17728 start
I20260802 12:21:53.913702 21632 StaAnalyze.cc:599] analyze timing path end vertex 5331 total 17728 end
I20260802 12:21:53.913724 21632 StaAnalyze.cc:303] add path data num 2 to ram.mem_254_2_1__reg_p:D
I20260802 12:21:53.913774 21632 StaAnalyze.cc:565] analyze timing path end vertex 5341 total 17728 start
I20260802 12:21:53.913808 21632 StaAnalyze.cc:599] analyze timing path end vertex 5341 total 17728 end
I20260802 12:21:53.913870 21632 StaAnalyze.cc:565] analyze timing path end vertex 5351 total 17728 start
I20260802 12:21:53.913905 21632 StaAnalyze.cc:599] analyze timing path end vertex 5351 total 17728 end
I20260802 12:21:53.913968 21632 StaAnalyze.cc:565] analyze timing path end vertex 5361 total 17728 start
I20260802 12:21:53.914011 21632 StaAnalyze.cc:599] analyze timing path end vertex 5361 total 17728 end
I20260802 12:21:53.914127 21632 StaAnalyze.cc:565] analyze timing path end vertex 5371 total 17728 start
I20260802 12:21:53.914170 21632 StaAnalyze.cc:599] analyze timing path end vertex 5371 total 17728 end
I20260802 12:21:53.914247 21632 StaAnalyze.cc:565] analyze timing path end vertex 5381 total 17728 start
I20260802 12:21:53.914309 21632 StaAnalyze.cc:599] analyze timing path end vertex 5381 total 17728 end
I20260802 12:21:53.914338 21632 StaAnalyze.cc:303] add path data num 2 to ram.mem_25_0_3__reg_p:D
I20260802 12:21:53.914433 21632 StaAnalyze.cc:565] analyze timing path end vertex 5391 total 17728 start
I20260802 12:21:53.914479 21632 StaAnalyze.cc:599] analyze timing path end vertex 5391 total 17728 end
I20260802 12:21:53.914554 21632 StaAnalyze.cc:565] analyze timing path end vertex 5401 total 17728 start
I20260802 12:21:53.914600 21632 StaAnalyze.cc:599] analyze timing path end vertex 5401 total 17728 end
I20260802 12:21:53.914670 21632 StaAnalyze.cc:565] analyze timing path end vertex 5411 total 17728 start
I20260802 12:21:53.914727 21632 StaAnalyze.cc:599] analyze timing path end vertex 5411 total 17728 end
I20260802 12:21:53.914798 21632 StaAnalyze.cc:565] analyze timing path end vertex 5421 total 17728 start
I20260802 12:21:53.914834 21632 StaAnalyze.cc:599] analyze timing path end vertex 5421 total 17728 end
I20260802 12:21:53.914899 21632 StaAnalyze.cc:565] analyze timing path end vertex 5431 total 17728 start
I20260802 12:21:53.914934 21632 StaAnalyze.cc:599] analyze timing path end vertex 5431 total 17728 end
I20260802 12:21:53.915020 21632 StaAnalyze.cc:303] add path data num 2 to ram.mem_26_2_5__reg_p:D
I20260802 12:21:53.915102 21632 StaAnalyze.cc:565] analyze timing path end vertex 5441 total 17728 start
I20260802 12:21:53.915143 21632 StaAnalyze.cc:599] analyze timing path end vertex 5441 total 17728 end
I20260802 12:21:53.915230 21632 StaAnalyze.cc:565] analyze timing path end vertex 5451 total 17728 start
I20260802 12:21:53.915277 21632 StaAnalyze.cc:599] analyze timing path end vertex 5451 total 17728 end
I20260802 12:21:53.915392 21632 StaAnalyze.cc:565] analyze timing path end vertex 5461 total 17728 start
I20260802 12:21:53.915431 21632 StaAnalyze.cc:599] analyze timing path end vertex 5461 total 17728 end
I20260802 12:21:53.915505 21632 StaAnalyze.cc:565] analyze timing path end vertex 5471 total 17728 start
I20260802 12:21:53.915541 21632 StaAnalyze.cc:599] analyze timing path end vertex 5471 total 17728 end
I20260802 12:21:53.915609 21632 StaAnalyze.cc:565] analyze timing path end vertex 5481 total 17728 start
I20260802 12:21:53.915645 21632 StaAnalyze.cc:599] analyze timing path end vertex 5481 total 17728 end
I20260802 12:21:53.915668 21632 StaAnalyze.cc:303] add path data num 2 to ram.mem_28_0_7__reg_p:D
I20260802 12:21:53.915742 21632 StaAnalyze.cc:565] analyze timing path end vertex 5491 total 17728 start
I20260802 12:21:53.915786 21632 StaAnalyze.cc:599] analyze timing path end vertex 5491 total 17728 end
I20260802 12:21:53.915849 21632 StaAnalyze.cc:565] analyze timing path end vertex 5501 total 17728 start
I20260802 12:21:53.915889 21632 StaAnalyze.cc:599] analyze timing path end vertex 5501 total 17728 end
I20260802 12:21:53.915994 21632 StaAnalyze.cc:565] analyze timing path end vertex 5511 total 17728 start
I20260802 12:21:53.916036 21632 StaAnalyze.cc:599] analyze timing path end vertex 5511 total 17728 end
I20260802 12:21:53.916101 21632 StaAnalyze.cc:565] analyze timing path end vertex 5521 total 17728 start
I20260802 12:21:53.916137 21632 StaAnalyze.cc:599] analyze timing path end vertex 5521 total 17728 end
I20260802 12:21:53.916200 21632 StaAnalyze.cc:565] analyze timing path end vertex 5531 total 17728 start
I20260802 12:21:53.916235 21632 StaAnalyze.cc:599] analyze timing path end vertex 5531 total 17728 end
I20260802 12:21:53.916263 21632 StaAnalyze.cc:303] add path data num 2 to ram.mem_29_3_1__reg_p:D
I20260802 12:21:53.916337 21632 StaAnalyze.cc:565] analyze timing path end vertex 5541 total 17728 start
I20260802 12:21:53.916379 21632 StaAnalyze.cc:599] analyze timing path end vertex 5541 total 17728 end
I20260802 12:21:53.916452 21632 StaAnalyze.cc:565] analyze timing path end vertex 5551 total 17728 start
I20260802 12:21:53.916491 21632 StaAnalyze.cc:599] analyze timing path end vertex 5551 total 17728 end
I20260802 12:21:53.916554 21632 StaAnalyze.cc:565] analyze timing path end vertex 5561 total 17728 start
I20260802 12:21:53.916599 21632 StaAnalyze.cc:599] analyze timing path end vertex 5561 total 17728 end
I20260802 12:21:53.916667 21632 StaAnalyze.cc:565] analyze timing path end vertex 5571 total 17728 start
I20260802 12:21:53.916704 21632 StaAnalyze.cc:599] analyze timing path end vertex 5571 total 17728 end
I20260802 12:21:53.916810 21632 StaAnalyze.cc:565] analyze timing path end vertex 5581 total 17728 start
I20260802 12:21:53.916851 21632 StaAnalyze.cc:599] analyze timing path end vertex 5581 total 17728 end
I20260802 12:21:53.916879 21632 StaAnalyze.cc:303] add path data num 2 to ram.mem_30_1_3__reg_p:D
I20260802 12:21:53.916949 21632 StaAnalyze.cc:565] analyze timing path end vertex 5591 total 17728 start
I20260802 12:21:53.916996 21632 StaAnalyze.cc:599] analyze timing path end vertex 5591 total 17728 end
I20260802 12:21:53.917059 21632 StaAnalyze.cc:565] analyze timing path end vertex 5601 total 17728 start
I20260802 12:21:53.917094 21632 StaAnalyze.cc:599] analyze timing path end vertex 5601 total 17728 end
I20260802 12:21:53.917182 21632 StaAnalyze.cc:565] analyze timing path end vertex 5611 total 17728 start
I20260802 12:21:53.917219 21632 StaAnalyze.cc:599] analyze timing path end vertex 5611 total 17728 end
I20260802 12:21:53.917289 21632 StaAnalyze.cc:565] analyze timing path end vertex 5621 total 17728 start
I20260802 12:21:53.917323 21632 StaAnalyze.cc:599] analyze timing path end vertex 5621 total 17728 end
I20260802 12:21:53.917388 21632 StaAnalyze.cc:565] analyze timing path end vertex 5631 total 17728 start
I20260802 12:21:53.917421 21632 StaAnalyze.cc:599] analyze timing path end vertex 5631 total 17728 end
I20260802 12:21:53.917449 21632 StaAnalyze.cc:303] add path data num 2 to ram.mem_31_3_5__reg_p:D
I20260802 12:21:53.917521 21632 StaAnalyze.cc:565] analyze timing path end vertex 5641 total 17728 start
I20260802 12:21:53.917563 21632 StaAnalyze.cc:599] analyze timing path end vertex 5641 total 17728 end
I20260802 12:21:53.917663 21632 StaAnalyze.cc:565] analyze timing path end vertex 5651 total 17728 start
I20260802 12:21:53.917712 21632 StaAnalyze.cc:599] analyze timing path end vertex 5651 total 17728 end
I20260802 12:21:53.917775 21632 StaAnalyze.cc:565] analyze timing path end vertex 5661 total 17728 start
I20260802 12:21:53.917809 21632 StaAnalyze.cc:599] analyze timing path end vertex 5661 total 17728 end
I20260802 12:21:53.917876 21632 StaAnalyze.cc:565] analyze timing path end vertex 5671 total 17728 start
I20260802 12:21:53.917909 21632 StaAnalyze.cc:599] analyze timing path end vertex 5671 total 17728 end
I20260802 12:21:53.917999 21632 StaAnalyze.cc:565] analyze timing path end vertex 5681 total 17728 start
I20260802 12:21:53.918046 21632 StaAnalyze.cc:599] analyze timing path end vertex 5681 total 17728 end
I20260802 12:21:53.918073 21632 StaAnalyze.cc:303] add path data num 2 to ram.mem_33_1_7__reg_p:D
I20260802 12:21:53.918121 21632 StaAnalyze.cc:565] analyze timing path end vertex 5691 total 17728 start
I20260802 12:21:53.918159 21632 StaAnalyze.cc:599] analyze timing path end vertex 5691 total 17728 end
I20260802 12:21:53.918222 21632 StaAnalyze.cc:565] analyze timing path end vertex 5701 total 17728 start
I20260802 12:21:53.918256 21632 StaAnalyze.cc:599] analyze timing path end vertex 5701 total 17728 end
I20260802 12:21:53.918323 21632 StaAnalyze.cc:565] analyze timing path end vertex 5711 total 17728 start
I20260802 12:21:53.918357 21632 StaAnalyze.cc:599] analyze timing path end vertex 5711 total 17728 end
I20260802 12:21:53.918457 21632 StaAnalyze.cc:565] analyze timing path end vertex 5721 total 17728 start
I20260802 12:21:53.918498 21632 StaAnalyze.cc:599] analyze timing path end vertex 5721 total 17728 end
I20260802 12:21:53.918561 21632 StaAnalyze.cc:565] analyze timing path end vertex 5731 total 17728 start
I20260802 12:21:53.918601 21632 StaAnalyze.cc:599] analyze timing path end vertex 5731 total 17728 end
I20260802 12:21:53.918623 21632 StaAnalyze.cc:303] add path data num 2 to ram.mem_35_0_1__reg_p:D
I20260802 12:21:53.918715 21632 StaAnalyze.cc:565] analyze timing path end vertex 5741 total 17728 start
I20260802 12:21:53.918768 21632 StaAnalyze.cc:599] analyze timing path end vertex 5741 total 17728 end
I20260802 12:21:53.918830 21632 StaAnalyze.cc:565] analyze timing path end vertex 5751 total 17728 start
I20260802 12:21:53.918865 21632 StaAnalyze.cc:599] analyze timing path end vertex 5751 total 17728 end
I20260802 12:21:53.918949 21632 StaAnalyze.cc:565] analyze timing path end vertex 5761 total 17728 start
I20260802 12:21:53.918987 21632 StaAnalyze.cc:599] analyze timing path end vertex 5761 total 17728 end
I20260802 12:21:53.919056 21632 StaAnalyze.cc:565] analyze timing path end vertex 5771 total 17728 start
I20260802 12:21:53.919091 21632 StaAnalyze.cc:599] analyze timing path end vertex 5771 total 17728 end
I20260802 12:21:53.919157 21632 StaAnalyze.cc:565] analyze timing path end vertex 5781 total 17728 start
I20260802 12:21:53.919169 21632 StaAnalyze.cc:599] analyze timing path end vertex 5781 total 17728 end
I20260802 12:21:53.919188 21632 StaAnalyze.cc:303] add path data num 2 to ram.mem_36_2_3__reg_p:D
I20260802 12:21:53.919293 21632 StaAnalyze.cc:565] analyze timing path end vertex 5791 total 17728 start
I20260802 12:21:53.919339 21632 StaAnalyze.cc:599] analyze timing path end vertex 5791 total 17728 end
I20260802 12:21:53.919404 21632 StaAnalyze.cc:565] analyze timing path end vertex 5801 total 17728 start
I20260802 12:21:53.919438 21632 StaAnalyze.cc:599] analyze timing path end vertex 5801 total 17728 end
I20260802 12:21:53.919504 21632 StaAnalyze.cc:565] analyze timing path end vertex 5811 total 17728 start
I20260802 12:21:53.919538 21632 StaAnalyze.cc:599] analyze timing path end vertex 5811 total 17728 end
I20260802 12:21:53.919605 21632 StaAnalyze.cc:565] analyze timing path end vertex 5821 total 17728 start
I20260802 12:21:53.919641 21632 StaAnalyze.cc:599] analyze timing path end vertex 5821 total 17728 end
I20260802 12:21:53.919721 21632 StaAnalyze.cc:565] analyze timing path end vertex 5831 total 17728 start
I20260802 12:21:53.919767 21632 StaAnalyze.cc:599] analyze timing path end vertex 5831 total 17728 end
I20260802 12:21:53.919790 21632 StaAnalyze.cc:303] add path data num 2 to ram.mem_38_0_5__reg_p:D
I20260802 12:21:53.919863 21632 StaAnalyze.cc:565] analyze timing path end vertex 5841 total 17728 start
I20260802 12:21:53.919905 21632 StaAnalyze.cc:599] analyze timing path end vertex 5841 total 17728 end
I20260802 12:21:53.919967 21632 StaAnalyze.cc:565] analyze timing path end vertex 5851 total 17728 start
I20260802 12:21:53.920001 21632 StaAnalyze.cc:599] analyze timing path end vertex 5851 total 17728 end
I20260802 12:21:53.920106 21632 StaAnalyze.cc:565] analyze timing path end vertex 5861 total 17728 start
I20260802 12:21:53.920148 21632 StaAnalyze.cc:599] analyze timing path end vertex 5861 total 17728 end
I20260802 12:21:53.920212 21632 StaAnalyze.cc:565] analyze timing path end vertex 5871 total 17728 start
I20260802 12:21:53.920251 21632 StaAnalyze.cc:599] analyze timing path end vertex 5871 total 17728 end
I20260802 12:21:53.920313 21632 StaAnalyze.cc:565] analyze timing path end vertex 5881 total 17728 start
I20260802 12:21:53.920347 21632 StaAnalyze.cc:599] analyze timing path end vertex 5881 total 17728 end
I20260802 12:21:53.920369 21632 StaAnalyze.cc:303] add path data num 2 to ram.mem_39_2_7__reg_p:D
I20260802 12:21:53.920418 21632 StaAnalyze.cc:565] analyze timing path end vertex 5891 total 17728 start
I20260802 12:21:53.920452 21632 StaAnalyze.cc:599] analyze timing path end vertex 5891 total 17728 end
I20260802 12:21:53.920516 21632 StaAnalyze.cc:565] analyze timing path end vertex 5901 total 17728 start
I20260802 12:21:53.920552 21632 StaAnalyze.cc:599] analyze timing path end vertex 5901 total 17728 end
I20260802 12:21:53.920637 21632 StaAnalyze.cc:565] analyze timing path end vertex 5911 total 17728 start
I20260802 12:21:53.920675 21632 StaAnalyze.cc:599] analyze timing path end vertex 5911 total 17728 end
I20260802 12:21:53.920759 21632 StaAnalyze.cc:565] analyze timing path end vertex 5921 total 17728 start
I20260802 12:21:53.920809 21632 StaAnalyze.cc:599] analyze timing path end vertex 5921 total 17728 end
I20260802 12:21:53.920913 21632 StaAnalyze.cc:565] analyze timing path end vertex 5931 total 17728 start
I20260802 12:21:53.920959 21632 StaAnalyze.cc:599] analyze timing path end vertex 5931 total 17728 end
I20260802 12:21:53.920982 21632 StaAnalyze.cc:303] add path data num 2 to ram.mem_40_1_1__reg_p:D
I20260802 12:21:53.921057 21632 StaAnalyze.cc:565] analyze timing path end vertex 5941 total 17728 start
I20260802 12:21:53.921098 21632 StaAnalyze.cc:599] analyze timing path end vertex 5941 total 17728 end
I20260802 12:21:53.921164 21632 StaAnalyze.cc:565] analyze timing path end vertex 5951 total 17728 start
I20260802 12:21:53.921200 21632 StaAnalyze.cc:599] analyze timing path end vertex 5951 total 17728 end
I20260802 12:21:53.921264 21632 StaAnalyze.cc:565] analyze timing path end vertex 5961 total 17728 start
I20260802 12:21:53.921299 21632 StaAnalyze.cc:599] analyze timing path end vertex 5961 total 17728 end
I20260802 12:21:53.921386 21632 StaAnalyze.cc:565] analyze timing path end vertex 5971 total 17728 start
I20260802 12:21:53.921432 21632 StaAnalyze.cc:599] analyze timing path end vertex 5971 total 17728 end
I20260802 12:21:53.921494 21632 StaAnalyze.cc:565] analyze timing path end vertex 5981 total 17728 start
I20260802 12:21:53.921528 21632 StaAnalyze.cc:599] analyze timing path end vertex 5981 total 17728 end
I20260802 12:21:53.921550 21632 StaAnalyze.cc:303] add path data num 2 to ram.mem_41_3_3__reg_p:D
I20260802 12:21:53.921599 21632 StaAnalyze.cc:565] analyze timing path end vertex 5991 total 17728 start
I20260802 12:21:53.921633 21632 StaAnalyze.cc:599] analyze timing path end vertex 5991 total 17728 end
I20260802 12:21:53.921751 21632 StaAnalyze.cc:565] analyze timing path end vertex 6001 total 17728 start
I20260802 12:21:53.921792 21632 StaAnalyze.cc:599] analyze timing path end vertex 6001 total 17728 end
I20260802 12:21:53.921856 21632 StaAnalyze.cc:565] analyze timing path end vertex 6011 total 17728 start
I20260802 12:21:53.921895 21632 StaAnalyze.cc:599] analyze timing path end vertex 6011 total 17728 end
I20260802 12:21:53.921955 21632 StaAnalyze.cc:565] analyze timing path end vertex 6021 total 17728 start
I20260802 12:21:53.922019 21632 StaAnalyze.cc:599] analyze timing path end vertex 6021 total 17728 end
I20260802 12:21:53.922106 21632 StaAnalyze.cc:565] analyze timing path end vertex 6031 total 17728 start
I20260802 12:21:53.922147 21632 StaAnalyze.cc:599] analyze timing path end vertex 6031 total 17728 end
I20260802 12:21:53.922170 21632 StaAnalyze.cc:303] add path data num 2 to ram.mem_43_1_5__reg_p:D
I20260802 12:21:53.922219 21632 StaAnalyze.cc:565] analyze timing path end vertex 6041 total 17728 start
I20260802 12:21:53.922255 21632 StaAnalyze.cc:599] analyze timing path end vertex 6041 total 17728 end
I20260802 12:21:53.922317 21632 StaAnalyze.cc:565] analyze timing path end vertex 6051 total 17728 start
I20260802 12:21:53.922351 21632 StaAnalyze.cc:599] analyze timing path end vertex 6051 total 17728 end
I20260802 12:21:53.922438 21632 StaAnalyze.cc:565] analyze timing path end vertex 6061 total 17728 start
I20260802 12:21:53.922480 21632 StaAnalyze.cc:599] analyze timing path end vertex 6061 total 17728 end
I20260802 12:21:53.922541 21632 StaAnalyze.cc:565] analyze timing path end vertex 6071 total 17728 start
I20260802 12:21:53.922616 21632 StaAnalyze.cc:599] analyze timing path end vertex 6071 total 17728 end
I20260802 12:21:53.922714 21632 StaAnalyze.cc:565] analyze timing path end vertex 6081 total 17728 start
I20260802 12:21:53.922758 21632 StaAnalyze.cc:599] analyze timing path end vertex 6081 total 17728 end
I20260802 12:21:53.922816 21632 StaAnalyze.cc:303] add path data num 2 to ram.mem_44_3_7__reg_p:D
I20260802 12:21:53.922878 21632 StaAnalyze.cc:565] analyze timing path end vertex 6091 total 17728 start
I20260802 12:21:53.922914 21632 StaAnalyze.cc:599] analyze timing path end vertex 6091 total 17728 end
I20260802 12:21:53.922981 21632 StaAnalyze.cc:565] analyze timing path end vertex 6101 total 17728 start
I20260802 12:21:53.923027 21632 StaAnalyze.cc:599] analyze timing path end vertex 6101 total 17728 end
I20260802 12:21:53.923091 21632 StaAnalyze.cc:565] analyze timing path end vertex 6111 total 17728 start
I20260802 12:21:53.923130 21632 StaAnalyze.cc:599] analyze timing path end vertex 6111 total 17728 end
I20260802 12:21:53.923194 21632 StaAnalyze.cc:565] analyze timing path end vertex 6121 total 17728 start
I20260802 12:21:53.923230 21632 StaAnalyze.cc:599] analyze timing path end vertex 6121 total 17728 end
I20260802 12:21:53.923292 21632 StaAnalyze.cc:565] analyze timing path end vertex 6131 total 17728 start
I20260802 12:21:53.923327 21632 StaAnalyze.cc:599] analyze timing path end vertex 6131 total 17728 end
I20260802 12:21:53.923349 21632 StaAnalyze.cc:303] add path data num 2 to ram.mem_46_2_1__reg_p:D
I20260802 12:21:53.923435 21632 StaAnalyze.cc:565] analyze timing path end vertex 6141 total 17728 start
I20260802 12:21:53.923477 21632 StaAnalyze.cc:599] analyze timing path end vertex 6141 total 17728 end
I20260802 12:21:53.923542 21632 StaAnalyze.cc:565] analyze timing path end vertex 6151 total 17728 start
I20260802 12:21:53.923581 21632 StaAnalyze.cc:599] analyze timing path end vertex 6151 total 17728 end
I20260802 12:21:53.923647 21632 StaAnalyze.cc:565] analyze timing path end vertex 6161 total 17728 start
I20260802 12:21:53.923681 21632 StaAnalyze.cc:599] analyze timing path end vertex 6161 total 17728 end
I20260802 12:21:53.923760 21632 StaAnalyze.cc:565] analyze timing path end vertex 6171 total 17728 start
I20260802 12:21:53.923795 21632 StaAnalyze.cc:599] analyze timing path end vertex 6171 total 17728 end
I20260802 12:21:53.923858 21632 StaAnalyze.cc:565] analyze timing path end vertex 6181 total 17728 start
I20260802 12:21:53.923892 21632 StaAnalyze.cc:599] analyze timing path end vertex 6181 total 17728 end
I20260802 12:21:53.923919 21632 StaAnalyze.cc:303] add path data num 2 to ram.mem_48_0_3__reg_p:D
I20260802 12:21:53.923991 21632 StaAnalyze.cc:565] analyze timing path end vertex 6191 total 17728 start
I20260802 12:21:53.924032 21632 StaAnalyze.cc:599] analyze timing path end vertex 6191 total 17728 end
I20260802 12:21:53.924094 21632 StaAnalyze.cc:565] analyze timing path end vertex 6201 total 17728 start
I20260802 12:21:53.924134 21632 StaAnalyze.cc:599] analyze timing path end vertex 6201 total 17728 end
I20260802 12:21:53.924253 21632 StaAnalyze.cc:565] analyze timing path end vertex 6211 total 17728 start
I20260802 12:21:53.924295 21632 StaAnalyze.cc:599] analyze timing path end vertex 6211 total 17728 end
I20260802 12:21:53.924358 21632 StaAnalyze.cc:565] analyze timing path end vertex 6221 total 17728 start
I20260802 12:21:53.924392 21632 StaAnalyze.cc:599] analyze timing path end vertex 6221 total 17728 end
I20260802 12:21:53.924458 21632 StaAnalyze.cc:565] analyze timing path end vertex 6231 total 17728 start
I20260802 12:21:53.924494 21632 StaAnalyze.cc:599] analyze timing path end vertex 6231 total 17728 end
I20260802 12:21:53.924520 21632 StaAnalyze.cc:303] add path data num 2 to ram.mem_49_2_5__reg_p:D
I20260802 12:21:53.924590 21632 StaAnalyze.cc:565] analyze timing path end vertex 6241 total 17728 start
I20260802 12:21:53.924631 21632 StaAnalyze.cc:599] analyze timing path end vertex 6241 total 17728 end
I20260802 12:21:53.924707 21632 StaAnalyze.cc:565] analyze timing path end vertex 6251 total 17728 start
I20260802 12:21:53.924763 21632 StaAnalyze.cc:599] analyze timing path end vertex 6251 total 17728 end
I20260802 12:21:53.924882 21632 StaAnalyze.cc:565] analyze timing path end vertex 6261 total 17728 start
I20260802 12:21:53.924927 21632 StaAnalyze.cc:599] analyze timing path end vertex 6261 total 17728 end
I20260802 12:21:53.924997 21632 StaAnalyze.cc:565] analyze timing path end vertex 6271 total 17728 start
I20260802 12:21:53.925032 21632 StaAnalyze.cc:599] analyze timing path end vertex 6271 total 17728 end
I20260802 12:21:53.925100 21632 StaAnalyze.cc:565] analyze timing path end vertex 6281 total 17728 start
I20260802 12:21:53.925179 21632 StaAnalyze.cc:599] analyze timing path end vertex 6281 total 17728 end
I20260802 12:21:53.925208 21632 StaAnalyze.cc:303] add path data num 2 to ram.mem_50_0_7__reg_p:D
I20260802 12:21:53.925280 21632 StaAnalyze.cc:565] analyze timing path end vertex 6291 total 17728 start
I20260802 12:21:53.925325 21632 StaAnalyze.cc:599] analyze timing path end vertex 6291 total 17728 end
I20260802 12:21:53.925386 21632 StaAnalyze.cc:565] analyze timing path end vertex 6301 total 17728 start
I20260802 12:21:53.925420 21632 StaAnalyze.cc:599] analyze timing path end vertex 6301 total 17728 end
I20260802 12:21:53.925483 21632 StaAnalyze.cc:565] analyze timing path end vertex 6311 total 17728 start
I20260802 12:21:53.925518 21632 StaAnalyze.cc:599] analyze timing path end vertex 6311 total 17728 end
I20260802 12:21:53.925582 21632 StaAnalyze.cc:565] analyze timing path end vertex 6321 total 17728 start
I20260802 12:21:53.925616 21632 StaAnalyze.cc:599] analyze timing path end vertex 6321 total 17728 end
I20260802 12:21:53.925678 21632 StaAnalyze.cc:565] analyze timing path end vertex 6331 total 17728 start
I20260802 12:21:53.925722 21632 StaAnalyze.cc:599] analyze timing path end vertex 6331 total 17728 end
I20260802 12:21:53.925750 21632 StaAnalyze.cc:303] add path data num 2 to ram.mem_51_3_1__reg_p:D
I20260802 12:21:53.925799 21632 StaAnalyze.cc:565] analyze timing path end vertex 6341 total 17728 start
I20260802 12:21:53.925838 21632 StaAnalyze.cc:599] analyze timing path end vertex 6341 total 17728 end
I20260802 12:21:53.925935 21632 StaAnalyze.cc:565] analyze timing path end vertex 6351 total 17728 start
I20260802 12:21:53.926015 21632 StaAnalyze.cc:599] analyze timing path end vertex 6351 total 17728 end
I20260802 12:21:53.926141 21632 StaAnalyze.cc:565] analyze timing path end vertex 6361 total 17728 start
I20260802 12:21:53.926183 21632 StaAnalyze.cc:599] analyze timing path end vertex 6361 total 17728 end
I20260802 12:21:53.926247 21632 StaAnalyze.cc:565] analyze timing path end vertex 6371 total 17728 start
I20260802 12:21:53.926282 21632 StaAnalyze.cc:599] analyze timing path end vertex 6371 total 17728 end
I20260802 12:21:53.926368 21632 StaAnalyze.cc:565] analyze timing path end vertex 6381 total 17728 start
I20260802 12:21:53.926410 21632 StaAnalyze.cc:599] analyze timing path end vertex 6381 total 17728 end
I20260802 12:21:53.926437 21632 StaAnalyze.cc:303] add path data num 2 to ram.mem_53_1_3__reg_p:D
I20260802 12:21:53.926507 21632 StaAnalyze.cc:565] analyze timing path end vertex 6391 total 17728 start
I20260802 12:21:53.926553 21632 StaAnalyze.cc:599] analyze timing path end vertex 6391 total 17728 end
I20260802 12:21:53.926612 21632 StaAnalyze.cc:565] analyze timing path end vertex 6401 total 17728 start
I20260802 12:21:53.926646 21632 StaAnalyze.cc:599] analyze timing path end vertex 6401 total 17728 end
I20260802 12:21:53.926729 21632 StaAnalyze.cc:565] analyze timing path end vertex 6411 total 17728 start
I20260802 12:21:53.926770 21632 StaAnalyze.cc:599] analyze timing path end vertex 6411 total 17728 end
I20260802 12:21:53.926836 21632 StaAnalyze.cc:565] analyze timing path end vertex 6421 total 17728 start
I20260802 12:21:53.926870 21632 StaAnalyze.cc:599] analyze timing path end vertex 6421 total 17728 end
I20260802 12:21:53.926977 21632 StaAnalyze.cc:565] analyze timing path end vertex 6431 total 17728 start
I20260802 12:21:53.927024 21632 StaAnalyze.cc:599] analyze timing path end vertex 6431 total 17728 end
I20260802 12:21:53.927047 21632 StaAnalyze.cc:303] add path data num 2 to ram.mem_54_3_5__reg_p:D
I20260802 12:21:53.927119 21632 StaAnalyze.cc:565] analyze timing path end vertex 6441 total 17728 start
I20260802 12:21:53.927160 21632 StaAnalyze.cc:599] analyze timing path end vertex 6441 total 17728 end
I20260802 12:21:53.927225 21632 StaAnalyze.cc:565] analyze timing path end vertex 6451 total 17728 start
I20260802 12:21:53.927238 21632 StaAnalyze.cc:599] analyze timing path end vertex 6451 total 17728 end
I20260802 12:21:53.927291 21632 StaAnalyze.cc:565] analyze timing path end vertex 6461 total 17728 start
I20260802 12:21:53.927340 21632 StaAnalyze.cc:599] analyze timing path end vertex 6461 total 17728 end
I20260802 12:21:53.927407 21632 StaAnalyze.cc:565] analyze timing path end vertex 6471 total 17728 start
I20260802 12:21:53.927441 21632 StaAnalyze.cc:599] analyze timing path end vertex 6471 total 17728 end
I20260802 12:21:53.927506 21632 StaAnalyze.cc:565] analyze timing path end vertex 6481 total 17728 start
I20260802 12:21:53.927546 21632 StaAnalyze.cc:599] analyze timing path end vertex 6481 total 17728 end
I20260802 12:21:53.927570 21632 StaAnalyze.cc:303] add path data num 2 to ram.mem_56_1_7__reg_p:D
I20260802 12:21:53.927675 21632 StaAnalyze.cc:565] analyze timing path end vertex 6491 total 17728 start
I20260802 12:21:53.927727 21632 StaAnalyze.cc:599] analyze timing path end vertex 6491 total 17728 end
I20260802 12:21:53.927795 21632 StaAnalyze.cc:565] analyze timing path end vertex 6501 total 17728 start
I20260802 12:21:53.927830 21632 StaAnalyze.cc:599] analyze timing path end vertex 6501 total 17728 end
I20260802 12:21:53.927915 21632 StaAnalyze.cc:565] analyze timing path end vertex 6511 total 17728 start
I20260802 12:21:53.927951 21632 StaAnalyze.cc:599] analyze timing path end vertex 6511 total 17728 end
I20260802 12:21:53.928016 21632 StaAnalyze.cc:565] analyze timing path end vertex 6521 total 17728 start
I20260802 12:21:53.928056 21632 StaAnalyze.cc:599] analyze timing path end vertex 6521 total 17728 end
I20260802 12:21:53.928133 21632 StaAnalyze.cc:565] analyze timing path end vertex 6531 total 17728 start
I20260802 12:21:53.928174 21632 StaAnalyze.cc:599] analyze timing path end vertex 6531 total 17728 end
I20260802 12:21:53.928196 21632 StaAnalyze.cc:303] add path data num 2 to ram.mem_58_0_1__reg_p:D
I20260802 12:21:53.928251 21632 StaAnalyze.cc:565] analyze timing path end vertex 6541 total 17728 start
I20260802 12:21:53.928284 21632 StaAnalyze.cc:599] analyze timing path end vertex 6541 total 17728 end
I20260802 12:21:53.928349 21632 StaAnalyze.cc:565] analyze timing path end vertex 6551 total 17728 start
I20260802 12:21:53.928383 21632 StaAnalyze.cc:599] analyze timing path end vertex 6551 total 17728 end
I20260802 12:21:53.928444 21632 StaAnalyze.cc:565] analyze timing path end vertex 6561 total 17728 start
I20260802 12:21:53.928479 21632 StaAnalyze.cc:599] analyze timing path end vertex 6561 total 17728 end
I20260802 12:21:53.928580 21632 StaAnalyze.cc:565] analyze timing path end vertex 6571 total 17728 start
I20260802 12:21:53.928627 21632 StaAnalyze.cc:599] analyze timing path end vertex 6571 total 17728 end
I20260802 12:21:53.928709 21632 StaAnalyze.cc:565] analyze timing path end vertex 6581 total 17728 start
I20260802 12:21:53.928750 21632 StaAnalyze.cc:599] analyze timing path end vertex 6581 total 17728 end
I20260802 12:21:53.928773 21632 StaAnalyze.cc:303] add path data num 2 to ram.mem_59_2_3__reg_p:D
I20260802 12:21:53.928844 21632 StaAnalyze.cc:565] analyze timing path end vertex 6591 total 17728 start
I20260802 12:21:53.928885 21632 StaAnalyze.cc:599] analyze timing path end vertex 6591 total 17728 end
I20260802 12:21:53.928951 21632 StaAnalyze.cc:565] analyze timing path end vertex 6601 total 17728 start
I20260802 12:21:53.928987 21632 StaAnalyze.cc:599] analyze timing path end vertex 6601 total 17728 end
I20260802 12:21:53.929051 21632 StaAnalyze.cc:565] analyze timing path end vertex 6611 total 17728 start
I20260802 12:21:53.929091 21632 StaAnalyze.cc:599] analyze timing path end vertex 6611 total 17728 end
I20260802 12:21:53.929157 21632 StaAnalyze.cc:565] analyze timing path end vertex 6621 total 17728 start
I20260802 12:21:53.929191 21632 StaAnalyze.cc:599] analyze timing path end vertex 6621 total 17728 end
I20260802 12:21:53.929256 21632 StaAnalyze.cc:565] analyze timing path end vertex 6631 total 17728 start
I20260802 12:21:53.929291 21632 StaAnalyze.cc:599] analyze timing path end vertex 6631 total 17728 end
I20260802 12:21:53.929313 21632 StaAnalyze.cc:303] add path data num 2 to ram.mem_60_0_5__reg_p:D
I20260802 12:21:53.929425 21632 StaAnalyze.cc:565] analyze timing path end vertex 6641 total 17728 start
I20260802 12:21:53.929476 21632 StaAnalyze.cc:599] analyze timing path end vertex 6641 total 17728 end
I20260802 12:21:53.929540 21632 StaAnalyze.cc:565] analyze timing path end vertex 6651 total 17728 start
I20260802 12:21:53.929574 21632 StaAnalyze.cc:599] analyze timing path end vertex 6651 total 17728 end
I20260802 12:21:53.929657 21632 StaAnalyze.cc:565] analyze timing path end vertex 6661 total 17728 start
I20260802 12:21:53.929744 21632 StaAnalyze.cc:599] analyze timing path end vertex 6661 total 17728 end
I20260802 12:21:53.929831 21632 StaAnalyze.cc:565] analyze timing path end vertex 6671 total 17728 start
I20260802 12:21:53.929872 21632 StaAnalyze.cc:599] analyze timing path end vertex 6671 total 17728 end
I20260802 12:21:53.929937 21632 StaAnalyze.cc:565] analyze timing path end vertex 6681 total 17728 start
I20260802 12:21:53.930002 21632 StaAnalyze.cc:599] analyze timing path end vertex 6681 total 17728 end
I20260802 12:21:53.930047 21632 StaAnalyze.cc:303] add path data num 2 to ram.mem_61_2_7__reg_p:D
I20260802 12:21:53.930125 21632 StaAnalyze.cc:565] analyze timing path end vertex 6691 total 17728 start
I20260802 12:21:53.930166 21632 StaAnalyze.cc:599] analyze timing path end vertex 6691 total 17728 end
I20260802 12:21:53.930233 21632 StaAnalyze.cc:565] analyze timing path end vertex 6701 total 17728 start
I20260802 12:21:53.930269 21632 StaAnalyze.cc:599] analyze timing path end vertex 6701 total 17728 end
I20260802 12:21:53.930368 21632 StaAnalyze.cc:565] analyze timing path end vertex 6711 total 17728 start
I20260802 12:21:53.930414 21632 StaAnalyze.cc:599] analyze timing path end vertex 6711 total 17728 end
I20260802 12:21:53.930475 21632 StaAnalyze.cc:565] analyze timing path end vertex 6721 total 17728 start
I20260802 12:21:53.930509 21632 StaAnalyze.cc:599] analyze timing path end vertex 6721 total 17728 end
I20260802 12:21:53.930573 21632 StaAnalyze.cc:565] analyze timing path end vertex 6731 total 17728 start
I20260802 12:21:53.930608 21632 StaAnalyze.cc:599] analyze timing path end vertex 6731 total 17728 end
I20260802 12:21:53.930630 21632 StaAnalyze.cc:303] add path data num 2 to ram.mem_63_1_1__reg_p:D
I20260802 12:21:53.930780 21632 StaAnalyze.cc:565] analyze timing path end vertex 6741 total 17728 start
I20260802 12:21:53.930820 21632 StaAnalyze.cc:599] analyze timing path end vertex 6741 total 17728 end
I20260802 12:21:53.930886 21632 StaAnalyze.cc:565] analyze timing path end vertex 6751 total 17728 start
I20260802 12:21:53.930925 21632 StaAnalyze.cc:599] analyze timing path end vertex 6751 total 17728 end
I20260802 12:21:53.930989 21632 StaAnalyze.cc:565] analyze timing path end vertex 6761 total 17728 start
I20260802 12:21:53.931023 21632 StaAnalyze.cc:599] analyze timing path end vertex 6761 total 17728 end
I20260802 12:21:53.931092 21632 StaAnalyze.cc:565] analyze timing path end vertex 6771 total 17728 start
I20260802 12:21:53.931128 21632 StaAnalyze.cc:599] analyze timing path end vertex 6771 total 17728 end
I20260802 12:21:53.931227 21632 StaAnalyze.cc:565] analyze timing path end vertex 6781 total 17728 start
I20260802 12:21:53.931269 21632 StaAnalyze.cc:599] analyze timing path end vertex 6781 total 17728 end
I20260802 12:21:53.931298 21632 StaAnalyze.cc:303] add path data num 2 to ram.mem_64_3_3__reg_p:D
I20260802 12:21:53.931368 21632 StaAnalyze.cc:565] analyze timing path end vertex 6791 total 17728 start
I20260802 12:21:53.931414 21632 StaAnalyze.cc:599] analyze timing path end vertex 6791 total 17728 end
I20260802 12:21:53.931492 21632 StaAnalyze.cc:565] analyze timing path end vertex 6801 total 17728 start
I20260802 12:21:53.931528 21632 StaAnalyze.cc:599] analyze timing path end vertex 6801 total 17728 end
I20260802 12:21:53.931596 21632 StaAnalyze.cc:565] analyze timing path end vertex 6811 total 17728 start
I20260802 12:21:53.931631 21632 StaAnalyze.cc:599] analyze timing path end vertex 6811 total 17728 end
I20260802 12:21:53.931716 21632 StaAnalyze.cc:565] analyze timing path end vertex 6821 total 17728 start
I20260802 12:21:53.931770 21632 StaAnalyze.cc:599] analyze timing path end vertex 6821 total 17728 end
I20260802 12:21:53.931838 21632 StaAnalyze.cc:565] analyze timing path end vertex 6831 total 17728 start
I20260802 12:21:53.931874 21632 StaAnalyze.cc:599] analyze timing path end vertex 6831 total 17728 end
I20260802 12:21:53.931900 21632 StaAnalyze.cc:303] add path data num 2 to ram.mem_66_1_5__reg_p:D
I20260802 12:21:53.931972 21632 StaAnalyze.cc:565] analyze timing path end vertex 6841 total 17728 start
I20260802 12:21:53.932049 21632 StaAnalyze.cc:599] analyze timing path end vertex 6841 total 17728 end
I20260802 12:21:53.932137 21632 StaAnalyze.cc:565] analyze timing path end vertex 6851 total 17728 start
I20260802 12:21:53.932178 21632 StaAnalyze.cc:599] analyze timing path end vertex 6851 total 17728 end
I20260802 12:21:53.932242 21632 StaAnalyze.cc:565] analyze timing path end vertex 6861 total 17728 start
I20260802 12:21:53.932277 21632 StaAnalyze.cc:599] analyze timing path end vertex 6861 total 17728 end
I20260802 12:21:53.932341 21632 StaAnalyze.cc:565] analyze timing path end vertex 6871 total 17728 start
I20260802 12:21:53.932375 21632 StaAnalyze.cc:599] analyze timing path end vertex 6871 total 17728 end
I20260802 12:21:53.932438 21632 StaAnalyze.cc:565] analyze timing path end vertex 6881 total 17728 start
I20260802 12:21:53.932473 21632 StaAnalyze.cc:599] analyze timing path end vertex 6881 total 17728 end
I20260802 12:21:53.932523 21632 StaAnalyze.cc:303] add path data num 2 to ram.mem_67_3_7__reg_p:D
I20260802 12:21:53.932579 21632 StaAnalyze.cc:565] analyze timing path end vertex 6891 total 17728 start
I20260802 12:21:53.932619 21632 StaAnalyze.cc:599] analyze timing path end vertex 6891 total 17728 end
I20260802 12:21:53.932683 21632 StaAnalyze.cc:565] analyze timing path end vertex 6901 total 17728 start
I20260802 12:21:53.932734 21632 StaAnalyze.cc:599] analyze timing path end vertex 6901 total 17728 end
I20260802 12:21:53.932799 21632 StaAnalyze.cc:565] analyze timing path end vertex 6911 total 17728 start
I20260802 12:21:53.932834 21632 StaAnalyze.cc:599] analyze timing path end vertex 6911 total 17728 end
I20260802 12:21:53.932937 21632 StaAnalyze.cc:565] analyze timing path end vertex 6921 total 17728 start
I20260802 12:21:53.932978 21632 StaAnalyze.cc:599] analyze timing path end vertex 6921 total 17728 end
I20260802 12:21:53.933043 21632 StaAnalyze.cc:565] analyze timing path end vertex 6931 total 17728 start
I20260802 12:21:53.933082 21632 StaAnalyze.cc:599] analyze timing path end vertex 6931 total 17728 end
I20260802 12:21:53.933104 21632 StaAnalyze.cc:303] add path data num 2 to ram.mem_69_2_1__reg_p:D
I20260802 12:21:53.933174 21632 StaAnalyze.cc:565] analyze timing path end vertex 6941 total 17728 start
I20260802 12:21:53.933215 21632 StaAnalyze.cc:599] analyze timing path end vertex 6941 total 17728 end
I20260802 12:21:53.933306 21632 StaAnalyze.cc:565] analyze timing path end vertex 6951 total 17728 start
I20260802 12:21:53.933343 21632 StaAnalyze.cc:599] analyze timing path end vertex 6951 total 17728 end
I20260802 12:21:53.933410 21632 StaAnalyze.cc:565] analyze timing path end vertex 6961 total 17728 start
I20260802 12:21:53.933445 21632 StaAnalyze.cc:599] analyze timing path end vertex 6961 total 17728 end
I20260802 12:21:53.933511 21632 StaAnalyze.cc:565] analyze timing path end vertex 6971 total 17728 start
I20260802 12:21:53.933545 21632 StaAnalyze.cc:599] analyze timing path end vertex 6971 total 17728 end
I20260802 12:21:53.933609 21632 StaAnalyze.cc:565] analyze timing path end vertex 6981 total 17728 start
I20260802 12:21:53.933650 21632 StaAnalyze.cc:599] analyze timing path end vertex 6981 total 17728 end
I20260802 12:21:53.933674 21632 StaAnalyze.cc:303] add path data num 2 to ram.mem_70_0_3__reg_p:D
I20260802 12:21:53.933817 21632 StaAnalyze.cc:565] analyze timing path end vertex 6991 total 17728 start
I20260802 12:21:53.933858 21632 StaAnalyze.cc:599] analyze timing path end vertex 6991 total 17728 end
I20260802 12:21:53.933924 21632 StaAnalyze.cc:565] analyze timing path end vertex 7001 total 17728 start
I20260802 12:21:53.933969 21632 StaAnalyze.cc:599] analyze timing path end vertex 7001 total 17728 end
I20260802 12:21:53.934098 21632 StaAnalyze.cc:565] analyze timing path end vertex 7011 total 17728 start
I20260802 12:21:53.934139 21632 StaAnalyze.cc:599] analyze timing path end vertex 7011 total 17728 end
I20260802 12:21:53.934206 21632 StaAnalyze.cc:565] analyze timing path end vertex 7021 total 17728 start
I20260802 12:21:53.934243 21632 StaAnalyze.cc:599] analyze timing path end vertex 7021 total 17728 end
I20260802 12:21:53.934305 21632 StaAnalyze.cc:565] analyze timing path end vertex 7031 total 17728 start
I20260802 12:21:53.934340 21632 StaAnalyze.cc:599] analyze timing path end vertex 7031 total 17728 end
I20260802 12:21:53.934361 21632 StaAnalyze.cc:303] add path data num 2 to ram.mem_71_2_5__reg_p:D
I20260802 12:21:53.934412 21632 StaAnalyze.cc:565] analyze timing path end vertex 7041 total 17728 start
I20260802 12:21:53.934445 21632 StaAnalyze.cc:599] analyze timing path end vertex 7041 total 17728 end
I20260802 12:21:53.934510 21632 StaAnalyze.cc:565] analyze timing path end vertex 7051 total 17728 start
I20260802 12:21:53.934544 21632 StaAnalyze.cc:599] analyze timing path end vertex 7051 total 17728 end
I20260802 12:21:53.934664 21632 StaAnalyze.cc:565] analyze timing path end vertex 7061 total 17728 start
I20260802 12:21:53.934707 21632 StaAnalyze.cc:599] analyze timing path end vertex 7061 total 17728 end
I20260802 12:21:53.934770 21632 StaAnalyze.cc:565] analyze timing path end vertex 7071 total 17728 start
I20260802 12:21:53.934810 21632 StaAnalyze.cc:599] analyze timing path end vertex 7071 total 17728 end
I20260802 12:21:53.934876 21632 StaAnalyze.cc:565] analyze timing path end vertex 7081 total 17728 start
I20260802 12:21:53.934911 21632 StaAnalyze.cc:599] analyze timing path end vertex 7081 total 17728 end
I20260802 12:21:53.934933 21632 StaAnalyze.cc:303] add path data num 2 to ram.mem_73_0_7__reg_p:D
I20260802 12:21:53.934988 21632 StaAnalyze.cc:565] analyze timing path end vertex 7091 total 17728 start
I20260802 12:21:53.935021 21632 StaAnalyze.cc:599] analyze timing path end vertex 7091 total 17728 end
I20260802 12:21:53.935097 21632 StaAnalyze.cc:565] analyze timing path end vertex 7101 total 17728 start
I20260802 12:21:53.935134 21632 StaAnalyze.cc:599] analyze timing path end vertex 7101 total 17728 end
I20260802 12:21:53.935201 21632 StaAnalyze.cc:565] analyze timing path end vertex 7111 total 17728 start
I20260802 12:21:53.935237 21632 StaAnalyze.cc:599] analyze timing path end vertex 7111 total 17728 end
I20260802 12:21:53.935299 21632 StaAnalyze.cc:565] analyze timing path end vertex 7121 total 17728 start
I20260802 12:21:53.935338 21632 StaAnalyze.cc:599] analyze timing path end vertex 7121 total 17728 end
I20260802 12:21:53.935438 21632 StaAnalyze.cc:565] analyze timing path end vertex 7131 total 17728 start
I20260802 12:21:53.935479 21632 StaAnalyze.cc:599] analyze timing path end vertex 7131 total 17728 end
I20260802 12:21:53.935500 21632 StaAnalyze.cc:303] add path data num 2 to ram.mem_74_3_1__reg_p:D
I20260802 12:21:53.935554 21632 StaAnalyze.cc:565] analyze timing path end vertex 7141 total 17728 start
I20260802 12:21:53.935587 21632 StaAnalyze.cc:599] analyze timing path end vertex 7141 total 17728 end
I20260802 12:21:53.935652 21632 StaAnalyze.cc:565] analyze timing path end vertex 7151 total 17728 start
I20260802 12:21:53.935698 21632 StaAnalyze.cc:599] analyze timing path end vertex 7151 total 17728 end
I20260802 12:21:53.935763 21632 StaAnalyze.cc:565] analyze timing path end vertex 7161 total 17728 start
I20260802 12:21:53.935802 21632 StaAnalyze.cc:599] analyze timing path end vertex 7161 total 17728 end
I20260802 12:21:53.935864 21632 StaAnalyze.cc:565] analyze timing path end vertex 7171 total 17728 start
I20260802 12:21:53.935899 21632 StaAnalyze.cc:599] analyze timing path end vertex 7171 total 17728 end
I20260802 12:21:53.935968 21632 StaAnalyze.cc:565] analyze timing path end vertex 7181 total 17728 start
I20260802 12:21:53.936017 21632 StaAnalyze.cc:599] analyze timing path end vertex 7181 total 17728 end
I20260802 12:21:53.936038 21632 StaAnalyze.cc:303] add path data num 2 to ram.mem_76_1_3__reg_p:D
I20260802 12:21:53.936089 21632 StaAnalyze.cc:565] analyze timing path end vertex 7191 total 17728 start
I20260802 12:21:53.936123 21632 StaAnalyze.cc:599] analyze timing path end vertex 7191 total 17728 end
I20260802 12:21:53.936223 21632 StaAnalyze.cc:565] analyze timing path end vertex 7201 total 17728 start
I20260802 12:21:53.936264 21632 StaAnalyze.cc:599] analyze timing path end vertex 7201 total 17728 end
I20260802 12:21:53.936327 21632 StaAnalyze.cc:565] analyze timing path end vertex 7211 total 17728 start
I20260802 12:21:53.936367 21632 StaAnalyze.cc:599] analyze timing path end vertex 7211 total 17728 end
I20260802 12:21:53.936427 21632 StaAnalyze.cc:565] analyze timing path end vertex 7221 total 17728 start
I20260802 12:21:53.936461 21632 StaAnalyze.cc:599] analyze timing path end vertex 7221 total 17728 end
I20260802 12:21:53.936525 21632 StaAnalyze.cc:565] analyze timing path end vertex 7231 total 17728 start
I20260802 12:21:53.936559 21632 StaAnalyze.cc:599] analyze timing path end vertex 7231 total 17728 end
I20260802 12:21:53.936587 21632 StaAnalyze.cc:303] add path data num 2 to ram.mem_77_3_5__reg_p:D
I20260802 12:21:53.936655 21632 StaAnalyze.cc:565] analyze timing path end vertex 7241 total 17728 start
I20260802 12:21:53.936707 21632 StaAnalyze.cc:599] analyze timing path end vertex 7241 total 17728 end
I20260802 12:21:53.936784 21632 StaAnalyze.cc:565] analyze timing path end vertex 7251 total 17728 start
I20260802 12:21:53.936825 21632 StaAnalyze.cc:599] analyze timing path end vertex 7251 total 17728 end
I20260802 12:21:53.936887 21632 StaAnalyze.cc:565] analyze timing path end vertex 7261 total 17728 start
I20260802 12:21:53.936920 21632 StaAnalyze.cc:599] analyze timing path end vertex 7261 total 17728 end
I20260802 12:21:53.937021 21632 StaAnalyze.cc:565] analyze timing path end vertex 7271 total 17728 start
I20260802 12:21:53.937063 21632 StaAnalyze.cc:599] analyze timing path end vertex 7271 total 17728 end
I20260802 12:21:53.937126 21632 StaAnalyze.cc:565] analyze timing path end vertex 7281 total 17728 start
I20260802 12:21:53.937160 21632 StaAnalyze.cc:599] analyze timing path end vertex 7281 total 17728 end
I20260802 12:21:53.937188 21632 StaAnalyze.cc:303] add path data num 2 to ram.mem_79_1_7__reg_p:D
I20260802 12:21:53.937255 21632 StaAnalyze.cc:565] analyze timing path end vertex 7291 total 17728 start
I20260802 12:21:53.937294 21632 StaAnalyze.cc:599] analyze timing path end vertex 7291 total 17728 end
I20260802 12:21:53.937361 21632 StaAnalyze.cc:565] analyze timing path end vertex 7301 total 17728 start
I20260802 12:21:53.937400 21632 StaAnalyze.cc:599] analyze timing path end vertex 7301 total 17728 end
I20260802 12:21:53.937461 21632 StaAnalyze.cc:565] analyze timing path end vertex 7311 total 17728 start
I20260802 12:21:53.937495 21632 StaAnalyze.cc:599] analyze timing path end vertex 7311 total 17728 end
I20260802 12:21:53.937565 21632 StaAnalyze.cc:565] analyze timing path end vertex 7321 total 17728 start
I20260802 12:21:53.937598 21632 StaAnalyze.cc:599] analyze timing path end vertex 7321 total 17728 end
I20260802 12:21:53.937664 21632 StaAnalyze.cc:565] analyze timing path end vertex 7331 total 17728 start
I20260802 12:21:53.937705 21632 StaAnalyze.cc:599] analyze timing path end vertex 7331 total 17728 end
I20260802 12:21:53.937732 21632 StaAnalyze.cc:303] add path data num 2 to ram.mem_80_0_1__reg_p:D
I20260802 12:21:53.937837 21632 StaAnalyze.cc:565] analyze timing path end vertex 7341 total 17728 start
I20260802 12:21:53.937884 21632 StaAnalyze.cc:599] analyze timing path end vertex 7341 total 17728 end
I20260802 12:21:53.937945 21632 StaAnalyze.cc:565] analyze timing path end vertex 7351 total 17728 start
I20260802 12:21:53.938000 21632 StaAnalyze.cc:599] analyze timing path end vertex 7351 total 17728 end
I20260802 12:21:53.938084 21632 StaAnalyze.cc:565] analyze timing path end vertex 7361 total 17728 start
I20260802 12:21:53.938138 21632 StaAnalyze.cc:599] analyze timing path end vertex 7361 total 17728 end
I20260802 12:21:53.938201 21632 StaAnalyze.cc:565] analyze timing path end vertex 7371 total 17728 start
I20260802 12:21:53.938236 21632 StaAnalyze.cc:599] analyze timing path end vertex 7371 total 17728 end
I20260802 12:21:53.938300 21632 StaAnalyze.cc:565] analyze timing path end vertex 7381 total 17728 start
I20260802 12:21:53.938335 21632 StaAnalyze.cc:599] analyze timing path end vertex 7381 total 17728 end
I20260802 12:21:53.938361 21632 StaAnalyze.cc:303] add path data num 2 to ram.mem_81_2_3__reg_p:D
I20260802 12:21:53.938406 21632 StaAnalyze.cc:565] analyze timing path end vertex 7391 total 17728 start
I20260802 12:21:53.938445 21632 StaAnalyze.cc:599] analyze timing path end vertex 7391 total 17728 end
I20260802 12:21:53.938522 21632 StaAnalyze.cc:565] analyze timing path end vertex 7401 total 17728 start
I20260802 12:21:53.938560 21632 StaAnalyze.cc:599] analyze timing path end vertex 7401 total 17728 end
I20260802 12:21:53.938658 21632 StaAnalyze.cc:565] analyze timing path end vertex 7411 total 17728 start
I20260802 12:21:53.938705 21632 StaAnalyze.cc:599] analyze timing path end vertex 7411 total 17728 end
I20260802 12:21:53.938769 21632 StaAnalyze.cc:565] analyze timing path end vertex 7421 total 17728 start
I20260802 12:21:53.938803 21632 StaAnalyze.cc:599] analyze timing path end vertex 7421 total 17728 end
I20260802 12:21:53.938867 21632 StaAnalyze.cc:565] analyze timing path end vertex 7431 total 17728 start
I20260802 12:21:53.938907 21632 StaAnalyze.cc:599] analyze timing path end vertex 7431 total 17728 end
I20260802 12:21:53.938931 21632 StaAnalyze.cc:303] add path data num 2 to ram.mem_83_0_5__reg_p:D
I20260802 12:21:53.939004 21632 StaAnalyze.cc:565] analyze timing path end vertex 7441 total 17728 start
I20260802 12:21:53.939045 21632 StaAnalyze.cc:599] analyze timing path end vertex 7441 total 17728 end
I20260802 12:21:53.939109 21632 StaAnalyze.cc:565] analyze timing path end vertex 7451 total 17728 start
I20260802 12:21:53.939143 21632 StaAnalyze.cc:599] analyze timing path end vertex 7451 total 17728 end
I20260802 12:21:53.939234 21632 StaAnalyze.cc:565] analyze timing path end vertex 7461 total 17728 start
I20260802 12:21:53.939276 21632 StaAnalyze.cc:599] analyze timing path end vertex 7461 total 17728 end
I20260802 12:21:53.939340 21632 StaAnalyze.cc:565] analyze timing path end vertex 7471 total 17728 start
I20260802 12:21:53.939374 21632 StaAnalyze.cc:599] analyze timing path end vertex 7471 total 17728 end
I20260802 12:21:53.939476 21632 StaAnalyze.cc:565] analyze timing path end vertex 7481 total 17728 start
I20260802 12:21:53.939522 21632 StaAnalyze.cc:599] analyze timing path end vertex 7481 total 17728 end
I20260802 12:21:53.939545 21632 StaAnalyze.cc:303] add path data num 2 to ram.mem_84_2_7__reg_p:D
I20260802 12:21:53.939617 21632 StaAnalyze.cc:565] analyze timing path end vertex 7491 total 17728 start
I20260802 12:21:53.939658 21632 StaAnalyze.cc:599] analyze timing path end vertex 7491 total 17728 end
I20260802 12:21:53.939735 21632 StaAnalyze.cc:565] analyze timing path end vertex 7501 total 17728 start
I20260802 12:21:53.939776 21632 StaAnalyze.cc:599] analyze timing path end vertex 7501 total 17728 end
I20260802 12:21:53.939838 21632 StaAnalyze.cc:565] analyze timing path end vertex 7511 total 17728 start
I20260802 12:21:53.939872 21632 StaAnalyze.cc:599] analyze timing path end vertex 7511 total 17728 end
I20260802 12:21:53.939932 21632 StaAnalyze.cc:565] analyze timing path end vertex 7521 total 17728 start
I20260802 12:21:53.939971 21632 StaAnalyze.cc:599] analyze timing path end vertex 7521 total 17728 end
I20260802 12:21:53.940059 21632 StaAnalyze.cc:565] analyze timing path end vertex 7531 total 17728 start
I20260802 12:21:53.940099 21632 StaAnalyze.cc:599] analyze timing path end vertex 7531 total 17728 end
I20260802 12:21:53.940122 21632 StaAnalyze.cc:303] add path data num 2 to ram.mem_86_1_1__reg_p:D
I20260802 12:21:53.940171 21632 StaAnalyze.cc:565] analyze timing path end vertex 7541 total 17728 start
I20260802 12:21:53.940214 21632 StaAnalyze.cc:599] analyze timing path end vertex 7541 total 17728 end
I20260802 12:21:53.940328 21632 StaAnalyze.cc:565] analyze timing path end vertex 7551 total 17728 start
I20260802 12:21:53.940371 21632 StaAnalyze.cc:599] analyze timing path end vertex 7551 total 17728 end
I20260802 12:21:53.940433 21632 StaAnalyze.cc:565] analyze timing path end vertex 7561 total 17728 start
I20260802 12:21:53.940469 21632 StaAnalyze.cc:599] analyze timing path end vertex 7561 total 17728 end
I20260802 12:21:53.940533 21632 StaAnalyze.cc:565] analyze timing path end vertex 7571 total 17728 start
I20260802 12:21:53.940572 21632 StaAnalyze.cc:599] analyze timing path end vertex 7571 total 17728 end
I20260802 12:21:53.940632 21632 StaAnalyze.cc:565] analyze timing path end vertex 7581 total 17728 start
I20260802 12:21:53.940666 21632 StaAnalyze.cc:599] analyze timing path end vertex 7581 total 17728 end
I20260802 12:21:53.940703 21632 StaAnalyze.cc:303] add path data num 2 to ram.mem_87_3_3__reg_p:D
I20260802 12:21:53.940784 21632 StaAnalyze.cc:565] analyze timing path end vertex 7591 total 17728 start
I20260802 12:21:53.940825 21632 StaAnalyze.cc:599] analyze timing path end vertex 7591 total 17728 end
I20260802 12:21:53.940889 21632 StaAnalyze.cc:565] analyze timing path end vertex 7601 total 17728 start
I20260802 12:21:53.940924 21632 StaAnalyze.cc:599] analyze timing path end vertex 7601 total 17728 end
I20260802 12:21:53.940987 21632 StaAnalyze.cc:565] analyze timing path end vertex 7611 total 17728 start
I20260802 12:21:53.941025 21632 StaAnalyze.cc:599] analyze timing path end vertex 7611 total 17728 end
I20260802 12:21:53.941128 21632 StaAnalyze.cc:565] analyze timing path end vertex 7621 total 17728 start
I20260802 12:21:53.941169 21632 StaAnalyze.cc:599] analyze timing path end vertex 7621 total 17728 end
I20260802 12:21:53.941232 21632 StaAnalyze.cc:565] analyze timing path end vertex 7631 total 17728 start
I20260802 12:21:53.941268 21632 StaAnalyze.cc:599] analyze timing path end vertex 7631 total 17728 end
I20260802 12:21:53.941290 21632 StaAnalyze.cc:303] add path data num 2 to ram.mem_89_1_5__reg_p:D
I20260802 12:21:53.941360 21632 StaAnalyze.cc:565] analyze timing path end vertex 7641 total 17728 start
I20260802 12:21:53.941401 21632 StaAnalyze.cc:599] analyze timing path end vertex 7641 total 17728 end
I20260802 12:21:53.941463 21632 StaAnalyze.cc:565] analyze timing path end vertex 7651 total 17728 start
I20260802 12:21:53.941497 21632 StaAnalyze.cc:599] analyze timing path end vertex 7651 total 17728 end
I20260802 12:21:53.941560 21632 StaAnalyze.cc:565] analyze timing path end vertex 7661 total 17728 start
I20260802 12:21:53.941599 21632 StaAnalyze.cc:599] analyze timing path end vertex 7661 total 17728 end
I20260802 12:21:53.941661 21632 StaAnalyze.cc:565] analyze timing path end vertex 7671 total 17728 start
I20260802 12:21:53.941705 21632 StaAnalyze.cc:599] analyze timing path end vertex 7671 total 17728 end
I20260802 12:21:53.941771 21632 StaAnalyze.cc:565] analyze timing path end vertex 7681 total 17728 start
I20260802 12:21:53.941805 21632 StaAnalyze.cc:599] analyze timing path end vertex 7681 total 17728 end
I20260802 12:21:53.941829 21632 StaAnalyze.cc:303] add path data num 2 to ram.mem_8_3_7__reg_p:D
I20260802 12:21:53.941936 21632 StaAnalyze.cc:565] analyze timing path end vertex 7691 total 17728 start
I20260802 12:21:53.942008 21632 StaAnalyze.cc:599] analyze timing path end vertex 7691 total 17728 end
I20260802 12:21:53.942107 21632 StaAnalyze.cc:565] analyze timing path end vertex 7701 total 17728 start
I20260802 12:21:53.942147 21632 StaAnalyze.cc:599] analyze timing path end vertex 7701 total 17728 end
I20260802 12:21:53.942209 21632 StaAnalyze.cc:565] analyze timing path end vertex 7711 total 17728 start
I20260802 12:21:53.942248 21632 StaAnalyze.cc:599] analyze timing path end vertex 7711 total 17728 end
I20260802 12:21:53.942313 21632 StaAnalyze.cc:565] analyze timing path end vertex 7721 total 17728 start
I20260802 12:21:53.942363 21632 StaAnalyze.cc:599] analyze timing path end vertex 7721 total 17728 end
I20260802 12:21:53.942427 21632 StaAnalyze.cc:565] analyze timing path end vertex 7731 total 17728 start
I20260802 12:21:53.942462 21632 StaAnalyze.cc:599] analyze timing path end vertex 7731 total 17728 end
I20260802 12:21:53.942489 21632 StaAnalyze.cc:303] add path data num 2 to ram.mem_91_2_1__reg_p:D
I20260802 12:21:53.942561 21632 StaAnalyze.cc:565] analyze timing path end vertex 7741 total 17728 start
I20260802 12:21:53.942602 21632 StaAnalyze.cc:599] analyze timing path end vertex 7741 total 17728 end
I20260802 12:21:53.942667 21632 StaAnalyze.cc:565] analyze timing path end vertex 7751 total 17728 start
I20260802 12:21:53.942714 21632 StaAnalyze.cc:599] analyze timing path end vertex 7751 total 17728 end
I20260802 12:21:53.942817 21632 StaAnalyze.cc:565] analyze timing path end vertex 7761 total 17728 start
I20260802 12:21:53.942857 21632 StaAnalyze.cc:599] analyze timing path end vertex 7761 total 17728 end
I20260802 12:21:53.942922 21632 StaAnalyze.cc:565] analyze timing path end vertex 7771 total 17728 start
I20260802 12:21:53.942957 21632 StaAnalyze.cc:599] analyze timing path end vertex 7771 total 17728 end
I20260802 12:21:53.943020 21632 StaAnalyze.cc:565] analyze timing path end vertex 7781 total 17728 start
I20260802 12:21:53.943055 21632 StaAnalyze.cc:599] analyze timing path end vertex 7781 total 17728 end
I20260802 12:21:53.943084 21632 StaAnalyze.cc:303] add path data num 2 to ram.mem_93_0_3__reg_p:D
I20260802 12:21:53.943153 21632 StaAnalyze.cc:565] analyze timing path end vertex 7791 total 17728 start
I20260802 12:21:53.943199 21632 StaAnalyze.cc:599] analyze timing path end vertex 7791 total 17728 end
I20260802 12:21:53.943259 21632 StaAnalyze.cc:565] analyze timing path end vertex 7801 total 17728 start
I20260802 12:21:53.943295 21632 StaAnalyze.cc:599] analyze timing path end vertex 7801 total 17728 end
I20260802 12:21:53.943356 21632 StaAnalyze.cc:565] analyze timing path end vertex 7811 total 17728 start
I20260802 12:21:53.943390 21632 StaAnalyze.cc:599] analyze timing path end vertex 7811 total 17728 end
I20260802 12:21:53.943452 21632 StaAnalyze.cc:565] analyze timing path end vertex 7821 total 17728 start
I20260802 12:21:53.943487 21632 StaAnalyze.cc:599] analyze timing path end vertex 7821 total 17728 end
I20260802 12:21:53.943586 21632 StaAnalyze.cc:565] analyze timing path end vertex 7831 total 17728 start
I20260802 12:21:53.943629 21632 StaAnalyze.cc:599] analyze timing path end vertex 7831 total 17728 end
I20260802 12:21:53.943655 21632 StaAnalyze.cc:303] add path data num 2 to rom.mem_94_31__reg_p:D
I20260802 12:21:53.943727 21632 StaAnalyze.cc:565] analyze timing path end vertex 7841 total 17728 start
I20260802 12:21:53.943786 21632 StaAnalyze.cc:599] analyze timing path end vertex 7841 total 17728 end
I20260802 12:21:53.943851 21632 StaAnalyze.cc:565] analyze timing path end vertex 7851 total 17728 start
I20260802 12:21:53.943884 21632 StaAnalyze.cc:599] analyze timing path end vertex 7851 total 17728 end
I20260802 12:21:53.943951 21632 StaAnalyze.cc:565] analyze timing path end vertex 7861 total 17728 start
I20260802 12:21:53.943985 21632 StaAnalyze.cc:599] analyze timing path end vertex 7861 total 17728 end
I20260802 12:21:53.944047 21632 StaAnalyze.cc:565] analyze timing path end vertex 7871 total 17728 start
I20260802 12:21:53.944082 21632 StaAnalyze.cc:599] analyze timing path end vertex 7871 total 17728 end
I20260802 12:21:53.944147 21632 StaAnalyze.cc:565] analyze timing path end vertex 7881 total 17728 start
I20260802 12:21:53.944192 21632 StaAnalyze.cc:599] analyze timing path end vertex 7881 total 17728 end
I20260802 12:21:53.944217 21632 StaAnalyze.cc:303] add path data num 2 to rom.mem_96_19__reg_p:D
I20260802 12:21:53.944290 21632 StaAnalyze.cc:565] analyze timing path end vertex 7891 total 17728 start
I20260802 12:21:53.944332 21632 StaAnalyze.cc:599] analyze timing path end vertex 7891 total 17728 end
I20260802 12:21:53.944438 21632 StaAnalyze.cc:565] analyze timing path end vertex 7901 total 17728 start
I20260802 12:21:53.944491 21632 StaAnalyze.cc:599] analyze timing path end vertex 7901 total 17728 end
I20260802 12:21:53.944556 21632 StaAnalyze.cc:565] analyze timing path end vertex 7911 total 17728 start
I20260802 12:21:53.944591 21632 StaAnalyze.cc:599] analyze timing path end vertex 7911 total 17728 end
I20260802 12:21:53.944654 21632 StaAnalyze.cc:565] analyze timing path end vertex 7921 total 17728 start
I20260802 12:21:53.944689 21632 StaAnalyze.cc:599] analyze timing path end vertex 7921 total 17728 end
I20260802 12:21:53.944753 21632 StaAnalyze.cc:565] analyze timing path end vertex 7931 total 17728 start
I20260802 12:21:53.944803 21632 StaAnalyze.cc:599] analyze timing path end vertex 7931 total 17728 end
I20260802 12:21:53.944826 21632 StaAnalyze.cc:303] add path data num 2 to rom.mem_97_6__reg_p:D
I20260802 12:21:53.944895 21632 StaAnalyze.cc:565] analyze timing path end vertex 7941 total 17728 start
I20260802 12:21:53.944936 21632 StaAnalyze.cc:599] analyze timing path end vertex 7941 total 17728 end
I20260802 12:21:53.945017 21632 StaAnalyze.cc:565] analyze timing path end vertex 7951 total 17728 start
I20260802 12:21:53.945058 21632 StaAnalyze.cc:599] analyze timing path end vertex 7951 total 17728 end
I20260802 12:21:53.945123 21632 StaAnalyze.cc:565] analyze timing path end vertex 7961 total 17728 start
I20260802 12:21:53.945158 21632 StaAnalyze.cc:599] analyze timing path end vertex 7961 total 17728 end
I20260802 12:21:53.945287 21632 StaAnalyze.cc:565] analyze timing path end vertex 7971 total 17728 start
I20260802 12:21:53.945333 21632 StaAnalyze.cc:599] analyze timing path end vertex 7971 total 17728 end
I20260802 12:21:53.945392 21632 StaAnalyze.cc:565] analyze timing path end vertex 7981 total 17728 start
I20260802 12:21:53.945427 21632 StaAnalyze.cc:599] analyze timing path end vertex 7981 total 17728 end
I20260802 12:21:53.945449 21632 StaAnalyze.cc:303] add path data num 2 to rom.mem_99_22__reg_p:D
I20260802 12:21:53.945534 21632 StaAnalyze.cc:565] analyze timing path end vertex 7991 total 17728 start
I20260802 12:21:53.945575 21632 StaAnalyze.cc:599] analyze timing path end vertex 7991 total 17728 end
I20260802 12:21:53.945639 21632 StaAnalyze.cc:565] analyze timing path end vertex 8001 total 17728 start
I20260802 12:21:53.945674 21632 StaAnalyze.cc:599] analyze timing path end vertex 8001 total 17728 end
I20260802 12:21:53.945734 21632 StaAnalyze.cc:565] analyze timing path end vertex 8011 total 17728 start
I20260802 12:21:53.945770 21632 StaAnalyze.cc:599] analyze timing path end vertex 8011 total 17728 end
I20260802 12:21:53.945832 21632 StaAnalyze.cc:565] analyze timing path end vertex 8021 total 17728 start
I20260802 12:21:53.945871 21632 StaAnalyze.cc:599] analyze timing path end vertex 8021 total 17728 end
I20260802 12:21:53.945938 21632 StaAnalyze.cc:565] analyze timing path end vertex 8031 total 17728 start
I20260802 12:21:53.946004 21632 StaAnalyze.cc:599] analyze timing path end vertex 8031 total 17728 end
I20260802 12:21:53.946050 21632 StaAnalyze.cc:303] add path data num 2 to ram.mem_98_1_4__reg_p:D
I20260802 12:21:53.946165 21632 StaAnalyze.cc:565] analyze timing path end vertex 8041 total 17728 start
I20260802 12:21:53.946218 21632 StaAnalyze.cc:599] analyze timing path end vertex 8041 total 17728 end
I20260802 12:21:53.946285 21632 StaAnalyze.cc:565] analyze timing path end vertex 8051 total 17728 start
I20260802 12:21:53.946319 21632 StaAnalyze.cc:599] analyze timing path end vertex 8051 total 17728 end
I20260802 12:21:53.946384 21632 StaAnalyze.cc:565] analyze timing path end vertex 8061 total 17728 start
I20260802 12:21:53.946424 21632 StaAnalyze.cc:599] analyze timing path end vertex 8061 total 17728 end
I20260802 12:21:53.946487 21632 StaAnalyze.cc:565] analyze timing path end vertex 8071 total 17728 start
I20260802 12:21:53.946521 21632 StaAnalyze.cc:599] analyze timing path end vertex 8071 total 17728 end
I20260802 12:21:53.946585 21632 StaAnalyze.cc:565] analyze timing path end vertex 8081 total 17728 start
I20260802 12:21:53.946633 21632 StaAnalyze.cc:599] analyze timing path end vertex 8081 total 17728 end
I20260802 12:21:53.946656 21632 StaAnalyze.cc:303] add path data num 2 to ram.mem_99_3_6__reg_p:D
I20260802 12:21:53.946707 21632 StaAnalyze.cc:565] analyze timing path end vertex 8091 total 17728 start
I20260802 12:21:53.946743 21632 StaAnalyze.cc:599] analyze timing path end vertex 8091 total 17728 end
I20260802 12:21:53.946810 21632 StaAnalyze.cc:565] analyze timing path end vertex 8101 total 17728 start
I20260802 12:21:53.946846 21632 StaAnalyze.cc:599] analyze timing path end vertex 8101 total 17728 end
I20260802 12:21:53.946954 21632 StaAnalyze.cc:565] analyze timing path end vertex 8111 total 17728 start
I20260802 12:21:53.947000 21632 StaAnalyze.cc:599] analyze timing path end vertex 8111 total 17728 end
I20260802 12:21:53.947068 21632 StaAnalyze.cc:565] analyze timing path end vertex 8121 total 17728 start
I20260802 12:21:53.947101 21632 StaAnalyze.cc:599] analyze timing path end vertex 8121 total 17728 end
I20260802 12:21:53.947189 21632 StaAnalyze.cc:565] analyze timing path end vertex 8131 total 17728 start
I20260802 12:21:53.947230 21632 StaAnalyze.cc:599] analyze timing path end vertex 8131 total 17728 end
I20260802 12:21:53.947254 21632 StaAnalyze.cc:303] add path data num 2 to result[24]_reg_p:D
I20260802 12:21:53.947343 21632 StaAnalyze.cc:565] analyze timing path end vertex 8141 total 17728 start
I20260802 12:21:53.947384 21632 StaAnalyze.cc:599] analyze timing path end vertex 8141 total 17728 end
I20260802 12:21:53.947456 21632 StaAnalyze.cc:565] analyze timing path end vertex 8151 total 17728 start
I20260802 12:21:53.947494 21632 StaAnalyze.cc:599] analyze timing path end vertex 8151 total 17728 end
I20260802 12:21:53.947556 21632 StaAnalyze.cc:565] analyze timing path end vertex 8161 total 17728 start
I20260802 12:21:53.947589 21632 StaAnalyze.cc:599] analyze timing path end vertex 8161 total 17728 end
I20260802 12:21:53.947656 21632 StaAnalyze.cc:565] analyze timing path end vertex 8171 total 17728 start
I20260802 12:21:53.947691 21632 StaAnalyze.cc:599] analyze timing path end vertex 8171 total 17728 end
I20260802 12:21:53.947795 21632 StaAnalyze.cc:565] analyze timing path end vertex 8181 total 17728 start
I20260802 12:21:53.947839 21632 StaAnalyze.cc:599] analyze timing path end vertex 8181 total 17728 end
I20260802 12:21:53.947867 21632 StaAnalyze.cc:303] add path data num 2 to rom.mem_100_11__reg_p:D
I20260802 12:21:53.947942 21632 StaAnalyze.cc:565] analyze timing path end vertex 8191 total 17728 start
I20260802 12:21:53.947983 21632 StaAnalyze.cc:599] analyze timing path end vertex 8191 total 17728 end
I20260802 12:21:53.948053 21632 StaAnalyze.cc:565] analyze timing path end vertex 8201 total 17728 start
I20260802 12:21:53.948092 21632 StaAnalyze.cc:599] analyze timing path end vertex 8201 total 17728 end
I20260802 12:21:53.948153 21632 StaAnalyze.cc:565] analyze timing path end vertex 8211 total 17728 start
I20260802 12:21:53.948189 21632 StaAnalyze.cc:599] analyze timing path end vertex 8211 total 17728 end
I20260802 12:21:53.948256 21632 StaAnalyze.cc:565] analyze timing path end vertex 8221 total 17728 start
I20260802 12:21:53.948288 21632 StaAnalyze.cc:599] analyze timing path end vertex 8221 total 17728 end
I20260802 12:21:53.948352 21632 StaAnalyze.cc:565] analyze timing path end vertex 8231 total 17728 start
I20260802 12:21:53.948386 21632 StaAnalyze.cc:599] analyze timing path end vertex 8231 total 17728 end
I20260802 12:21:53.948414 21632 StaAnalyze.cc:303] add path data num 2 to rom.mem_101_28__reg_p:D
I20260802 12:21:53.948484 21632 StaAnalyze.cc:565] analyze timing path end vertex 8241 total 17728 start
I20260802 12:21:53.948529 21632 StaAnalyze.cc:599] analyze timing path end vertex 8241 total 17728 end
I20260802 12:21:53.948625 21632 StaAnalyze.cc:565] analyze timing path end vertex 8251 total 17728 start
I20260802 12:21:53.948665 21632 StaAnalyze.cc:599] analyze timing path end vertex 8251 total 17728 end
I20260802 12:21:53.948727 21632 StaAnalyze.cc:565] analyze timing path end vertex 8261 total 17728 start
I20260802 12:21:53.948770 21632 StaAnalyze.cc:599] analyze timing path end vertex 8261 total 17728 end
I20260802 12:21:53.948834 21632 StaAnalyze.cc:565] analyze timing path end vertex 8271 total 17728 start
I20260802 12:21:53.948868 21632 StaAnalyze.cc:599] analyze timing path end vertex 8271 total 17728 end
I20260802 12:21:53.948927 21632 StaAnalyze.cc:565] analyze timing path end vertex 8281 total 17728 start
I20260802 12:21:53.948961 21632 StaAnalyze.cc:599] analyze timing path end vertex 8281 total 17728 end
I20260802 12:21:53.948987 21632 StaAnalyze.cc:303] add path data num 2 to rom.mem_103_15__reg_p:D
I20260802 12:21:53.949066 21632 StaAnalyze.cc:565] analyze timing path end vertex 8291 total 17728 start
I20260802 12:21:53.949110 21632 StaAnalyze.cc:599] analyze timing path end vertex 8291 total 17728 end
I20260802 12:21:53.949188 21632 StaAnalyze.cc:565] analyze timing path end vertex 8301 total 17728 start
I20260802 12:21:53.949229 21632 StaAnalyze.cc:599] analyze timing path end vertex 8301 total 17728 end
I20260802 12:21:53.949288 21632 StaAnalyze.cc:565] analyze timing path end vertex 8311 total 17728 start
I20260802 12:21:53.949321 21632 StaAnalyze.cc:599] analyze timing path end vertex 8311 total 17728 end
I20260802 12:21:53.949419 21632 StaAnalyze.cc:565] analyze timing path end vertex 8321 total 17728 start
I20260802 12:21:53.949460 21632 StaAnalyze.cc:599] analyze timing path end vertex 8321 total 17728 end
I20260802 12:21:53.949519 21632 StaAnalyze.cc:565] analyze timing path end vertex 8331 total 17728 start
I20260802 12:21:53.949558 21632 StaAnalyze.cc:599] analyze timing path end vertex 8331 total 17728 end
I20260802 12:21:53.949579 21632 StaAnalyze.cc:303] add path data num 2 to rom.mem_104_31__reg_p:D
I20260802 12:21:53.949649 21632 StaAnalyze.cc:565] analyze timing path end vertex 8341 total 17728 start
I20260802 12:21:53.949690 21632 StaAnalyze.cc:599] analyze timing path end vertex 8341 total 17728 end
I20260802 12:21:53.949752 21632 StaAnalyze.cc:565] analyze timing path end vertex 8351 total 17728 start
I20260802 12:21:53.949785 21632 StaAnalyze.cc:599] analyze timing path end vertex 8351 total 17728 end
I20260802 12:21:53.949849 21632 StaAnalyze.cc:565] analyze timing path end vertex 8361 total 17728 start
I20260802 12:21:53.949883 21632 StaAnalyze.cc:599] analyze timing path end vertex 8361 total 17728 end
I20260802 12:21:53.949944 21632 StaAnalyze.cc:565] analyze timing path end vertex 8371 total 17728 start
I20260802 12:21:53.950006 21632 StaAnalyze.cc:599] analyze timing path end vertex 8371 total 17728 end
I20260802 12:21:53.950090 21632 StaAnalyze.cc:565] analyze timing path end vertex 8381 total 17728 start
I20260802 12:21:53.950136 21632 StaAnalyze.cc:599] analyze timing path end vertex 8381 total 17728 end
I20260802 12:21:53.950186 21632 StaAnalyze.cc:303] add path data num 2 to rom.mem_106_19__reg_p:D
I20260802 12:21:53.950280 21632 StaAnalyze.cc:565] analyze timing path end vertex 8391 total 17728 start
I20260802 12:21:53.950322 21632 StaAnalyze.cc:599] analyze timing path end vertex 8391 total 17728 end
I20260802 12:21:53.950387 21632 StaAnalyze.cc:565] analyze timing path end vertex 8401 total 17728 start
I20260802 12:21:53.950421 21632 StaAnalyze.cc:599] analyze timing path end vertex 8401 total 17728 end
I20260802 12:21:53.950488 21632 StaAnalyze.cc:565] analyze timing path end vertex 8411 total 17728 start
I20260802 12:21:53.950523 21632 StaAnalyze.cc:599] analyze timing path end vertex 8411 total 17728 end
I20260802 12:21:53.950589 21632 StaAnalyze.cc:565] analyze timing path end vertex 8421 total 17728 start
I20260802 12:21:53.950629 21632 StaAnalyze.cc:599] analyze timing path end vertex 8421 total 17728 end
I20260802 12:21:53.950690 21632 StaAnalyze.cc:565] analyze timing path end vertex 8431 total 17728 start
I20260802 12:21:53.950724 21632 StaAnalyze.cc:599] analyze timing path end vertex 8431 total 17728 end
I20260802 12:21:53.950747 21632 StaAnalyze.cc:303] add path data num 2 to rom.mem_107_6__reg_p:D
I20260802 12:21:53.950829 21632 StaAnalyze.cc:565] analyze timing path end vertex 8441 total 17728 start
I20260802 12:21:53.950881 21632 StaAnalyze.cc:599] analyze timing path end vertex 8441 total 17728 end
I20260802 12:21:53.950943 21632 StaAnalyze.cc:565] analyze timing path end vertex 8451 total 17728 start
I20260802 12:21:53.950977 21632 StaAnalyze.cc:599] analyze timing path end vertex 8451 total 17728 end
I20260802 12:21:53.951076 21632 StaAnalyze.cc:565] analyze timing path end vertex 8461 total 17728 start
I20260802 12:21:53.951116 21632 StaAnalyze.cc:599] analyze timing path end vertex 8461 total 17728 end
I20260802 12:21:53.951192 21632 StaAnalyze.cc:565] analyze timing path end vertex 8471 total 17728 start
I20260802 12:21:53.951238 21632 StaAnalyze.cc:599] analyze timing path end vertex 8471 total 17728 end
I20260802 12:21:53.951298 21632 StaAnalyze.cc:565] analyze timing path end vertex 8481 total 17728 start
I20260802 12:21:53.951332 21632 StaAnalyze.cc:599] analyze timing path end vertex 8481 total 17728 end
I20260802 12:21:53.951354 21632 StaAnalyze.cc:303] add path data num 2 to rom.mem_109_22__reg_p:D
I20260802 12:21:53.951403 21632 StaAnalyze.cc:565] analyze timing path end vertex 8491 total 17728 start
I20260802 12:21:53.951437 21632 StaAnalyze.cc:599] analyze timing path end vertex 8491 total 17728 end
I20260802 12:21:53.951498 21632 StaAnalyze.cc:565] analyze timing path end vertex 8501 total 17728 start
I20260802 12:21:53.951534 21632 StaAnalyze.cc:599] analyze timing path end vertex 8501 total 17728 end
I20260802 12:21:53.951598 21632 StaAnalyze.cc:565] analyze timing path end vertex 8511 total 17728 start
I20260802 12:21:53.951637 21632 StaAnalyze.cc:599] analyze timing path end vertex 8511 total 17728 end
I20260802 12:21:53.951704 21632 StaAnalyze.cc:565] analyze timing path end vertex 8521 total 17728 start
I20260802 12:21:53.951737 21632 StaAnalyze.cc:599] analyze timing path end vertex 8521 total 17728 end
I20260802 12:21:53.951840 21632 StaAnalyze.cc:565] analyze timing path end vertex 8531 total 17728 start
I20260802 12:21:53.951882 21632 StaAnalyze.cc:599] analyze timing path end vertex 8531 total 17728 end
I20260802 12:21:53.951905 21632 StaAnalyze.cc:303] add path data num 2 to rom.mem_114_3__reg_p:D
I20260802 12:21:53.951958 21632 StaAnalyze.cc:565] analyze timing path end vertex 8541 total 17728 start
I20260802 12:21:53.951992 21632 StaAnalyze.cc:599] analyze timing path end vertex 8541 total 17728 end
I20260802 12:21:53.952055 21632 StaAnalyze.cc:565] analyze timing path end vertex 8551 total 17728 start
I20260802 12:21:53.952090 21632 StaAnalyze.cc:599] analyze timing path end vertex 8551 total 17728 end
I20260802 12:21:53.952154 21632 StaAnalyze.cc:565] analyze timing path end vertex 8561 total 17728 start
I20260802 12:21:53.952198 21632 StaAnalyze.cc:599] analyze timing path end vertex 8561 total 17728 end
I20260802 12:21:53.952256 21632 StaAnalyze.cc:565] analyze timing path end vertex 8571 total 17728 start
I20260802 12:21:53.952289 21632 StaAnalyze.cc:599] analyze timing path end vertex 8571 total 17728 end
I20260802 12:21:53.952354 21632 StaAnalyze.cc:565] analyze timing path end vertex 8581 total 17728 start
I20260802 12:21:53.952389 21632 StaAnalyze.cc:599] analyze timing path end vertex 8581 total 17728 end
I20260802 12:21:53.952425 21632 StaAnalyze.cc:303] add path data num 2 to rom.mem_116_1__reg_p:D
I20260802 12:21:53.952497 21632 StaAnalyze.cc:565] analyze timing path end vertex 8591 total 17728 start
I20260802 12:21:53.952539 21632 StaAnalyze.cc:599] analyze timing path end vertex 8591 total 17728 end
I20260802 12:21:53.952600 21632 StaAnalyze.cc:565] analyze timing path end vertex 8601 total 17728 start
I20260802 12:21:53.952672 21632 StaAnalyze.cc:599] analyze timing path end vertex 8601 total 17728 end
I20260802 12:21:53.952757 21632 StaAnalyze.cc:565] analyze timing path end vertex 8611 total 17728 start
I20260802 12:21:53.952798 21632 StaAnalyze.cc:599] analyze timing path end vertex 8611 total 17728 end
I20260802 12:21:53.952858 21632 StaAnalyze.cc:565] analyze timing path end vertex 8621 total 17728 start
I20260802 12:21:53.952901 21632 StaAnalyze.cc:599] analyze timing path end vertex 8621 total 17728 end
I20260802 12:21:53.952963 21632 StaAnalyze.cc:565] analyze timing path end vertex 8631 total 17728 start
I20260802 12:21:53.952997 21632 StaAnalyze.cc:599] analyze timing path end vertex 8631 total 17728 end
I20260802 12:21:53.953025 21632 StaAnalyze.cc:303] add path data num 2 to rom.mem_117_7__reg_p:D
I20260802 12:21:53.953091 21632 StaAnalyze.cc:565] analyze timing path end vertex 8641 total 17728 start
I20260802 12:21:53.953132 21632 StaAnalyze.cc:599] analyze timing path end vertex 8641 total 17728 end
I20260802 12:21:53.953210 21632 StaAnalyze.cc:565] analyze timing path end vertex 8651 total 17728 start
I20260802 12:21:53.953255 21632 StaAnalyze.cc:599] analyze timing path end vertex 8651 total 17728 end
I20260802 12:21:53.953315 21632 StaAnalyze.cc:565] analyze timing path end vertex 8661 total 17728 start
I20260802 12:21:53.953349 21632 StaAnalyze.cc:599] analyze timing path end vertex 8661 total 17728 end
I20260802 12:21:53.953447 21632 StaAnalyze.cc:565] analyze timing path end vertex 8671 total 17728 start
I20260802 12:21:53.953490 21632 StaAnalyze.cc:599] analyze timing path end vertex 8671 total 17728 end
I20260802 12:21:53.953550 21632 StaAnalyze.cc:565] analyze timing path end vertex 8681 total 17728 start
I20260802 12:21:53.953584 21632 StaAnalyze.cc:599] analyze timing path end vertex 8681 total 17728 end
I20260802 12:21:53.953611 21632 StaAnalyze.cc:303] add path data num 2 to rom.mem_119_23__reg_p:D
I20260802 12:21:53.953681 21632 StaAnalyze.cc:565] analyze timing path end vertex 8691 total 17728 start
I20260802 12:21:53.953727 21632 StaAnalyze.cc:599] analyze timing path end vertex 8691 total 17728 end
I20260802 12:21:53.953786 21632 StaAnalyze.cc:565] analyze timing path end vertex 8701 total 17728 start
I20260802 12:21:53.953821 21632 StaAnalyze.cc:599] analyze timing path end vertex 8701 total 17728 end
I20260802 12:21:53.953892 21632 StaAnalyze.cc:565] analyze timing path end vertex 8711 total 17728 start
I20260802 12:21:53.953926 21632 StaAnalyze.cc:599] analyze timing path end vertex 8711 total 17728 end
I20260802 12:21:53.954025 21632 StaAnalyze.cc:565] analyze timing path end vertex 8721 total 17728 start
I20260802 12:21:53.954066 21632 StaAnalyze.cc:599] analyze timing path end vertex 8721 total 17728 end
I20260802 12:21:53.954126 21632 StaAnalyze.cc:565] analyze timing path end vertex 8731 total 17728 start
I20260802 12:21:53.954185 21632 StaAnalyze.cc:599] analyze timing path end vertex 8731 total 17728 end
I20260802 12:21:53.954229 21632 StaAnalyze.cc:303] add path data num 2 to rom.mem_120_10__reg_p:D
I20260802 12:21:53.954308 21632 StaAnalyze.cc:565] analyze timing path end vertex 8741 total 17728 start
I20260802 12:21:53.954386 21632 StaAnalyze.cc:599] analyze timing path end vertex 8741 total 17728 end
I20260802 12:21:53.954473 21632 StaAnalyze.cc:565] analyze timing path end vertex 8751 total 17728 start
I20260802 12:21:53.954514 21632 StaAnalyze.cc:599] analyze timing path end vertex 8751 total 17728 end
I20260802 12:21:53.954574 21632 StaAnalyze.cc:565] analyze timing path end vertex 8761 total 17728 start
I20260802 12:21:53.954608 21632 StaAnalyze.cc:599] analyze timing path end vertex 8761 total 17728 end
I20260802 12:21:53.954669 21632 StaAnalyze.cc:565] analyze timing path end vertex 8771 total 17728 start
I20260802 12:21:53.954703 21632 StaAnalyze.cc:599] analyze timing path end vertex 8771 total 17728 end
I20260802 12:21:53.954766 21632 StaAnalyze.cc:565] analyze timing path end vertex 8781 total 17728 start
I20260802 12:21:53.954806 21632 StaAnalyze.cc:599] analyze timing path end vertex 8781 total 17728 end
I20260802 12:21:53.954829 21632 StaAnalyze.cc:303] add path data num 2 to rom.mem_121_27__reg_p:D
I20260802 12:21:53.954900 21632 StaAnalyze.cc:565] analyze timing path end vertex 8791 total 17728 start
I20260802 12:21:53.954939 21632 StaAnalyze.cc:599] analyze timing path end vertex 8791 total 17728 end
I20260802 12:21:53.955003 21632 StaAnalyze.cc:565] analyze timing path end vertex 8801 total 17728 start
I20260802 12:21:53.955049 21632 StaAnalyze.cc:599] analyze timing path end vertex 8801 total 17728 end
I20260802 12:21:53.955152 21632 StaAnalyze.cc:565] analyze timing path end vertex 8811 total 17728 start
I20260802 12:21:53.955197 21632 StaAnalyze.cc:599] analyze timing path end vertex 8811 total 17728 end
I20260802 12:21:53.955288 21632 StaAnalyze.cc:565] analyze timing path end vertex 8821 total 17728 start
I20260802 12:21:53.955335 21632 StaAnalyze.cc:599] analyze timing path end vertex 8821 total 17728 end
I20260802 12:21:53.955394 21632 StaAnalyze.cc:565] analyze timing path end vertex 8831 total 17728 start
I20260802 12:21:53.955428 21632 StaAnalyze.cc:599] analyze timing path end vertex 8831 total 17728 end
I20260802 12:21:53.955451 21632 StaAnalyze.cc:303] add path data num 2 to rom.mem_123_14__reg_p:D
I20260802 12:21:53.955502 21632 StaAnalyze.cc:565] analyze timing path end vertex 8841 total 17728 start
I20260802 12:21:53.955535 21632 StaAnalyze.cc:599] analyze timing path end vertex 8841 total 17728 end
I20260802 12:21:53.955600 21632 StaAnalyze.cc:565] analyze timing path end vertex 8851 total 17728 start
I20260802 12:21:53.955634 21632 StaAnalyze.cc:599] analyze timing path end vertex 8851 total 17728 end
I20260802 12:21:53.955695 21632 StaAnalyze.cc:565] analyze timing path end vertex 8861 total 17728 start
I20260802 12:21:53.955730 21632 StaAnalyze.cc:599] analyze timing path end vertex 8861 total 17728 end
I20260802 12:21:53.955808 21632 StaAnalyze.cc:565] analyze timing path end vertex 8871 total 17728 start
I20260802 12:21:53.955868 21632 StaAnalyze.cc:599] analyze timing path end vertex 8871 total 17728 end
I20260802 12:21:53.955972 21632 StaAnalyze.cc:565] analyze timing path end vertex 8881 total 17728 start
I20260802 12:21:53.956014 21632 StaAnalyze.cc:599] analyze timing path end vertex 8881 total 17728 end
I20260802 12:21:53.956037 21632 StaAnalyze.cc:303] add path data num 2 to rom.mem_124_30__reg_p:D
I20260802 12:21:53.956104 21632 StaAnalyze.cc:565] analyze timing path end vertex 8891 total 17728 start
I20260802 12:21:53.956146 21632 StaAnalyze.cc:599] analyze timing path end vertex 8891 total 17728 end
I20260802 12:21:53.956207 21632 StaAnalyze.cc:565] analyze timing path end vertex 8901 total 17728 start
I20260802 12:21:53.956240 21632 StaAnalyze.cc:599] analyze timing path end vertex 8901 total 17728 end
I20260802 12:21:53.956302 21632 StaAnalyze.cc:565] analyze timing path end vertex 8911 total 17728 start
I20260802 12:21:53.956341 21632 StaAnalyze.cc:599] analyze timing path end vertex 8911 total 17728 end
I20260802 12:21:53.956401 21632 StaAnalyze.cc:565] analyze timing path end vertex 8921 total 17728 start
I20260802 12:21:53.956434 21632 StaAnalyze.cc:599] analyze timing path end vertex 8921 total 17728 end
I20260802 12:21:53.956496 21632 StaAnalyze.cc:565] analyze timing path end vertex 8931 total 17728 start
I20260802 12:21:53.956529 21632 StaAnalyze.cc:599] analyze timing path end vertex 8931 total 17728 end
I20260802 12:21:53.956552 21632 StaAnalyze.cc:303] add path data num 2 to rom.mem_126_18__reg_p:D
I20260802 12:21:53.956599 21632 StaAnalyze.cc:565] analyze timing path end vertex 8941 total 17728 start
I20260802 12:21:53.956632 21632 StaAnalyze.cc:599] analyze timing path end vertex 8941 total 17728 end
I20260802 12:21:53.956697 21632 StaAnalyze.cc:565] analyze timing path end vertex 8951 total 17728 start
I20260802 12:21:53.956732 21632 StaAnalyze.cc:599] analyze timing path end vertex 8951 total 17728 end
I20260802 12:21:53.956835 21632 StaAnalyze.cc:565] analyze timing path end vertex 8961 total 17728 start
I20260802 12:21:53.956880 21632 StaAnalyze.cc:599] analyze timing path end vertex 8961 total 17728 end
I20260802 12:21:53.956943 21632 StaAnalyze.cc:565] analyze timing path end vertex 8971 total 17728 start
I20260802 12:21:53.956975 21632 StaAnalyze.cc:599] analyze timing path end vertex 8971 total 17728 end
I20260802 12:21:53.957038 21632 StaAnalyze.cc:565] analyze timing path end vertex 8981 total 17728 start
I20260802 12:21:53.957083 21632 StaAnalyze.cc:599] analyze timing path end vertex 8981 total 17728 end
I20260802 12:21:53.957108 21632 StaAnalyze.cc:303] add path data num 2 to rom.mem_127_5__reg_p:D
I20260802 12:21:53.957158 21632 StaAnalyze.cc:565] analyze timing path end vertex 8991 total 17728 start
I20260802 12:21:53.957171 21632 StaAnalyze.cc:599] analyze timing path end vertex 8991 total 17728 end
I20260802 12:21:53.957249 21632 StaAnalyze.cc:565] analyze timing path end vertex 9001 total 17728 start
I20260802 12:21:53.957293 21632 StaAnalyze.cc:599] analyze timing path end vertex 9001 total 17728 end
I20260802 12:21:53.957356 21632 StaAnalyze.cc:565] analyze timing path end vertex 9011 total 17728 start
I20260802 12:21:53.957391 21632 StaAnalyze.cc:599] analyze timing path end vertex 9011 total 17728 end
I20260802 12:21:53.957489 21632 StaAnalyze.cc:565] analyze timing path end vertex 9021 total 17728 start
I20260802 12:21:53.957530 21632 StaAnalyze.cc:599] analyze timing path end vertex 9021 total 17728 end
I20260802 12:21:53.957599 21632 StaAnalyze.cc:565] analyze timing path end vertex 9031 total 17728 start
I20260802 12:21:53.957633 21632 StaAnalyze.cc:599] analyze timing path end vertex 9031 total 17728 end
I20260802 12:21:53.957660 21632 StaAnalyze.cc:303] add path data num 2 to rom.mem_129_21__reg_p:D
I20260802 12:21:53.957705 21632 StaAnalyze.cc:565] analyze timing path end vertex 9041 total 17728 start
I20260802 12:21:53.957739 21632 StaAnalyze.cc:599] analyze timing path end vertex 9041 total 17728 end
I20260802 12:21:53.957815 21632 StaAnalyze.cc:565] analyze timing path end vertex 9051 total 17728 start
I20260802 12:21:53.957860 21632 StaAnalyze.cc:599] analyze timing path end vertex 9051 total 17728 end
I20260802 12:21:53.957922 21632 StaAnalyze.cc:565] analyze timing path end vertex 9061 total 17728 start
I20260802 12:21:53.957957 21632 StaAnalyze.cc:599] analyze timing path end vertex 9061 total 17728 end
I20260802 12:21:53.958050 21632 StaAnalyze.cc:565] analyze timing path end vertex 9071 total 17728 start
I20260802 12:21:53.958091 21632 StaAnalyze.cc:599] analyze timing path end vertex 9071 total 17728 end
I20260802 12:21:53.958151 21632 StaAnalyze.cc:565] analyze timing path end vertex 9081 total 17728 start
I20260802 12:21:53.958185 21632 StaAnalyze.cc:599] analyze timing path end vertex 9081 total 17728 end
I20260802 12:21:53.958216 21632 StaAnalyze.cc:303] add path data num 2 to rom.mem_12_9__reg_p:D
I20260802 12:21:53.958284 21632 StaAnalyze.cc:565] analyze timing path end vertex 9091 total 17728 start
I20260802 12:21:53.958362 21632 StaAnalyze.cc:599] analyze timing path end vertex 9091 total 17728 end
I20260802 12:21:53.958447 21632 StaAnalyze.cc:565] analyze timing path end vertex 9101 total 17728 start
I20260802 12:21:53.958488 21632 StaAnalyze.cc:599] analyze timing path end vertex 9101 total 17728 end
I20260802 12:21:53.958551 21632 StaAnalyze.cc:565] analyze timing path end vertex 9111 total 17728 start
I20260802 12:21:53.958586 21632 StaAnalyze.cc:599] analyze timing path end vertex 9111 total 17728 end
I20260802 12:21:53.958647 21632 StaAnalyze.cc:565] analyze timing path end vertex 9121 total 17728 start
I20260802 12:21:53.958681 21632 StaAnalyze.cc:599] analyze timing path end vertex 9121 total 17728 end
I20260802 12:21:53.958745 21632 StaAnalyze.cc:565] analyze timing path end vertex 9131 total 17728 start
I20260802 12:21:53.958781 21632 StaAnalyze.cc:599] analyze timing path end vertex 9131 total 17728 end
I20260802 12:21:53.958808 21632 StaAnalyze.cc:303] add path data num 2 to rom.mem_131_25__reg_p:D
I20260802 12:21:53.958879 21632 StaAnalyze.cc:565] analyze timing path end vertex 9141 total 17728 start
I20260802 12:21:53.958925 21632 StaAnalyze.cc:599] analyze timing path end vertex 9141 total 17728 end
I20260802 12:21:53.958987 21632 StaAnalyze.cc:565] analyze timing path end vertex 9151 total 17728 start
I20260802 12:21:53.959021 21632 StaAnalyze.cc:599] analyze timing path end vertex 9151 total 17728 end
I20260802 12:21:53.959084 21632 StaAnalyze.cc:565] analyze timing path end vertex 9161 total 17728 start
I20260802 12:21:53.959164 21632 StaAnalyze.cc:599] analyze timing path end vertex 9161 total 17728 end
I20260802 12:21:53.959227 21632 StaAnalyze.cc:565] analyze timing path end vertex 9171 total 17728 start
I20260802 12:21:53.959262 21632 StaAnalyze.cc:599] analyze timing path end vertex 9171 total 17728 end
I20260802 12:21:53.959331 21632 StaAnalyze.cc:565] analyze timing path end vertex 9181 total 17728 start
I20260802 12:21:53.959372 21632 StaAnalyze.cc:599] analyze timing path end vertex 9181 total 17728 end
I20260802 12:21:53.959393 21632 StaAnalyze.cc:303] add path data num 2 to rom.mem_133_12__reg_p:D
I20260802 12:21:53.959461 21632 StaAnalyze.cc:565] analyze timing path end vertex 9191 total 17728 start
I20260802 12:21:53.959502 21632 StaAnalyze.cc:599] analyze timing path end vertex 9191 total 17728 end
I20260802 12:21:53.959565 21632 StaAnalyze.cc:565] analyze timing path end vertex 9201 total 17728 start
I20260802 12:21:53.959601 21632 StaAnalyze.cc:599] analyze timing path end vertex 9201 total 17728 end
I20260802 12:21:53.959666 21632 StaAnalyze.cc:565] analyze timing path end vertex 9211 total 17728 start
I20260802 12:21:53.959699 21632 StaAnalyze.cc:599] analyze timing path end vertex 9211 total 17728 end
I20260802 12:21:53.959793 21632 StaAnalyze.cc:565] analyze timing path end vertex 9221 total 17728 start
I20260802 12:21:53.959833 21632 StaAnalyze.cc:599] analyze timing path end vertex 9221 total 17728 end
I20260802 12:21:53.959894 21632 StaAnalyze.cc:565] analyze timing path end vertex 9231 total 17728 start
I20260802 12:21:53.959967 21632 StaAnalyze.cc:599] analyze timing path end vertex 9231 total 17728 end
I20260802 12:21:53.960012 21632 StaAnalyze.cc:303] add path data num 2 to rom.mem_134_29__reg_p:D
I20260802 12:21:53.960067 21632 StaAnalyze.cc:565] analyze timing path end vertex 9241 total 17728 start
I20260802 12:21:53.960100 21632 StaAnalyze.cc:599] analyze timing path end vertex 9241 total 17728 end
I20260802 12:21:53.960161 21632 StaAnalyze.cc:565] analyze timing path end vertex 9251 total 17728 start
I20260802 12:21:53.960196 21632 StaAnalyze.cc:599] analyze timing path end vertex 9251 total 17728 end
I20260802 12:21:53.960258 21632 StaAnalyze.cc:565] analyze timing path end vertex 9261 total 17728 start
I20260802 12:21:53.960290 21632 StaAnalyze.cc:599] analyze timing path end vertex 9261 total 17728 end
I20260802 12:21:53.960351 21632 StaAnalyze.cc:565] analyze timing path end vertex 9271 total 17728 start
I20260802 12:21:53.960391 21632 StaAnalyze.cc:599] analyze timing path end vertex 9271 total 17728 end
I20260802 12:21:53.960455 21632 StaAnalyze.cc:565] analyze timing path end vertex 9281 total 17728 start
I20260802 12:21:53.960490 21632 StaAnalyze.cc:599] analyze timing path end vertex 9281 total 17728 end
I20260802 12:21:53.960512 21632 StaAnalyze.cc:303] add path data num 2 to ram.mem_112_1_3__reg_p:D
I20260802 12:21:53.960584 21632 StaAnalyze.cc:565] analyze timing path end vertex 9291 total 17728 start
I20260802 12:21:53.960624 21632 StaAnalyze.cc:599] analyze timing path end vertex 9291 total 17728 end
I20260802 12:21:53.960690 21632 StaAnalyze.cc:565] analyze timing path end vertex 9301 total 17728 start
I20260802 12:21:53.960724 21632 StaAnalyze.cc:599] analyze timing path end vertex 9301 total 17728 end
I20260802 12:21:53.960830 21632 StaAnalyze.cc:565] analyze timing path end vertex 9311 total 17728 start
I20260802 12:21:53.960877 21632 StaAnalyze.cc:599] analyze timing path end vertex 9311 total 17728 end
I20260802 12:21:53.960942 21632 StaAnalyze.cc:565] analyze timing path end vertex 9321 total 17728 start
I20260802 12:21:53.960975 21632 StaAnalyze.cc:599] analyze timing path end vertex 9321 total 17728 end
I20260802 12:21:53.961045 21632 StaAnalyze.cc:565] analyze timing path end vertex 9331 total 17728 start
I20260802 12:21:53.961081 21632 StaAnalyze.cc:599] analyze timing path end vertex 9331 total 17728 end
I20260802 12:21:53.961104 21632 StaAnalyze.cc:303] add path data num 2 to ram.mem_113_3_5__reg_p:D
I20260802 12:21:53.961175 21632 StaAnalyze.cc:565] analyze timing path end vertex 9341 total 17728 start
I20260802 12:21:53.961225 21632 StaAnalyze.cc:599] analyze timing path end vertex 9341 total 17728 end
I20260802 12:21:53.961288 21632 StaAnalyze.cc:565] analyze timing path end vertex 9351 total 17728 start
I20260802 12:21:53.961324 21632 StaAnalyze.cc:599] analyze timing path end vertex 9351 total 17728 end
I20260802 12:21:53.961390 21632 StaAnalyze.cc:565] analyze timing path end vertex 9361 total 17728 start
I20260802 12:21:53.961429 21632 StaAnalyze.cc:599] analyze timing path end vertex 9361 total 17728 end
I20260802 12:21:53.961527 21632 StaAnalyze.cc:565] analyze timing path end vertex 9371 total 17728 start
I20260802 12:21:53.961570 21632 StaAnalyze.cc:599] analyze timing path end vertex 9371 total 17728 end
I20260802 12:21:53.961635 21632 StaAnalyze.cc:565] analyze timing path end vertex 9381 total 17728 start
I20260802 12:21:53.961669 21632 StaAnalyze.cc:599] analyze timing path end vertex 9381 total 17728 end
I20260802 12:21:53.961692 21632 StaAnalyze.cc:303] add path data num 2 to ram.mem_115_1_7__reg_p:D
I20260802 12:21:53.961777 21632 StaAnalyze.cc:565] analyze timing path end vertex 9391 total 17728 start
I20260802 12:21:53.961818 21632 StaAnalyze.cc:599] analyze timing path end vertex 9391 total 17728 end
I20260802 12:21:53.961882 21632 StaAnalyze.cc:565] analyze timing path end vertex 9401 total 17728 start
I20260802 12:21:53.961921 21632 StaAnalyze.cc:599] analyze timing path end vertex 9401 total 17728 end
I20260802 12:21:53.962018 21632 StaAnalyze.cc:565] analyze timing path end vertex 9411 total 17728 start
I20260802 12:21:53.962059 21632 StaAnalyze.cc:599] analyze timing path end vertex 9411 total 17728 end
I20260802 12:21:53.962122 21632 StaAnalyze.cc:565] analyze timing path end vertex 9421 total 17728 start
I20260802 12:21:53.962157 21632 StaAnalyze.cc:599] analyze timing path end vertex 9421 total 17728 end
I20260802 12:21:53.962221 21632 StaAnalyze.cc:565] analyze timing path end vertex 9431 total 17728 start
I20260802 12:21:53.962255 21632 StaAnalyze.cc:599] analyze timing path end vertex 9431 total 17728 end
I20260802 12:21:53.962283 21632 StaAnalyze.cc:303] add path data num 2 to ram.mem_203_1_5__reg_p:D
I20260802 12:21:53.962352 21632 StaAnalyze.cc:565] analyze timing path end vertex 9441 total 17728 start
I20260802 12:21:53.962391 21632 StaAnalyze.cc:599] analyze timing path end vertex 9441 total 17728 end
I20260802 12:21:53.962494 21632 StaAnalyze.cc:565] analyze timing path end vertex 9451 total 17728 start
I20260802 12:21:53.962540 21632 StaAnalyze.cc:599] analyze timing path end vertex 9451 total 17728 end
I20260802 12:21:53.962606 21632 StaAnalyze.cc:565] analyze timing path end vertex 9461 total 17728 start
I20260802 12:21:53.962641 21632 StaAnalyze.cc:599] analyze timing path end vertex 9461 total 17728 end
I20260802 12:21:53.962705 21632 StaAnalyze.cc:565] analyze timing path end vertex 9471 total 17728 start
I20260802 12:21:53.962739 21632 StaAnalyze.cc:599] analyze timing path end vertex 9471 total 17728 end
I20260802 12:21:53.962826 21632 StaAnalyze.cc:565] analyze timing path end vertex 9481 total 17728 start
I20260802 12:21:53.962867 21632 StaAnalyze.cc:599] analyze timing path end vertex 9481 total 17728 end
I20260802 12:21:53.962894 21632 StaAnalyze.cc:303] add path data num 2 to ram.mem_204_3_7__reg_p:D
I20260802 12:21:53.962967 21632 StaAnalyze.cc:565] analyze timing path end vertex 9491 total 17728 start
I20260802 12:21:53.963017 21632 StaAnalyze.cc:599] analyze timing path end vertex 9491 total 17728 end
I20260802 12:21:53.963078 21632 StaAnalyze.cc:565] analyze timing path end vertex 9501 total 17728 start
I20260802 12:21:53.963111 21632 StaAnalyze.cc:599] analyze timing path end vertex 9501 total 17728 end
I20260802 12:21:53.963176 21632 StaAnalyze.cc:565] analyze timing path end vertex 9511 total 17728 start
I20260802 12:21:53.963209 21632 StaAnalyze.cc:599] analyze timing path end vertex 9511 total 17728 end
I20260802 12:21:53.963310 21632 StaAnalyze.cc:565] analyze timing path end vertex 9521 total 17728 start
I20260802 12:21:53.963362 21632 StaAnalyze.cc:599] analyze timing path end vertex 9521 total 17728 end
I20260802 12:21:53.963428 21632 StaAnalyze.cc:565] analyze timing path end vertex 9531 total 17728 start
I20260802 12:21:53.963464 21632 StaAnalyze.cc:599] analyze timing path end vertex 9531 total 17728 end
I20260802 12:21:53.963490 21632 StaAnalyze.cc:303] add path data num 2 to ram.mem_118_2_6__reg_p:D
I20260802 12:21:53.963562 21632 StaAnalyze.cc:565] analyze timing path end vertex 9541 total 17728 start
I20260802 12:21:53.963608 21632 StaAnalyze.cc:599] analyze timing path end vertex 9541 total 17728 end
I20260802 12:21:53.963672 21632 StaAnalyze.cc:565] analyze timing path end vertex 9551 total 17728 start
I20260802 12:21:53.963706 21632 StaAnalyze.cc:599] analyze timing path end vertex 9551 total 17728 end
I20260802 12:21:53.963788 21632 StaAnalyze.cc:565] analyze timing path end vertex 9561 total 17728 start
I20260802 12:21:53.963829 21632 StaAnalyze.cc:599] analyze timing path end vertex 9561 total 17728 end
I20260802 12:21:53.963894 21632 StaAnalyze.cc:565] analyze timing path end vertex 9571 total 17728 start
I20260802 12:21:53.963929 21632 StaAnalyze.cc:599] analyze timing path end vertex 9571 total 17728 end
I20260802 12:21:53.963994 21632 StaAnalyze.cc:565] analyze timing path end vertex 9581 total 17728 start
I20260802 12:21:53.964068 21632 StaAnalyze.cc:599] analyze timing path end vertex 9581 total 17728 end
I20260802 12:21:53.964112 21632 StaAnalyze.cc:303] add path data num 2 to ram.mem_11_1_0__reg_p:D
I20260802 12:21:53.964172 21632 StaAnalyze.cc:565] analyze timing path end vertex 9591 total 17728 start
I20260802 12:21:53.964206 21632 StaAnalyze.cc:599] analyze timing path end vertex 9591 total 17728 end
I20260802 12:21:53.964270 21632 StaAnalyze.cc:565] analyze timing path end vertex 9601 total 17728 start
I20260802 12:21:53.964305 21632 StaAnalyze.cc:599] analyze timing path end vertex 9601 total 17728 end
I20260802 12:21:53.964373 21632 StaAnalyze.cc:565] analyze timing path end vertex 9611 total 17728 start
I20260802 12:21:53.964408 21632 StaAnalyze.cc:599] analyze timing path end vertex 9611 total 17728 end
I20260802 12:21:53.964473 21632 StaAnalyze.cc:565] analyze timing path end vertex 9621 total 17728 start
I20260802 12:21:53.964506 21632 StaAnalyze.cc:599] analyze timing path end vertex 9621 total 17728 end
I20260802 12:21:53.964582 21632 StaAnalyze.cc:565] analyze timing path end vertex 9631 total 17728 start
I20260802 12:21:53.964622 21632 StaAnalyze.cc:599] analyze timing path end vertex 9631 total 17728 end
I20260802 12:21:53.964645 21632 StaAnalyze.cc:303] add path data num 2 to ram.mem_120_3_2__reg_p:D
I20260802 12:21:53.964717 21632 StaAnalyze.cc:565] analyze timing path end vertex 9641 total 17728 start
I20260802 12:21:53.964758 21632 StaAnalyze.cc:599] analyze timing path end vertex 9641 total 17728 end
I20260802 12:21:53.964838 21632 StaAnalyze.cc:565] analyze timing path end vertex 9651 total 17728 start
I20260802 12:21:53.964872 21632 StaAnalyze.cc:599] analyze timing path end vertex 9651 total 17728 end
I20260802 12:21:53.964972 21632 StaAnalyze.cc:565] analyze timing path end vertex 9661 total 17728 start
I20260802 12:21:53.965011 21632 StaAnalyze.cc:599] analyze timing path end vertex 9661 total 17728 end
I20260802 12:21:53.965078 21632 StaAnalyze.cc:565] analyze timing path end vertex 9671 total 17728 start
I20260802 12:21:53.965117 21632 StaAnalyze.cc:599] analyze timing path end vertex 9671 total 17728 end
I20260802 12:21:53.965181 21632 StaAnalyze.cc:565] analyze timing path end vertex 9681 total 17728 start
I20260802 12:21:53.965214 21632 StaAnalyze.cc:599] analyze timing path end vertex 9681 total 17728 end
I20260802 12:21:53.965236 21632 StaAnalyze.cc:303] add path data num 2 to ram.mem_122_1_4__reg_p:D
I20260802 12:21:53.965288 21632 StaAnalyze.cc:565] analyze timing path end vertex 9691 total 17728 start
I20260802 12:21:53.965322 21632 StaAnalyze.cc:599] analyze timing path end vertex 9691 total 17728 end
I20260802 12:21:53.965385 21632 StaAnalyze.cc:565] analyze timing path end vertex 9701 total 17728 start
I20260802 12:21:53.965430 21632 StaAnalyze.cc:599] analyze timing path end vertex 9701 total 17728 end
I20260802 12:21:53.965497 21632 StaAnalyze.cc:565] analyze timing path end vertex 9711 total 17728 start
I20260802 12:21:53.965530 21632 StaAnalyze.cc:599] analyze timing path end vertex 9711 total 17728 end
I20260802 12:21:53.965595 21632 StaAnalyze.cc:565] analyze timing path end vertex 9721 total 17728 start
I20260802 12:21:53.965665 21632 StaAnalyze.cc:599] analyze timing path end vertex 9721 total 17728 end
I20260802 12:21:53.965750 21632 StaAnalyze.cc:565] analyze timing path end vertex 9731 total 17728 start
I20260802 12:21:53.965802 21632 StaAnalyze.cc:599] analyze timing path end vertex 9731 total 17728 end
I20260802 12:21:53.965824 21632 StaAnalyze.cc:303] add path data num 2 to ram.mem_123_3_6__reg_p:D
I20260802 12:21:53.965878 21632 StaAnalyze.cc:565] analyze timing path end vertex 9741 total 17728 start
I20260802 12:21:53.965911 21632 StaAnalyze.cc:599] analyze timing path end vertex 9741 total 17728 end
I20260802 12:21:53.966005 21632 StaAnalyze.cc:565] analyze timing path end vertex 9751 total 17728 start
I20260802 12:21:53.966048 21632 StaAnalyze.cc:599] analyze timing path end vertex 9751 total 17728 end
I20260802 12:21:53.966109 21632 StaAnalyze.cc:565] analyze timing path end vertex 9761 total 17728 start
I20260802 12:21:53.966151 21632 StaAnalyze.cc:599] analyze timing path end vertex 9761 total 17728 end
I20260802 12:21:53.966218 21632 StaAnalyze.cc:565] analyze timing path end vertex 9771 total 17728 start
I20260802 12:21:53.966254 21632 StaAnalyze.cc:599] analyze timing path end vertex 9771 total 17728 end
I20260802 12:21:53.966318 21632 StaAnalyze.cc:565] analyze timing path end vertex 9781 total 17728 start
I20260802 12:21:53.966353 21632 StaAnalyze.cc:599] analyze timing path end vertex 9781 total 17728 end
I20260802 12:21:53.966377 21632 StaAnalyze.cc:303] add path data num 2 to ram.mem_125_2_0__reg_p:D
I20260802 12:21:53.966446 21632 StaAnalyze.cc:565] analyze timing path end vertex 9791 total 17728 start
I20260802 12:21:53.966487 21632 StaAnalyze.cc:599] analyze timing path end vertex 9791 total 17728 end
I20260802 12:21:53.966585 21632 StaAnalyze.cc:565] analyze timing path end vertex 9801 total 17728 start
I20260802 12:21:53.966632 21632 StaAnalyze.cc:599] analyze timing path end vertex 9801 total 17728 end
I20260802 12:21:53.966694 21632 StaAnalyze.cc:565] analyze timing path end vertex 9811 total 17728 start
I20260802 12:21:53.966728 21632 StaAnalyze.cc:599] analyze timing path end vertex 9811 total 17728 end
I20260802 12:21:53.966806 21632 StaAnalyze.cc:565] analyze timing path end vertex 9821 total 17728 start
I20260802 12:21:53.966847 21632 StaAnalyze.cc:599] analyze timing path end vertex 9821 total 17728 end
I20260802 12:21:53.966912 21632 StaAnalyze.cc:565] analyze timing path end vertex 9831 total 17728 start
I20260802 12:21:53.966945 21632 StaAnalyze.cc:599] analyze timing path end vertex 9831 total 17728 end
I20260802 12:21:53.966974 21632 StaAnalyze.cc:303] add path data num 2 to ram.mem_127_0_2__reg_p:D
I20260802 12:21:53.967044 21632 StaAnalyze.cc:565] analyze timing path end vertex 9841 total 17728 start
I20260802 12:21:53.967085 21632 StaAnalyze.cc:599] analyze timing path end vertex 9841 total 17728 end
I20260802 12:21:53.967150 21632 StaAnalyze.cc:565] analyze timing path end vertex 9851 total 17728 start
I20260802 12:21:53.967190 21632 StaAnalyze.cc:599] analyze timing path end vertex 9851 total 17728 end
I20260802 12:21:53.967252 21632 StaAnalyze.cc:565] analyze timing path end vertex 9861 total 17728 start
I20260802 12:21:53.967285 21632 StaAnalyze.cc:599] analyze timing path end vertex 9861 total 17728 end
I20260802 12:21:53.967388 21632 StaAnalyze.cc:565] analyze timing path end vertex 9871 total 17728 start
I20260802 12:21:53.967429 21632 StaAnalyze.cc:599] analyze timing path end vertex 9871 total 17728 end
I20260802 12:21:53.967494 21632 StaAnalyze.cc:565] analyze timing path end vertex 9881 total 17728 start
I20260802 12:21:53.967540 21632 StaAnalyze.cc:599] analyze timing path end vertex 9881 total 17728 end
I20260802 12:21:53.967567 21632 StaAnalyze.cc:303] add path data num 2 to ram.mem_128_2_4__reg_p:D
I20260802 12:21:53.967636 21632 StaAnalyze.cc:565] analyze timing path end vertex 9891 total 17728 start
I20260802 12:21:53.967682 21632 StaAnalyze.cc:599] analyze timing path end vertex 9891 total 17728 end
I20260802 12:21:53.967747 21632 StaAnalyze.cc:565] analyze timing path end vertex 9901 total 17728 start
I20260802 12:21:53.967784 21632 StaAnalyze.cc:599] analyze timing path end vertex 9901 total 17728 end
I20260802 12:21:53.967845 21632 StaAnalyze.cc:565] analyze timing path end vertex 9911 total 17728 start
I20260802 12:21:53.967880 21632 StaAnalyze.cc:599] analyze timing path end vertex 9911 total 17728 end
I20260802 12:21:53.967952 21632 StaAnalyze.cc:565] analyze timing path end vertex 9921 total 17728 start
I20260802 12:21:53.967986 21632 StaAnalyze.cc:599] analyze timing path end vertex 9921 total 17728 end
I20260802 12:21:53.968050 21632 StaAnalyze.cc:565] analyze timing path end vertex 9931 total 17728 start
I20260802 12:21:53.968084 21632 StaAnalyze.cc:599] analyze timing path end vertex 9931 total 17728 end
I20260802 12:21:53.968146 21632 StaAnalyze.cc:303] add path data num 2 to ram.mem_12_0_6__reg_p:D
I20260802 12:21:53.968222 21632 StaAnalyze.cc:565] analyze timing path end vertex 9941 total 17728 start
I20260802 12:21:53.968268 21632 StaAnalyze.cc:599] analyze timing path end vertex 9941 total 17728 end
I20260802 12:21:53.968330 21632 StaAnalyze.cc:565] analyze timing path end vertex 9951 total 17728 start
I20260802 12:21:53.968364 21632 StaAnalyze.cc:599] analyze timing path end vertex 9951 total 17728 end
I20260802 12:21:53.968433 21632 StaAnalyze.cc:565] analyze timing path end vertex 9961 total 17728 start
I20260802 12:21:53.968468 21632 StaAnalyze.cc:599] analyze timing path end vertex 9961 total 17728 end
I20260802 12:21:53.968533 21632 StaAnalyze.cc:565] analyze timing path end vertex 9971 total 17728 start
I20260802 12:21:53.968567 21632 StaAnalyze.cc:599] analyze timing path end vertex 9971 total 17728 end
I20260802 12:21:53.968631 21632 StaAnalyze.cc:565] analyze timing path end vertex 9981 total 17728 start
I20260802 12:21:53.968668 21632 StaAnalyze.cc:599] analyze timing path end vertex 9981 total 17728 end
I20260802 12:21:53.968691 21632 StaAnalyze.cc:303] add path data num 2 to ram.mem_130_3_0__reg_p:D
I20260802 12:21:53.968742 21632 StaAnalyze.cc:565] analyze timing path end vertex 9991 total 17728 start
I20260802 12:21:53.968781 21632 StaAnalyze.cc:599] analyze timing path end vertex 9991 total 17728 end
I20260802 12:21:53.968847 21632 StaAnalyze.cc:565] analyze timing path end vertex 10001 total 17728 start
I20260802 12:21:53.968879 21632 StaAnalyze.cc:599] analyze timing path end vertex 10001 total 17728 end
I20260802 12:21:53.968978 21632 StaAnalyze.cc:565] analyze timing path end vertex 10011 total 17728 start
I20260802 12:21:53.969020 21632 StaAnalyze.cc:599] analyze timing path end vertex 10011 total 17728 end
I20260802 12:21:53.969081 21632 StaAnalyze.cc:565] analyze timing path end vertex 10021 total 17728 start
I20260802 12:21:53.969116 21632 StaAnalyze.cc:599] analyze timing path end vertex 10021 total 17728 end
I20260802 12:21:53.969180 21632 StaAnalyze.cc:565] analyze timing path end vertex 10031 total 17728 start
I20260802 12:21:53.969219 21632 StaAnalyze.cc:599] analyze timing path end vertex 10031 total 17728 end
I20260802 12:21:53.969242 21632 StaAnalyze.cc:303] add path data num 2 to ram.mem_132_1_2__reg_p:D
I20260802 12:21:53.969295 21632 StaAnalyze.cc:565] analyze timing path end vertex 10041 total 17728 start
I20260802 12:21:53.969329 21632 StaAnalyze.cc:599] analyze timing path end vertex 10041 total 17728 end
I20260802 12:21:53.969390 21632 StaAnalyze.cc:565] analyze timing path end vertex 10051 total 17728 start
I20260802 12:21:53.969424 21632 StaAnalyze.cc:599] analyze timing path end vertex 10051 total 17728 end
I20260802 12:21:53.969487 21632 StaAnalyze.cc:565] analyze timing path end vertex 10061 total 17728 start
I20260802 12:21:53.969530 21632 StaAnalyze.cc:599] analyze timing path end vertex 10061 total 17728 end
I20260802 12:21:53.969600 21632 StaAnalyze.cc:565] analyze timing path end vertex 10071 total 17728 start
I20260802 12:21:53.969673 21632 StaAnalyze.cc:599] analyze timing path end vertex 10071 total 17728 end
I20260802 12:21:53.969759 21632 StaAnalyze.cc:565] analyze timing path end vertex 10081 total 17728 start
I20260802 12:21:53.969811 21632 StaAnalyze.cc:599] analyze timing path end vertex 10081 total 17728 end
I20260802 12:21:53.969833 21632 StaAnalyze.cc:303] add path data num 2 to ram.mem_133_3_4__reg_p:D
I20260802 12:21:53.969883 21632 StaAnalyze.cc:565] analyze timing path end vertex 10091 total 17728 start
I20260802 12:21:53.969918 21632 StaAnalyze.cc:599] analyze timing path end vertex 10091 total 17728 end
I20260802 12:21:53.970012 21632 StaAnalyze.cc:565] analyze timing path end vertex 10101 total 17728 start
I20260802 12:21:53.970054 21632 StaAnalyze.cc:599] analyze timing path end vertex 10101 total 17728 end
I20260802 12:21:53.970118 21632 StaAnalyze.cc:565] analyze timing path end vertex 10111 total 17728 start
I20260802 12:21:53.970153 21632 StaAnalyze.cc:599] analyze timing path end vertex 10111 total 17728 end
I20260802 12:21:53.970216 21632 StaAnalyze.cc:565] analyze timing path end vertex 10121 total 17728 start
I20260802 12:21:53.970255 21632 StaAnalyze.cc:599] analyze timing path end vertex 10121 total 17728 end
I20260802 12:21:53.970316 21632 StaAnalyze.cc:565] analyze timing path end vertex 10131 total 17728 start
I20260802 12:21:53.970350 21632 StaAnalyze.cc:599] analyze timing path end vertex 10131 total 17728 end
I20260802 12:21:53.970373 21632 StaAnalyze.cc:303] add path data num 2 to ram.mem_135_1_6__reg_p:D
I20260802 12:21:53.970422 21632 StaAnalyze.cc:565] analyze timing path end vertex 10141 total 17728 start
I20260802 12:21:53.970454 21632 StaAnalyze.cc:599] analyze timing path end vertex 10141 total 17728 end
I20260802 12:21:53.970556 21632 StaAnalyze.cc:565] analyze timing path end vertex 10151 total 17728 start
I20260802 12:21:53.970597 21632 StaAnalyze.cc:599] analyze timing path end vertex 10151 total 17728 end
I20260802 12:21:53.970661 21632 StaAnalyze.cc:565] analyze timing path end vertex 10161 total 17728 start
I20260802 12:21:53.970701 21632 StaAnalyze.cc:599] analyze timing path end vertex 10161 total 17728 end
I20260802 12:21:53.970779 21632 StaAnalyze.cc:565] analyze timing path end vertex 10171 total 17728 start
I20260802 12:21:53.970829 21632 StaAnalyze.cc:599] analyze timing path end vertex 10171 total 17728 end
I20260802 12:21:53.970898 21632 StaAnalyze.cc:565] analyze timing path end vertex 10181 total 17728 start
I20260802 12:21:53.970933 21632 StaAnalyze.cc:599] analyze timing path end vertex 10181 total 17728 end
I20260802 12:21:53.970955 21632 StaAnalyze.cc:303] add path data num 2 to ram.mem_137_0_0__reg_p:D
I20260802 12:21:53.971009 21632 StaAnalyze.cc:565] analyze timing path end vertex 10191 total 17728 start
I20260802 12:21:53.971043 21632 StaAnalyze.cc:599] analyze timing path end vertex 10191 total 17728 end
I20260802 12:21:53.971109 21632 StaAnalyze.cc:565] analyze timing path end vertex 10201 total 17728 start
I20260802 12:21:53.971148 21632 StaAnalyze.cc:599] analyze timing path end vertex 10201 total 17728 end
I20260802 12:21:53.971231 21632 StaAnalyze.cc:565] analyze timing path end vertex 10211 total 17728 start
I20260802 12:21:53.971271 21632 StaAnalyze.cc:599] analyze timing path end vertex 10211 total 17728 end
I20260802 12:21:53.971407 21632 StaAnalyze.cc:565] analyze timing path end vertex 10221 total 17728 start
I20260802 12:21:53.971462 21632 StaAnalyze.cc:599] analyze timing path end vertex 10221 total 17728 end
I20260802 12:21:53.971529 21632 StaAnalyze.cc:565] analyze timing path end vertex 10231 total 17728 start
I20260802 12:21:53.971563 21632 StaAnalyze.cc:599] analyze timing path end vertex 10231 total 17728 end
I20260802 12:21:53.971590 21632 StaAnalyze.cc:303] add path data num 2 to ram.mem_138_2_2__reg_p:D
I20260802 12:21:53.971673 21632 StaAnalyze.cc:565] analyze timing path end vertex 10241 total 17728 start
I20260802 12:21:53.971714 21632 StaAnalyze.cc:599] analyze timing path end vertex 10241 total 17728 end
I20260802 12:21:53.971791 21632 StaAnalyze.cc:565] analyze timing path end vertex 10251 total 17728 start
I20260802 12:21:53.971837 21632 StaAnalyze.cc:599] analyze timing path end vertex 10251 total 17728 end
I20260802 12:21:53.971899 21632 StaAnalyze.cc:565] analyze timing path end vertex 10261 total 17728 start
I20260802 12:21:53.971932 21632 StaAnalyze.cc:599] analyze timing path end vertex 10261 total 17728 end
I20260802 12:21:53.971994 21632 StaAnalyze.cc:565] analyze timing path end vertex 10271 total 17728 start
I20260802 12:21:53.972029 21632 StaAnalyze.cc:599] analyze timing path end vertex 10271 total 17728 end
I20260802 12:21:53.972092 21632 StaAnalyze.cc:565] analyze timing path end vertex 10281 total 17728 start
I20260802 12:21:53.972128 21632 StaAnalyze.cc:599] analyze timing path end vertex 10281 total 17728 end
I20260802 12:21:53.972190 21632 StaAnalyze.cc:303] add path data num 2 to ram.mem_13_0_4__reg_p:D
I20260802 12:21:53.972271 21632 StaAnalyze.cc:565] analyze timing path end vertex 10291 total 17728 start
I20260802 12:21:53.972317 21632 StaAnalyze.cc:599] analyze timing path end vertex 10291 total 17728 end
I20260802 12:21:53.972379 21632 StaAnalyze.cc:565] analyze timing path end vertex 10301 total 17728 start
I20260802 12:21:53.972414 21632 StaAnalyze.cc:599] analyze timing path end vertex 10301 total 17728 end
I20260802 12:21:53.973624 21632 StaAnalyze.cc:565] analyze timing path end vertex 10311 total 17728 start
I20260802 12:21:53.973672 21632 StaAnalyze.cc:599] analyze timing path end vertex 10311 total 17728 end
I20260802 12:21:53.973729 21632 StaAnalyze.cc:565] analyze timing path end vertex 10321 total 17728 start
I20260802 12:21:53.973762 21632 StaAnalyze.cc:599] analyze timing path end vertex 10321 total 17728 end
I20260802 12:21:53.973831 21632 StaAnalyze.cc:565] analyze timing path end vertex 10331 total 17728 start
I20260802 12:21:53.973865 21632 StaAnalyze.cc:599] analyze timing path end vertex 10331 total 17728 end
I20260802 12:21:53.973886 21632 StaAnalyze.cc:303] add path data num 2 to ram.mem_140_2_6__reg_p:D
I20260802 12:21:53.973934 21632 StaAnalyze.cc:565] analyze timing path end vertex 10341 total 17728 start
I20260802 12:21:53.973965 21632 StaAnalyze.cc:599] analyze timing path end vertex 10341 total 17728 end
I20260802 12:21:53.974036 21632 StaAnalyze.cc:565] analyze timing path end vertex 10351 total 17728 start
I20260802 12:21:53.974069 21632 StaAnalyze.cc:599] analyze timing path end vertex 10351 total 17728 end
I20260802 12:21:53.974143 21632 StaAnalyze.cc:565] analyze timing path end vertex 10361 total 17728 start
I20260802 12:21:53.974182 21632 StaAnalyze.cc:599] analyze timing path end vertex 10361 total 17728 end
I20260802 12:21:53.974272 21632 StaAnalyze.cc:565] analyze timing path end vertex 10371 total 17728 start
I20260802 12:21:53.974313 21632 StaAnalyze.cc:599] analyze timing path end vertex 10371 total 17728 end
I20260802 12:21:53.974367 21632 StaAnalyze.cc:565] analyze timing path end vertex 10381 total 17728 start
I20260802 12:21:53.974400 21632 StaAnalyze.cc:599] analyze timing path end vertex 10381 total 17728 end
I20260802 12:21:53.974422 21632 StaAnalyze.cc:303] add path data num 2 to ram.mem_142_1_0__reg_p:D
I20260802 12:21:53.974483 21632 StaAnalyze.cc:565] analyze timing path end vertex 10391 total 17728 start
I20260802 12:21:53.974524 21632 StaAnalyze.cc:599] analyze timing path end vertex 10391 total 17728 end
I20260802 12:21:53.974589 21632 StaAnalyze.cc:565] analyze timing path end vertex 10401 total 17728 start
I20260802 12:21:53.974630 21632 StaAnalyze.cc:599] analyze timing path end vertex 10401 total 17728 end
I20260802 12:21:53.974731 21632 StaAnalyze.cc:565] analyze timing path end vertex 10411 total 17728 start
I20260802 12:21:53.974797 21632 StaAnalyze.cc:599] analyze timing path end vertex 10411 total 17728 end
I20260802 12:21:53.974880 21632 StaAnalyze.cc:565] analyze timing path end vertex 10421 total 17728 start
I20260802 12:21:53.974895 21632 StaAnalyze.cc:599] analyze timing path end vertex 10421 total 17728 end
I20260802 12:21:53.974972 21632 StaAnalyze.cc:565] analyze timing path end vertex 10431 total 17728 start
I20260802 12:21:53.975013 21632 StaAnalyze.cc:599] analyze timing path end vertex 10431 total 17728 end
I20260802 12:21:53.975039 21632 StaAnalyze.cc:303] add path data num 2 to ram.mem_143_3_2__reg_p:D
I20260802 12:21:53.975086 21632 StaAnalyze.cc:565] analyze timing path end vertex 10441 total 17728 start
I20260802 12:21:53.975121 21632 StaAnalyze.cc:599] analyze timing path end vertex 10441 total 17728 end
I20260802 12:21:53.975184 21632 StaAnalyze.cc:565] analyze timing path end vertex 10451 total 17728 start
I20260802 12:21:53.975224 21632 StaAnalyze.cc:599] analyze timing path end vertex 10451 total 17728 end
I20260802 12:21:53.975284 21632 StaAnalyze.cc:565] analyze timing path end vertex 10461 total 17728 start
I20260802 12:21:53.975317 21632 StaAnalyze.cc:599] analyze timing path end vertex 10461 total 17728 end
I20260802 12:21:53.975379 21632 StaAnalyze.cc:565] analyze timing path end vertex 10471 total 17728 start
I20260802 12:21:53.975414 21632 StaAnalyze.cc:599] analyze timing path end vertex 10471 total 17728 end
I20260802 12:21:53.975512 21632 StaAnalyze.cc:565] analyze timing path end vertex 10481 total 17728 start
I20260802 12:21:53.975554 21632 StaAnalyze.cc:599] analyze timing path end vertex 10481 total 17728 end
I20260802 12:21:53.975581 21632 StaAnalyze.cc:303] add path data num 2 to ram.mem_145_1_4__reg_p:D
I20260802 12:21:53.975652 21632 StaAnalyze.cc:565] analyze timing path end vertex 10491 total 17728 start
I20260802 12:21:53.975698 21632 StaAnalyze.cc:599] analyze timing path end vertex 10491 total 17728 end
I20260802 12:21:53.975773 21632 StaAnalyze.cc:565] analyze timing path end vertex 10501 total 17728 start
I20260802 12:21:53.975813 21632 StaAnalyze.cc:599] analyze timing path end vertex 10501 total 17728 end
I20260802 12:21:53.975878 21632 StaAnalyze.cc:565] analyze timing path end vertex 10511 total 17728 start
I20260802 12:21:53.975914 21632 StaAnalyze.cc:599] analyze timing path end vertex 10511 total 17728 end
I20260802 12:21:53.975975 21632 StaAnalyze.cc:565] analyze timing path end vertex 10521 total 17728 start
I20260802 12:21:53.976009 21632 StaAnalyze.cc:599] analyze timing path end vertex 10521 total 17728 end
I20260802 12:21:53.976071 21632 StaAnalyze.cc:565] analyze timing path end vertex 10531 total 17728 start
I20260802 12:21:53.976106 21632 StaAnalyze.cc:599] analyze timing path end vertex 10531 total 17728 end
I20260802 12:21:53.976135 21632 StaAnalyze.cc:303] add path data num 2 to ram.mem_146_3_6__reg_p:D
I20260802 12:21:53.976181 21632 StaAnalyze.cc:565] analyze timing path end vertex 10541 total 17728 start
I20260802 12:21:53.976230 21632 StaAnalyze.cc:599] analyze timing path end vertex 10541 total 17728 end
I20260802 12:21:53.976330 21632 StaAnalyze.cc:565] analyze timing path end vertex 10551 total 17728 start
I20260802 12:21:53.976372 21632 StaAnalyze.cc:599] analyze timing path end vertex 10551 total 17728 end
I20260802 12:21:53.976434 21632 StaAnalyze.cc:565] analyze timing path end vertex 10561 total 17728 start
I20260802 12:21:53.976469 21632 StaAnalyze.cc:599] analyze timing path end vertex 10561 total 17728 end
I20260802 12:21:53.976532 21632 StaAnalyze.cc:565] analyze timing path end vertex 10571 total 17728 start
I20260802 12:21:53.976567 21632 StaAnalyze.cc:599] analyze timing path end vertex 10571 total 17728 end
I20260802 12:21:53.976630 21632 StaAnalyze.cc:565] analyze timing path end vertex 10581 total 17728 start
I20260802 12:21:53.976670 21632 StaAnalyze.cc:599] analyze timing path end vertex 10581 total 17728 end
I20260802 12:21:53.976692 21632 StaAnalyze.cc:303] add path data num 2 to ram.mem_148_2_0__reg_p:D
I20260802 12:21:53.976737 21632 StaAnalyze.cc:565] analyze timing path end vertex 10591 total 17728 start
I20260802 12:21:53.976784 21632 StaAnalyze.cc:599] analyze timing path end vertex 10591 total 17728 end
I20260802 12:21:53.976848 21632 StaAnalyze.cc:565] analyze timing path end vertex 10601 total 17728 start
I20260802 12:21:53.976883 21632 StaAnalyze.cc:599] analyze timing path end vertex 10601 total 17728 end
I20260802 12:21:53.976948 21632 StaAnalyze.cc:565] analyze timing path end vertex 10611 total 17728 start
I20260802 12:21:53.976982 21632 StaAnalyze.cc:599] analyze timing path end vertex 10611 total 17728 end
I20260802 12:21:53.977083 21632 StaAnalyze.cc:565] analyze timing path end vertex 10621 total 17728 start
I20260802 12:21:53.977125 21632 StaAnalyze.cc:599] analyze timing path end vertex 10621 total 17728 end
I20260802 12:21:53.977192 21632 StaAnalyze.cc:565] analyze timing path end vertex 10631 total 17728 start
I20260802 12:21:53.977232 21632 StaAnalyze.cc:599] analyze timing path end vertex 10631 total 17728 end
I20260802 12:21:53.977255 21632 StaAnalyze.cc:303] add path data num 2 to ram.mem_14_0_2__reg_p:D
I20260802 12:21:53.977308 21632 StaAnalyze.cc:565] analyze timing path end vertex 10641 total 17728 start
I20260802 12:21:53.977340 21632 StaAnalyze.cc:599] analyze timing path end vertex 10641 total 17728 end
I20260802 12:21:53.977406 21632 StaAnalyze.cc:565] analyze timing path end vertex 10651 total 17728 start
I20260802 12:21:53.977442 21632 StaAnalyze.cc:599] analyze timing path end vertex 10651 total 17728 end
I20260802 12:21:53.977509 21632 StaAnalyze.cc:565] analyze timing path end vertex 10661 total 17728 start
I20260802 12:21:53.977542 21632 StaAnalyze.cc:599] analyze timing path end vertex 10661 total 17728 end
I20260802 12:21:53.977609 21632 StaAnalyze.cc:565] analyze timing path end vertex 10671 total 17728 start
I20260802 12:21:53.977648 21632 StaAnalyze.cc:599] analyze timing path end vertex 10671 total 17728 end
I20260802 12:21:53.977706 21632 StaAnalyze.cc:565] analyze timing path end vertex 10681 total 17728 start
I20260802 12:21:53.977741 21632 StaAnalyze.cc:599] analyze timing path end vertex 10681 total 17728 end
I20260802 12:21:53.977775 21632 StaAnalyze.cc:303] add path data num 2 to ram.mem_150_2_4__reg_p:D
I20260802 12:21:53.977898 21632 StaAnalyze.cc:565] analyze timing path end vertex 10691 total 17728 start
I20260802 12:21:53.977941 21632 StaAnalyze.cc:599] analyze timing path end vertex 10691 total 17728 end
I20260802 12:21:53.978020 21632 StaAnalyze.cc:565] analyze timing path end vertex 10701 total 17728 start
I20260802 12:21:53.978056 21632 StaAnalyze.cc:599] analyze timing path end vertex 10701 total 17728 end
I20260802 12:21:53.978120 21632 StaAnalyze.cc:565] analyze timing path end vertex 10711 total 17728 start
I20260802 12:21:53.978154 21632 StaAnalyze.cc:599] analyze timing path end vertex 10711 total 17728 end
I20260802 12:21:53.978216 21632 StaAnalyze.cc:565] analyze timing path end vertex 10721 total 17728 start
I20260802 12:21:53.978251 21632 StaAnalyze.cc:599] analyze timing path end vertex 10721 total 17728 end
I20260802 12:21:53.978315 21632 StaAnalyze.cc:565] analyze timing path end vertex 10731 total 17728 start
I20260802 12:21:53.978350 21632 StaAnalyze.cc:599] analyze timing path end vertex 10731 total 17728 end
I20260802 12:21:53.978372 21632 StaAnalyze.cc:303] add path data num 2 to ram.mem_152_0_6__reg_p:D
I20260802 12:21:53.978422 21632 StaAnalyze.cc:565] analyze timing path end vertex 10741 total 17728 start
I20260802 12:21:53.978457 21632 StaAnalyze.cc:599] analyze timing path end vertex 10741 total 17728 end
I20260802 12:21:53.978520 21632 StaAnalyze.cc:565] analyze timing path end vertex 10751 total 17728 start
I20260802 12:21:53.978554 21632 StaAnalyze.cc:599] analyze timing path end vertex 10751 total 17728 end
I20260802 12:21:53.978663 21632 StaAnalyze.cc:565] analyze timing path end vertex 10761 total 17728 start
I20260802 12:21:53.978714 21632 StaAnalyze.cc:599] analyze timing path end vertex 10761 total 17728 end
I20260802 12:21:53.978792 21632 StaAnalyze.cc:565] analyze timing path end vertex 10771 total 17728 start
I20260802 12:21:53.978833 21632 StaAnalyze.cc:599] analyze timing path end vertex 10771 total 17728 end
I20260802 12:21:53.978930 21632 StaAnalyze.cc:565] analyze timing path end vertex 10781 total 17728 start
I20260802 12:21:53.978971 21632 StaAnalyze.cc:599] analyze timing path end vertex 10781 total 17728 end
I20260802 12:21:53.978994 21632 StaAnalyze.cc:303] add path data num 2 to ram.mem_153_3_0__reg_p:D
I20260802 12:21:53.979046 21632 StaAnalyze.cc:565] analyze timing path end vertex 10791 total 17728 start
I20260802 12:21:53.979079 21632 StaAnalyze.cc:599] analyze timing path end vertex 10791 total 17728 end
I20260802 12:21:53.979141 21632 StaAnalyze.cc:565] analyze timing path end vertex 10801 total 17728 start
I20260802 12:21:53.979177 21632 StaAnalyze.cc:599] analyze timing path end vertex 10801 total 17728 end
I20260802 12:21:53.979236 21632 StaAnalyze.cc:565] analyze timing path end vertex 10811 total 17728 start
I20260802 12:21:53.979270 21632 StaAnalyze.cc:599] analyze timing path end vertex 10811 total 17728 end
I20260802 12:21:53.979331 21632 StaAnalyze.cc:565] analyze timing path end vertex 10821 total 17728 start
I20260802 12:21:53.979365 21632 StaAnalyze.cc:599] analyze timing path end vertex 10821 total 17728 end
I20260802 12:21:53.979462 21632 StaAnalyze.cc:565] analyze timing path end vertex 10831 total 17728 start
I20260802 12:21:53.979503 21632 StaAnalyze.cc:599] analyze timing path end vertex 10831 total 17728 end
I20260802 12:21:53.979532 21632 StaAnalyze.cc:303] add path data num 2 to ram.mem_155_1_2__reg_p:D
I20260802 12:21:53.979611 21632 StaAnalyze.cc:565] analyze timing path end vertex 10841 total 17728 start
I20260802 12:21:53.979651 21632 StaAnalyze.cc:599] analyze timing path end vertex 10841 total 17728 end
I20260802 12:21:53.979712 21632 StaAnalyze.cc:565] analyze timing path end vertex 10851 total 17728 start
I20260802 12:21:53.979751 21632 StaAnalyze.cc:599] analyze timing path end vertex 10851 total 17728 end
I20260802 12:21:53.979831 21632 StaAnalyze.cc:565] analyze timing path end vertex 10861 total 17728 start
I20260802 12:21:53.979868 21632 StaAnalyze.cc:599] analyze timing path end vertex 10861 total 17728 end
I20260802 12:21:53.979933 21632 StaAnalyze.cc:565] analyze timing path end vertex 10871 total 17728 start
I20260802 12:21:53.979967 21632 StaAnalyze.cc:599] analyze timing path end vertex 10871 total 17728 end
I20260802 12:21:53.980028 21632 StaAnalyze.cc:565] analyze timing path end vertex 10881 total 17728 start
I20260802 12:21:53.980062 21632 StaAnalyze.cc:599] analyze timing path end vertex 10881 total 17728 end
I20260802 12:21:53.980090 21632 StaAnalyze.cc:303] add path data num 2 to ram.mem_156_3_4__reg_p:D
I20260802 12:21:53.980160 21632 StaAnalyze.cc:565] analyze timing path end vertex 10891 total 17728 start
I20260802 12:21:53.980206 21632 StaAnalyze.cc:599] analyze timing path end vertex 10891 total 17728 end
I20260802 12:21:53.980310 21632 StaAnalyze.cc:565] analyze timing path end vertex 10901 total 17728 start
I20260802 12:21:53.980351 21632 StaAnalyze.cc:599] analyze timing path end vertex 10901 total 17728 end
I20260802 12:21:53.980412 21632 StaAnalyze.cc:565] analyze timing path end vertex 10911 total 17728 start
I20260802 12:21:53.980448 21632 StaAnalyze.cc:599] analyze timing path end vertex 10911 total 17728 end
I20260802 12:21:53.980509 21632 StaAnalyze.cc:565] analyze timing path end vertex 10921 total 17728 start
I20260802 12:21:53.980544 21632 StaAnalyze.cc:599] analyze timing path end vertex 10921 total 17728 end
I20260802 12:21:53.980607 21632 StaAnalyze.cc:565] analyze timing path end vertex 10931 total 17728 start
I20260802 12:21:53.980641 21632 StaAnalyze.cc:599] analyze timing path end vertex 10931 total 17728 end
I20260802 12:21:53.980669 21632 StaAnalyze.cc:303] add path data num 2 to ram.mem_158_1_6__reg_p:D
I20260802 12:21:53.980737 21632 StaAnalyze.cc:565] analyze timing path end vertex 10941 total 17728 start
I20260802 12:21:53.980783 21632 StaAnalyze.cc:599] analyze timing path end vertex 10941 total 17728 end
I20260802 12:21:53.980846 21632 StaAnalyze.cc:565] analyze timing path end vertex 10951 total 17728 start
I20260802 12:21:53.980890 21632 StaAnalyze.cc:599] analyze timing path end vertex 10951 total 17728 end
I20260802 12:21:53.980973 21632 StaAnalyze.cc:565] analyze timing path end vertex 10961 total 17728 start
I20260802 12:21:53.981015 21632 StaAnalyze.cc:599] analyze timing path end vertex 10961 total 17728 end
I20260802 12:21:53.981113 21632 StaAnalyze.cc:565] analyze timing path end vertex 10971 total 17728 start
I20260802 12:21:53.981154 21632 StaAnalyze.cc:599] analyze timing path end vertex 10971 total 17728 end
I20260802 12:21:53.981216 21632 StaAnalyze.cc:565] analyze timing path end vertex 10981 total 17728 start
I20260802 12:21:53.981256 21632 StaAnalyze.cc:599] analyze timing path end vertex 10981 total 17728 end
I20260802 12:21:53.981278 21632 StaAnalyze.cc:303] add path data num 2 to ram.mem_15_0_0__reg_p:D
I20260802 12:21:53.981357 21632 StaAnalyze.cc:565] analyze timing path end vertex 10991 total 17728 start
I20260802 12:21:53.981398 21632 StaAnalyze.cc:599] analyze timing path end vertex 10991 total 17728 end
I20260802 12:21:53.981464 21632 StaAnalyze.cc:565] analyze timing path end vertex 11001 total 17728 start
I20260802 12:21:53.981498 21632 StaAnalyze.cc:599] analyze timing path end vertex 11001 total 17728 end
I20260802 12:21:53.981561 21632 StaAnalyze.cc:565] analyze timing path end vertex 11011 total 17728 start
I20260802 12:21:53.981596 21632 StaAnalyze.cc:599] analyze timing path end vertex 11011 total 17728 end
I20260802 12:21:53.981663 21632 StaAnalyze.cc:565] analyze timing path end vertex 11021 total 17728 start
I20260802 12:21:53.981698 21632 StaAnalyze.cc:599] analyze timing path end vertex 11021 total 17728 end
I20260802 12:21:53.981761 21632 StaAnalyze.cc:565] analyze timing path end vertex 11031 total 17728 start
I20260802 12:21:53.981822 21632 StaAnalyze.cc:599] analyze timing path end vertex 11031 total 17728 end
I20260802 12:21:53.981845 21632 StaAnalyze.cc:303] add path data num 2 to rom.mem_135_4__reg_p:D
I20260802 12:21:53.981956 21632 StaAnalyze.cc:565] analyze timing path end vertex 11041 total 17728 start
I20260802 12:21:53.982010 21632 StaAnalyze.cc:599] analyze timing path end vertex 11041 total 17728 end
I20260802 12:21:53.982074 21632 StaAnalyze.cc:565] analyze timing path end vertex 11051 total 17728 start
I20260802 12:21:53.982110 21632 StaAnalyze.cc:599] analyze timing path end vertex 11051 total 17728 end
I20260802 12:21:53.982172 21632 StaAnalyze.cc:565] analyze timing path end vertex 11061 total 17728 start
I20260802 12:21:53.982208 21632 StaAnalyze.cc:599] analyze timing path end vertex 11061 total 17728 end
I20260802 12:21:53.982517 21632 StaAnalyze.cc:565] analyze timing path end vertex 11071 total 17728 start
I20260802 12:21:53.982563 21632 StaAnalyze.cc:599] analyze timing path end vertex 11071 total 17728 end
I20260802 12:21:53.982626 21632 StaAnalyze.cc:565] analyze timing path end vertex 11081 total 17728 start
I20260802 12:21:53.982661 21632 StaAnalyze.cc:599] analyze timing path end vertex 11081 total 17728 end
I20260802 12:21:53.982683 21632 StaAnalyze.cc:303] add path data num 2 to rom.mem_137_20__reg_p:D
I20260802 12:21:53.982736 21632 StaAnalyze.cc:565] analyze timing path end vertex 11091 total 17728 start
I20260802 12:21:53.982780 21632 StaAnalyze.cc:599] analyze timing path end vertex 11091 total 17728 end
I20260802 12:21:53.982843 21632 StaAnalyze.cc:565] analyze timing path end vertex 11101 total 17728 start
I20260802 12:21:53.982877 21632 StaAnalyze.cc:599] analyze timing path end vertex 11101 total 17728 end
I20260802 12:21:53.982976 21632 StaAnalyze.cc:565] analyze timing path end vertex 11111 total 17728 start
I20260802 12:21:53.983022 21632 StaAnalyze.cc:599] analyze timing path end vertex 11111 total 17728 end
I20260802 12:21:53.983084 21632 StaAnalyze.cc:565] analyze timing path end vertex 11121 total 17728 start
I20260802 12:21:53.983119 21632 StaAnalyze.cc:599] analyze timing path end vertex 11121 total 17728 end
I20260802 12:21:53.983182 21632 StaAnalyze.cc:565] analyze timing path end vertex 11131 total 17728 start
I20260802 12:21:53.983232 21632 StaAnalyze.cc:599] analyze timing path end vertex 11131 total 17728 end
I20260802 12:21:53.983255 21632 StaAnalyze.cc:303] add path data num 2 to rom.mem_138_8__reg_p:D
I20260802 12:21:53.983310 21632 StaAnalyze.cc:565] analyze timing path end vertex 11141 total 17728 start
I20260802 12:21:53.983345 21632 StaAnalyze.cc:599] analyze timing path end vertex 11141 total 17728 end
I20260802 12:21:53.983407 21632 StaAnalyze.cc:565] analyze timing path end vertex 11151 total 17728 start
I20260802 12:21:53.983441 21632 StaAnalyze.cc:599] analyze timing path end vertex 11151 total 17728 end
I20260802 12:21:53.983503 21632 StaAnalyze.cc:565] analyze timing path end vertex 11161 total 17728 start
I20260802 12:21:53.983543 21632 StaAnalyze.cc:599] analyze timing path end vertex 11161 total 17728 end
I20260802 12:21:53.983606 21632 StaAnalyze.cc:565] analyze timing path end vertex 11171 total 17728 start
I20260802 12:21:53.983639 21632 StaAnalyze.cc:599] analyze timing path end vertex 11171 total 17728 end
I20260802 12:21:53.983740 21632 StaAnalyze.cc:565] analyze timing path end vertex 11181 total 17728 start
I20260802 12:21:53.983784 21632 StaAnalyze.cc:599] analyze timing path end vertex 11181 total 17728 end
I20260802 12:21:53.983806 21632 StaAnalyze.cc:303] add path data num 2 to rom.mem_13_24__reg_p:D
I20260802 12:21:53.983858 21632 StaAnalyze.cc:565] analyze timing path end vertex 11191 total 17728 start
I20260802 12:21:53.983891 21632 StaAnalyze.cc:599] analyze timing path end vertex 11191 total 17728 end
I20260802 12:21:53.983955 21632 StaAnalyze.cc:565] analyze timing path end vertex 11201 total 17728 start
I20260802 12:21:53.983994 21632 StaAnalyze.cc:599] analyze timing path end vertex 11201 total 17728 end
I20260802 12:21:53.984053 21632 StaAnalyze.cc:565] analyze timing path end vertex 11211 total 17728 start
I20260802 12:21:53.984088 21632 StaAnalyze.cc:599] analyze timing path end vertex 11211 total 17728 end
I20260802 12:21:53.984151 21632 StaAnalyze.cc:565] analyze timing path end vertex 11221 total 17728 start
I20260802 12:21:53.984185 21632 StaAnalyze.cc:599] analyze timing path end vertex 11221 total 17728 end
I20260802 12:21:53.984249 21632 StaAnalyze.cc:565] analyze timing path end vertex 11231 total 17728 start
I20260802 12:21:53.984284 21632 StaAnalyze.cc:599] analyze timing path end vertex 11231 total 17728 end
I20260802 12:21:53.984313 21632 StaAnalyze.cc:303] add path data num 2 to rom.mem_141_11__reg_p:D
I20260802 12:21:53.984380 21632 StaAnalyze.cc:565] analyze timing path end vertex 11241 total 17728 start
I20260802 12:21:53.984421 21632 StaAnalyze.cc:599] analyze timing path end vertex 11241 total 17728 end
I20260802 12:21:53.984519 21632 StaAnalyze.cc:565] analyze timing path end vertex 11251 total 17728 start
I20260802 12:21:53.984565 21632 StaAnalyze.cc:599] analyze timing path end vertex 11251 total 17728 end
I20260802 12:21:53.984627 21632 StaAnalyze.cc:565] analyze timing path end vertex 11261 total 17728 start
I20260802 12:21:53.984659 21632 StaAnalyze.cc:599] analyze timing path end vertex 11261 total 17728 end
I20260802 12:21:53.984723 21632 StaAnalyze.cc:565] analyze timing path end vertex 11271 total 17728 start
I20260802 12:21:53.984757 21632 StaAnalyze.cc:599] analyze timing path end vertex 11271 total 17728 end
I20260802 12:21:53.984836 21632 StaAnalyze.cc:565] analyze timing path end vertex 11281 total 17728 start
I20260802 12:21:53.984872 21632 StaAnalyze.cc:599] analyze timing path end vertex 11281 total 17728 end
I20260802 12:21:53.984906 21632 StaAnalyze.cc:303] add path data num 2 to rom.mem_142_28__reg_p:D
I20260802 12:21:53.984977 21632 StaAnalyze.cc:565] analyze timing path end vertex 11291 total 17728 start
I20260802 12:21:53.985021 21632 StaAnalyze.cc:599] analyze timing path end vertex 11291 total 17728 end
I20260802 12:21:53.985082 21632 StaAnalyze.cc:565] analyze timing path end vertex 11301 total 17728 start
I20260802 12:21:53.985116 21632 StaAnalyze.cc:599] analyze timing path end vertex 11301 total 17728 end
I20260802 12:21:53.985194 21632 StaAnalyze.cc:565] analyze timing path end vertex 11311 total 17728 start
I20260802 12:21:53.985229 21632 StaAnalyze.cc:599] analyze timing path end vertex 11311 total 17728 end
I20260802 12:21:53.985329 21632 StaAnalyze.cc:565] analyze timing path end vertex 11321 total 17728 start
I20260802 12:21:53.985371 21632 StaAnalyze.cc:599] analyze timing path end vertex 11321 total 17728 end
I20260802 12:21:53.985436 21632 StaAnalyze.cc:565] analyze timing path end vertex 11331 total 17728 start
I20260802 12:21:53.985471 21632 StaAnalyze.cc:599] analyze timing path end vertex 11331 total 17728 end
I20260802 12:21:53.985496 21632 StaAnalyze.cc:303] add path data num 2 to rom.mem_144_15__reg_p:D
I20260802 12:21:53.985564 21632 StaAnalyze.cc:565] analyze timing path end vertex 11341 total 17728 start
I20260802 12:21:53.985610 21632 StaAnalyze.cc:599] analyze timing path end vertex 11341 total 17728 end
I20260802 12:21:53.985697 21632 StaAnalyze.cc:565] analyze timing path end vertex 11351 total 17728 start
I20260802 12:21:53.985736 21632 StaAnalyze.cc:599] analyze timing path end vertex 11351 total 17728 end
I20260802 12:21:53.985826 21632 StaAnalyze.cc:565] analyze timing path end vertex 11361 total 17728 start
I20260802 12:21:53.985877 21632 StaAnalyze.cc:599] analyze timing path end vertex 11361 total 17728 end
I20260802 12:21:53.985936 21632 StaAnalyze.cc:565] analyze timing path end vertex 11371 total 17728 start
I20260802 12:21:53.985970 21632 StaAnalyze.cc:599] analyze timing path end vertex 11371 total 17728 end
I20260802 12:21:53.986068 21632 StaAnalyze.cc:565] analyze timing path end vertex 11381 total 17728 start
I20260802 12:21:53.986116 21632 StaAnalyze.cc:599] analyze timing path end vertex 11381 total 17728 end
I20260802 12:21:53.986140 21632 StaAnalyze.cc:303] add path data num 2 to rom.mem_145_31__reg_p:D
I20260802 12:21:53.986246 21632 StaAnalyze.cc:565] analyze timing path end vertex 11391 total 17728 start
I20260802 12:21:53.986287 21632 StaAnalyze.cc:599] analyze timing path end vertex 11391 total 17728 end
I20260802 12:21:53.986346 21632 StaAnalyze.cc:565] analyze timing path end vertex 11401 total 17728 start
I20260802 12:21:53.986380 21632 StaAnalyze.cc:599] analyze timing path end vertex 11401 total 17728 end
I20260802 12:21:53.986440 21632 StaAnalyze.cc:565] analyze timing path end vertex 11411 total 17728 start
I20260802 12:21:53.986475 21632 StaAnalyze.cc:599] analyze timing path end vertex 11411 total 17728 end
I20260802 12:21:53.986541 21632 StaAnalyze.cc:565] analyze timing path end vertex 11421 total 17728 start
I20260802 12:21:53.986579 21632 StaAnalyze.cc:599] analyze timing path end vertex 11421 total 17728 end
I20260802 12:21:53.986647 21632 StaAnalyze.cc:565] analyze timing path end vertex 11431 total 17728 start
I20260802 12:21:53.986681 21632 StaAnalyze.cc:599] analyze timing path end vertex 11431 total 17728 end
I20260802 12:21:53.986704 21632 StaAnalyze.cc:303] add path data num 2 to rom.mem_147_19__reg_p:D
I20260802 12:21:53.986758 21632 StaAnalyze.cc:565] analyze timing path end vertex 11441 total 17728 start
I20260802 12:21:53.986805 21632 StaAnalyze.cc:599] analyze timing path end vertex 11441 total 17728 end
I20260802 12:21:53.986871 21632 StaAnalyze.cc:565] analyze timing path end vertex 11451 total 17728 start
I20260802 12:21:53.986905 21632 StaAnalyze.cc:599] analyze timing path end vertex 11451 total 17728 end
I20260802 12:21:53.987028 21632 StaAnalyze.cc:565] analyze timing path end vertex 11461 total 17728 start
I20260802 12:21:53.987071 21632 StaAnalyze.cc:599] analyze timing path end vertex 11461 total 17728 end
I20260802 12:21:53.987130 21632 StaAnalyze.cc:565] analyze timing path end vertex 11471 total 17728 start
I20260802 12:21:53.987167 21632 StaAnalyze.cc:599] analyze timing path end vertex 11471 total 17728 end
I20260802 12:21:53.987233 21632 StaAnalyze.cc:565] analyze timing path end vertex 11481 total 17728 start
I20260802 12:21:53.987267 21632 StaAnalyze.cc:599] analyze timing path end vertex 11481 total 17728 end
I20260802 12:21:53.987290 21632 StaAnalyze.cc:303] add path data num 2 to rom.mem_148_6__reg_p:D
I20260802 12:21:53.987375 21632 StaAnalyze.cc:565] analyze timing path end vertex 11491 total 17728 start
I20260802 12:21:53.987416 21632 StaAnalyze.cc:599] analyze timing path end vertex 11491 total 17728 end
I20260802 12:21:53.987475 21632 StaAnalyze.cc:565] analyze timing path end vertex 11501 total 17728 start
I20260802 12:21:53.987509 21632 StaAnalyze.cc:599] analyze timing path end vertex 11501 total 17728 end
I20260802 12:21:53.987573 21632 StaAnalyze.cc:565] analyze timing path end vertex 11511 total 17728 start
I20260802 12:21:53.987613 21632 StaAnalyze.cc:599] analyze timing path end vertex 11511 total 17728 end
I20260802 12:21:53.987694 21632 StaAnalyze.cc:565] analyze timing path end vertex 11521 total 17728 start
I20260802 12:21:53.987735 21632 StaAnalyze.cc:599] analyze timing path end vertex 11521 total 17728 end
I20260802 12:21:53.987862 21632 StaAnalyze.cc:565] analyze timing path end vertex 11531 total 17728 start
I20260802 12:21:53.987903 21632 StaAnalyze.cc:599] analyze timing path end vertex 11531 total 17728 end
I20260802 12:21:53.987926 21632 StaAnalyze.cc:303] add path data num 2 to rom.mem_14_22__reg_p:D
I20260802 12:21:53.987975 21632 StaAnalyze.cc:565] analyze timing path end vertex 11541 total 17728 start
I20260802 12:21:53.988009 21632 StaAnalyze.cc:599] analyze timing path end vertex 11541 total 17728 end
I20260802 12:21:53.988071 21632 StaAnalyze.cc:565] analyze timing path end vertex 11551 total 17728 start
I20260802 12:21:53.988106 21632 StaAnalyze.cc:599] analyze timing path end vertex 11551 total 17728 end
I20260802 12:21:53.988168 21632 StaAnalyze.cc:565] analyze timing path end vertex 11561 total 17728 start
I20260802 12:21:53.988207 21632 StaAnalyze.cc:599] analyze timing path end vertex 11561 total 17728 end
I20260802 12:21:53.988268 21632 StaAnalyze.cc:565] analyze timing path end vertex 11571 total 17728 start
I20260802 12:21:53.988302 21632 StaAnalyze.cc:599] analyze timing path end vertex 11571 total 17728 end
I20260802 12:21:53.988372 21632 StaAnalyze.cc:565] analyze timing path end vertex 11581 total 17728 start
I20260802 12:21:53.988406 21632 StaAnalyze.cc:599] analyze timing path end vertex 11581 total 17728 end
I20260802 12:21:53.988430 21632 StaAnalyze.cc:303] add path data num 2 to rom.mem_151_0__reg_p:D
I20260802 12:21:53.988483 21632 StaAnalyze.cc:565] analyze timing path end vertex 11591 total 17728 start
I20260802 12:21:53.988516 21632 StaAnalyze.cc:599] analyze timing path end vertex 11591 total 17728 end
I20260802 12:21:53.988615 21632 StaAnalyze.cc:565] analyze timing path end vertex 11601 total 17728 start
I20260802 12:21:53.988660 21632 StaAnalyze.cc:599] analyze timing path end vertex 11601 total 17728 end
I20260802 12:21:53.988720 21632 StaAnalyze.cc:565] analyze timing path end vertex 11611 total 17728 start
I20260802 12:21:53.988754 21632 StaAnalyze.cc:599] analyze timing path end vertex 11611 total 17728 end
I20260802 12:21:53.988831 21632 StaAnalyze.cc:565] analyze timing path end vertex 11621 total 17728 start
I20260802 12:21:53.988868 21632 StaAnalyze.cc:599] analyze timing path end vertex 11621 total 17728 end
I20260802 12:21:53.988929 21632 StaAnalyze.cc:565] analyze timing path end vertex 11631 total 17728 start
I20260802 12:21:53.988962 21632 StaAnalyze.cc:599] analyze timing path end vertex 11631 total 17728 end
I20260802 12:21:53.988991 21632 StaAnalyze.cc:303] add path data num 2 to rom.mem_152_26__reg_p:D
I20260802 12:21:53.989059 21632 StaAnalyze.cc:565] analyze timing path end vertex 11641 total 17728 start
I20260802 12:21:53.989100 21632 StaAnalyze.cc:599] analyze timing path end vertex 11641 total 17728 end
I20260802 12:21:53.989161 21632 StaAnalyze.cc:565] analyze timing path end vertex 11651 total 17728 start
I20260802 12:21:53.989198 21632 StaAnalyze.cc:599] analyze timing path end vertex 11651 total 17728 end
I20260802 12:21:53.989257 21632 StaAnalyze.cc:565] analyze timing path end vertex 11661 total 17728 start
I20260802 12:21:53.989291 21632 StaAnalyze.cc:599] analyze timing path end vertex 11661 total 17728 end
I20260802 12:21:53.989403 21632 StaAnalyze.cc:565] analyze timing path end vertex 11671 total 17728 start
I20260802 12:21:53.989444 21632 StaAnalyze.cc:599] analyze timing path end vertex 11671 total 17728 end
I20260802 12:21:53.989509 21632 StaAnalyze.cc:565] analyze timing path end vertex 11681 total 17728 start
I20260802 12:21:53.989544 21632 StaAnalyze.cc:599] analyze timing path end vertex 11681 total 17728 end
I20260802 12:21:53.989573 21632 StaAnalyze.cc:303] add path data num 2 to rom.mem_154_13__reg_p:D
I20260802 12:21:53.989640 21632 StaAnalyze.cc:565] analyze timing path end vertex 11691 total 17728 start
I20260802 12:21:53.989686 21632 StaAnalyze.cc:599] analyze timing path end vertex 11691 total 17728 end
I20260802 12:21:53.989749 21632 StaAnalyze.cc:565] analyze timing path end vertex 11701 total 17728 start
I20260802 12:21:53.989816 21632 StaAnalyze.cc:599] analyze timing path end vertex 11701 total 17728 end
I20260802 12:21:53.989885 21632 StaAnalyze.cc:565] analyze timing path end vertex 11711 total 17728 start
I20260802 12:21:53.989920 21632 StaAnalyze.cc:599] analyze timing path end vertex 11711 total 17728 end
I20260802 12:21:53.989996 21632 StaAnalyze.cc:565] analyze timing path end vertex 11721 total 17728 start
I20260802 12:21:53.990010 21632 StaAnalyze.cc:599] analyze timing path end vertex 11721 total 17728 end
I20260802 12:21:53.990072 21632 StaAnalyze.cc:565] analyze timing path end vertex 11731 total 17728 start
I20260802 12:21:53.990110 21632 StaAnalyze.cc:599] analyze timing path end vertex 11731 total 17728 end
I20260802 12:21:53.990134 21632 StaAnalyze.cc:303] add path data num 2 to rom.mem_155_2__reg_p:D
I20260802 12:21:53.990239 21632 StaAnalyze.cc:565] analyze timing path end vertex 11741 total 17728 start
I20260802 12:21:53.990295 21632 StaAnalyze.cc:599] analyze timing path end vertex 11741 total 17728 end
I20260802 12:21:53.990356 21632 StaAnalyze.cc:565] analyze timing path end vertex 11751 total 17728 start
I20260802 12:21:53.990392 21632 StaAnalyze.cc:599] analyze timing path end vertex 11751 total 17728 end
I20260802 12:21:53.990458 21632 StaAnalyze.cc:565] analyze timing path end vertex 11761 total 17728 start
I20260802 12:21:53.990492 21632 StaAnalyze.cc:599] analyze timing path end vertex 11761 total 17728 end
I20260802 12:21:53.990557 21632 StaAnalyze.cc:565] analyze timing path end vertex 11771 total 17728 start
I20260802 12:21:53.990592 21632 StaAnalyze.cc:599] analyze timing path end vertex 11771 total 17728 end
I20260802 12:21:53.990653 21632 StaAnalyze.cc:565] analyze timing path end vertex 11781 total 17728 start
I20260802 12:21:53.990690 21632 StaAnalyze.cc:599] analyze timing path end vertex 11781 total 17728 end
I20260802 12:21:53.990715 21632 StaAnalyze.cc:303] add path data num 2 to rom.mem_157_17__reg_p:D
I20260802 12:21:53.990796 21632 StaAnalyze.cc:565] analyze timing path end vertex 11791 total 17728 start
I20260802 12:21:53.990837 21632 StaAnalyze.cc:599] analyze timing path end vertex 11791 total 17728 end
I20260802 12:21:53.990900 21632 StaAnalyze.cc:565] analyze timing path end vertex 11801 total 17728 start
I20260802 12:21:53.990935 21632 StaAnalyze.cc:599] analyze timing path end vertex 11801 total 17728 end
I20260802 12:21:53.991034 21632 StaAnalyze.cc:565] analyze timing path end vertex 11811 total 17728 start
I20260802 12:21:53.991075 21632 StaAnalyze.cc:599] analyze timing path end vertex 11811 total 17728 end
I20260802 12:21:53.991138 21632 StaAnalyze.cc:565] analyze timing path end vertex 11821 total 17728 start
I20260802 12:21:53.991178 21632 StaAnalyze.cc:599] analyze timing path end vertex 11821 total 17728 end
I20260802 12:21:53.991238 21632 StaAnalyze.cc:565] analyze timing path end vertex 11831 total 17728 start
I20260802 12:21:53.991272 21632 StaAnalyze.cc:599] analyze timing path end vertex 11831 total 17728 end
I20260802 12:21:53.991294 21632 StaAnalyze.cc:303] add path data num 2 to rom.mem_158_4__reg_p:D
I20260802 12:21:53.991357 21632 StaAnalyze.cc:565] analyze timing path end vertex 11841 total 17728 start
I20260802 12:21:53.991411 21632 StaAnalyze.cc:599] analyze timing path end vertex 11841 total 17728 end
I20260802 12:21:53.991477 21632 StaAnalyze.cc:565] analyze timing path end vertex 11851 total 17728 start
I20260802 12:21:53.991513 21632 StaAnalyze.cc:599] analyze timing path end vertex 11851 total 17728 end
I20260802 12:21:53.991575 21632 StaAnalyze.cc:565] analyze timing path end vertex 11861 total 17728 start
I20260802 12:21:53.991607 21632 StaAnalyze.cc:599] analyze timing path end vertex 11861 total 17728 end
I20260802 12:21:53.991672 21632 StaAnalyze.cc:565] analyze timing path end vertex 11871 total 17728 start
I20260802 12:21:53.991712 21632 StaAnalyze.cc:599] analyze timing path end vertex 11871 total 17728 end
I20260802 12:21:53.991822 21632 StaAnalyze.cc:565] analyze timing path end vertex 11881 total 17728 start
I20260802 12:21:53.991863 21632 StaAnalyze.cc:599] analyze timing path end vertex 11881 total 17728 end
I20260802 12:21:53.991884 21632 StaAnalyze.cc:303] add path data num 2 to rom.mem_15_20__reg_p:D
I20260802 12:21:53.991936 21632 StaAnalyze.cc:565] analyze timing path end vertex 11891 total 17728 start
I20260802 12:21:53.991971 21632 StaAnalyze.cc:599] analyze timing path end vertex 11891 total 17728 end
I20260802 12:21:53.992034 21632 StaAnalyze.cc:565] analyze timing path end vertex 11901 total 17728 start
I20260802 12:21:53.992069 21632 StaAnalyze.cc:599] analyze timing path end vertex 11901 total 17728 end
I20260802 12:21:53.992133 21632 StaAnalyze.cc:565] analyze timing path end vertex 11911 total 17728 start
I20260802 12:21:53.992172 21632 StaAnalyze.cc:599] analyze timing path end vertex 11911 total 17728 end
I20260802 12:21:53.992233 21632 StaAnalyze.cc:565] analyze timing path end vertex 11921 total 17728 start
I20260802 12:21:53.992267 21632 StaAnalyze.cc:599] analyze timing path end vertex 11921 total 17728 end
I20260802 12:21:53.992333 21632 StaAnalyze.cc:565] analyze timing path end vertex 11931 total 17728 start
I20260802 12:21:53.992367 21632 StaAnalyze.cc:599] analyze timing path end vertex 11931 total 17728 end
I20260802 12:21:53.992389 21632 StaAnalyze.cc:303] add path data num 2 to rom.mem_160_8__reg_p:D
I20260802 12:21:53.992441 21632 StaAnalyze.cc:565] analyze timing path end vertex 11941 total 17728 start
I20260802 12:21:53.992475 21632 StaAnalyze.cc:599] analyze timing path end vertex 11941 total 17728 end
I20260802 12:21:53.992573 21632 StaAnalyze.cc:565] analyze timing path end vertex 11951 total 17728 start
I20260802 12:21:53.992614 21632 StaAnalyze.cc:599] analyze timing path end vertex 11951 total 17728 end
I20260802 12:21:53.992681 21632 StaAnalyze.cc:565] analyze timing path end vertex 11961 total 17728 start
I20260802 12:21:53.992714 21632 StaAnalyze.cc:599] analyze timing path end vertex 11961 total 17728 end
I20260802 12:21:53.992792 21632 StaAnalyze.cc:565] analyze timing path end vertex 11971 total 17728 start
I20260802 12:21:53.992832 21632 StaAnalyze.cc:599] analyze timing path end vertex 11971 total 17728 end
I20260802 12:21:53.992893 21632 StaAnalyze.cc:565] analyze timing path end vertex 11981 total 17728 start
I20260802 12:21:53.992926 21632 StaAnalyze.cc:599] analyze timing path end vertex 11981 total 17728 end
I20260802 12:21:53.992957 21632 StaAnalyze.cc:303] add path data num 2 to rom.mem_162_24__reg_p:D
I20260802 12:21:53.993026 21632 StaAnalyze.cc:565] analyze timing path end vertex 11991 total 17728 start
I20260802 12:21:53.993067 21632 StaAnalyze.cc:599] analyze timing path end vertex 11991 total 17728 end
I20260802 12:21:53.993146 21632 StaAnalyze.cc:565] analyze timing path end vertex 12001 total 17728 start
I20260802 12:21:53.993191 21632 StaAnalyze.cc:599] analyze timing path end vertex 12001 total 17728 end
I20260802 12:21:53.993250 21632 StaAnalyze.cc:565] analyze timing path end vertex 12011 total 17728 start
I20260802 12:21:53.993284 21632 StaAnalyze.cc:599] analyze timing path end vertex 12011 total 17728 end
I20260802 12:21:53.993386 21632 StaAnalyze.cc:565] analyze timing path end vertex 12021 total 17728 start
I20260802 12:21:53.993438 21632 StaAnalyze.cc:599] analyze timing path end vertex 12021 total 17728 end
I20260802 12:21:53.993505 21632 StaAnalyze.cc:565] analyze timing path end vertex 12031 total 17728 start
I20260802 12:21:53.993541 21632 StaAnalyze.cc:599] analyze timing path end vertex 12031 total 17728 end
I20260802 12:21:53.993568 21632 StaAnalyze.cc:303] add path data num 2 to rom.mem_164_11__reg_p:D
I20260802 12:21:53.993635 21632 StaAnalyze.cc:565] analyze timing path end vertex 12041 total 17728 start
I20260802 12:21:53.993680 21632 StaAnalyze.cc:599] analyze timing path end vertex 12041 total 17728 end
I20260802 12:21:53.993743 21632 StaAnalyze.cc:565] analyze timing path end vertex 12051 total 17728 start
I20260802 12:21:53.993781 21632 StaAnalyze.cc:599] analyze timing path end vertex 12051 total 17728 end
I20260802 12:21:53.993845 21632 StaAnalyze.cc:565] analyze timing path end vertex 12061 total 17728 start
I20260802 12:21:53.993880 21632 StaAnalyze.cc:599] analyze timing path end vertex 12061 total 17728 end
I20260802 12:21:53.993942 21632 StaAnalyze.cc:565] analyze timing path end vertex 12071 total 17728 start
I20260802 12:21:53.994005 21632 StaAnalyze.cc:599] analyze timing path end vertex 12071 total 17728 end
I20260802 12:21:53.994086 21632 StaAnalyze.cc:565] analyze timing path end vertex 12081 total 17728 start
I20260802 12:21:53.994127 21632 StaAnalyze.cc:599] analyze timing path end vertex 12081 total 17728 end
I20260802 12:21:53.994154 21632 StaAnalyze.cc:303] add path data num 2 to rom.mem_165_28__reg_p:D
I20260802 12:21:53.994233 21632 StaAnalyze.cc:565] analyze timing path end vertex 12091 total 17728 start
I20260802 12:21:53.994278 21632 StaAnalyze.cc:599] analyze timing path end vertex 12091 total 17728 end
I20260802 12:21:53.994336 21632 StaAnalyze.cc:565] analyze timing path end vertex 12101 total 17728 start
I20260802 12:21:53.994369 21632 StaAnalyze.cc:599] analyze timing path end vertex 12101 total 17728 end
I20260802 12:21:53.994431 21632 StaAnalyze.cc:565] analyze timing path end vertex 12111 total 17728 start
I20260802 12:21:53.994465 21632 StaAnalyze.cc:599] analyze timing path end vertex 12111 total 17728 end
I20260802 12:21:53.994529 21632 StaAnalyze.cc:565] analyze timing path end vertex 12121 total 17728 start
I20260802 12:21:53.994563 21632 StaAnalyze.cc:599] analyze timing path end vertex 12121 total 17728 end
I20260802 12:21:53.994624 21632 StaAnalyze.cc:565] analyze timing path end vertex 12131 total 17728 start
I20260802 12:21:53.994663 21632 StaAnalyze.cc:599] analyze timing path end vertex 12131 total 17728 end
I20260802 12:21:53.994685 21632 StaAnalyze.cc:303] add path data num 2 to rom.mem_167_15__reg_p:D
I20260802 12:21:53.994755 21632 StaAnalyze.cc:565] analyze timing path end vertex 12141 total 17728 start
I20260802 12:21:53.994807 21632 StaAnalyze.cc:599] analyze timing path end vertex 12141 total 17728 end
I20260802 12:21:53.994870 21632 StaAnalyze.cc:565] analyze timing path end vertex 12151 total 17728 start
I20260802 12:21:53.994904 21632 StaAnalyze.cc:599] analyze timing path end vertex 12151 total 17728 end
I20260802 12:21:53.994999 21632 StaAnalyze.cc:565] analyze timing path end vertex 12161 total 17728 start
I20260802 12:21:53.995042 21632 StaAnalyze.cc:599] analyze timing path end vertex 12161 total 17728 end
I20260802 12:21:53.995105 21632 StaAnalyze.cc:565] analyze timing path end vertex 12171 total 17728 start
I20260802 12:21:53.995138 21632 StaAnalyze.cc:599] analyze timing path end vertex 12171 total 17728 end
I20260802 12:21:53.995208 21632 StaAnalyze.cc:565] analyze timing path end vertex 12181 total 17728 start
I20260802 12:21:53.995249 21632 StaAnalyze.cc:599] analyze timing path end vertex 12181 total 17728 end
I20260802 12:21:53.995272 21632 StaAnalyze.cc:303] add path data num 2 to rom.mem_168_31__reg_p:D
I20260802 12:21:53.995345 21632 StaAnalyze.cc:565] analyze timing path end vertex 12191 total 17728 start
I20260802 12:21:53.995386 21632 StaAnalyze.cc:599] analyze timing path end vertex 12191 total 17728 end
I20260802 12:21:53.995450 21632 StaAnalyze.cc:565] analyze timing path end vertex 12201 total 17728 start
I20260802 12:21:53.995499 21632 StaAnalyze.cc:599] analyze timing path end vertex 12201 total 17728 end
I20260802 12:21:53.995560 21632 StaAnalyze.cc:565] analyze timing path end vertex 12211 total 17728 start
I20260802 12:21:53.995596 21632 StaAnalyze.cc:599] analyze timing path end vertex 12211 total 17728 end
I20260802 12:21:53.995657 21632 StaAnalyze.cc:565] analyze timing path end vertex 12221 total 17728 start
I20260802 12:21:53.995697 21632 StaAnalyze.cc:599] analyze timing path end vertex 12221 total 17728 end
I20260802 12:21:53.995803 21632 StaAnalyze.cc:565] analyze timing path end vertex 12231 total 17728 start
I20260802 12:21:53.995843 21632 StaAnalyze.cc:599] analyze timing path end vertex 12231 total 17728 end
I20260802 12:21:53.995867 21632 StaAnalyze.cc:303] add path data num 2 to rom.mem_16_19__reg_p:D
I20260802 12:21:53.995914 21632 StaAnalyze.cc:565] analyze timing path end vertex 12241 total 17728 start
I20260802 12:21:53.995951 21632 StaAnalyze.cc:599] analyze timing path end vertex 12241 total 17728 end
I20260802 12:21:53.996016 21632 StaAnalyze.cc:565] analyze timing path end vertex 12251 total 17728 start
I20260802 12:21:53.996050 21632 StaAnalyze.cc:599] analyze timing path end vertex 12251 total 17728 end
I20260802 12:21:53.996117 21632 StaAnalyze.cc:565] analyze timing path end vertex 12261 total 17728 start
I20260802 12:21:53.996157 21632 StaAnalyze.cc:599] analyze timing path end vertex 12261 total 17728 end
I20260802 12:21:53.996218 21632 StaAnalyze.cc:565] analyze timing path end vertex 12271 total 17728 start
I20260802 12:21:53.996253 21632 StaAnalyze.cc:599] analyze timing path end vertex 12271 total 17728 end
I20260802 12:21:53.996313 21632 StaAnalyze.cc:565] analyze timing path end vertex 12281 total 17728 start
I20260802 12:21:53.996346 21632 StaAnalyze.cc:599] analyze timing path end vertex 12281 total 17728 end
I20260802 12:21:53.996369 21632 StaAnalyze.cc:303] add path data num 2 to rom.mem_170_6__reg_p:D
I20260802 12:21:53.996417 21632 StaAnalyze.cc:565] analyze timing path end vertex 12291 total 17728 start
I20260802 12:21:53.996450 21632 StaAnalyze.cc:599] analyze timing path end vertex 12291 total 17728 end
I20260802 12:21:53.996549 21632 StaAnalyze.cc:565] analyze timing path end vertex 12301 total 17728 start
I20260802 12:21:53.996591 21632 StaAnalyze.cc:599] analyze timing path end vertex 12301 total 17728 end
I20260802 12:21:53.996654 21632 StaAnalyze.cc:565] analyze timing path end vertex 12311 total 17728 start
I20260802 12:21:53.996692 21632 StaAnalyze.cc:599] analyze timing path end vertex 12311 total 17728 end
I20260802 12:21:53.996760 21632 StaAnalyze.cc:565] analyze timing path end vertex 12321 total 17728 start
I20260802 12:21:53.996811 21632 StaAnalyze.cc:599] analyze timing path end vertex 12321 total 17728 end
I20260802 12:21:53.996874 21632 StaAnalyze.cc:565] analyze timing path end vertex 12331 total 17728 start
I20260802 12:21:53.996908 21632 StaAnalyze.cc:599] analyze timing path end vertex 12331 total 17728 end
I20260802 12:21:53.996930 21632 StaAnalyze.cc:303] add path data num 2 to rom.mem_172_22__reg_p:D
I20260802 12:21:53.996985 21632 StaAnalyze.cc:565] analyze timing path end vertex 12341 total 17728 start
I20260802 12:21:53.997018 21632 StaAnalyze.cc:599] analyze timing path end vertex 12341 total 17728 end
I20260802 12:21:53.997081 21632 StaAnalyze.cc:565] analyze timing path end vertex 12351 total 17728 start
I20260802 12:21:53.997121 21632 StaAnalyze.cc:599] analyze timing path end vertex 12351 total 17728 end
I20260802 12:21:53.997181 21632 StaAnalyze.cc:565] analyze timing path end vertex 12361 total 17728 start
I20260802 12:21:53.997215 21632 StaAnalyze.cc:599] analyze timing path end vertex 12361 total 17728 end
I20260802 12:21:53.997313 21632 StaAnalyze.cc:565] analyze timing path end vertex 12371 total 17728 start
I20260802 12:21:53.997354 21632 StaAnalyze.cc:599] analyze timing path end vertex 12371 total 17728 end
I20260802 12:21:53.997414 21632 StaAnalyze.cc:565] analyze timing path end vertex 12381 total 17728 start
I20260802 12:21:53.997459 21632 StaAnalyze.cc:599] analyze timing path end vertex 12381 total 17728 end
I20260802 12:21:53.997486 21632 StaAnalyze.cc:303] add path data num 2 to rom.mem_174_0__reg_p:D
I20260802 12:21:53.997560 21632 StaAnalyze.cc:565] analyze timing path end vertex 12391 total 17728 start
I20260802 12:21:53.997601 21632 StaAnalyze.cc:599] analyze timing path end vertex 12391 total 17728 end
I20260802 12:21:53.997665 21632 StaAnalyze.cc:565] analyze timing path end vertex 12401 total 17728 start
I20260802 12:21:53.997704 21632 StaAnalyze.cc:599] analyze timing path end vertex 12401 total 17728 end
I20260802 12:21:53.997781 21632 StaAnalyze.cc:565] analyze timing path end vertex 12411 total 17728 start
I20260802 12:21:53.997822 21632 StaAnalyze.cc:599] analyze timing path end vertex 12411 total 17728 end
I20260802 12:21:53.997885 21632 StaAnalyze.cc:565] analyze timing path end vertex 12421 total 17728 start
I20260802 12:21:53.997918 21632 StaAnalyze.cc:599] analyze timing path end vertex 12421 total 17728 end
I20260802 12:21:53.997995 21632 StaAnalyze.cc:565] analyze timing path end vertex 12431 total 17728 start
I20260802 12:21:53.998030 21632 StaAnalyze.cc:599] analyze timing path end vertex 12431 total 17728 end
I20260802 12:21:53.998059 21632 StaAnalyze.cc:303] add path data num 2 to rom.mem_175_26__reg_p:D
I20260802 12:21:53.998142 21632 StaAnalyze.cc:565] analyze timing path end vertex 12441 total 17728 start
I20260802 12:21:53.998188 21632 StaAnalyze.cc:599] analyze timing path end vertex 12441 total 17728 end
I20260802 12:21:53.998250 21632 StaAnalyze.cc:565] analyze timing path end vertex 12451 total 17728 start
I20260802 12:21:53.998283 21632 StaAnalyze.cc:599] analyze timing path end vertex 12451 total 17728 end
I20260802 12:21:53.998345 21632 StaAnalyze.cc:565] analyze timing path end vertex 12461 total 17728 start
I20260802 12:21:53.998379 21632 StaAnalyze.cc:599] analyze timing path end vertex 12461 total 17728 end
I20260802 12:21:53.998449 21632 StaAnalyze.cc:565] analyze timing path end vertex 12471 total 17728 start
I20260802 12:21:53.998484 21632 StaAnalyze.cc:599] analyze timing path end vertex 12471 total 17728 end
I20260802 12:21:53.998549 21632 StaAnalyze.cc:565] analyze timing path end vertex 12481 total 17728 start
I20260802 12:21:53.998584 21632 StaAnalyze.cc:599] analyze timing path end vertex 12481 total 17728 end
I20260802 12:21:53.998612 21632 StaAnalyze.cc:303] add path data num 2 to rom.mem_177_13__reg_p:D
I20260802 12:21:53.998679 21632 StaAnalyze.cc:565] analyze timing path end vertex 12491 total 17728 start
I20260802 12:21:53.998726 21632 StaAnalyze.cc:599] analyze timing path end vertex 12491 total 17728 end
I20260802 12:21:53.998822 21632 StaAnalyze.cc:565] analyze timing path end vertex 12501 total 17728 start
I20260802 12:21:53.998864 21632 StaAnalyze.cc:599] analyze timing path end vertex 12501 total 17728 end
I20260802 12:21:53.998966 21632 StaAnalyze.cc:565] analyze timing path end vertex 12511 total 17728 start
I20260802 12:21:53.999007 21632 StaAnalyze.cc:599] analyze timing path end vertex 12511 total 17728 end
I20260802 12:21:53.999089 21632 StaAnalyze.cc:565] analyze timing path end vertex 12521 total 17728 start
I20260802 12:21:53.999130 21632 StaAnalyze.cc:599] analyze timing path end vertex 12521 total 17728 end
I20260802 12:21:53.999193 21632 StaAnalyze.cc:565] analyze timing path end vertex 12531 total 17728 start
I20260802 12:21:53.999233 21632 StaAnalyze.cc:599] analyze timing path end vertex 12531 total 17728 end
I20260802 12:21:53.999254 21632 StaAnalyze.cc:303] add path data num 2 to rom.mem_178_2__reg_p:D
I20260802 12:21:53.999327 21632 StaAnalyze.cc:565] analyze timing path end vertex 12541 total 17728 start
I20260802 12:21:53.999366 21632 StaAnalyze.cc:599] analyze timing path end vertex 12541 total 17728 end
I20260802 12:21:53.999429 21632 StaAnalyze.cc:565] analyze timing path end vertex 12551 total 17728 start
I20260802 12:21:53.999462 21632 StaAnalyze.cc:599] analyze timing path end vertex 12551 total 17728 end
I20260802 12:21:53.999540 21632 StaAnalyze.cc:565] analyze timing path end vertex 12561 total 17728 start
I20260802 12:21:53.999576 21632 StaAnalyze.cc:599] analyze timing path end vertex 12561 total 17728 end
I20260802 12:21:53.999643 21632 StaAnalyze.cc:565] analyze timing path end vertex 12571 total 17728 start
I20260802 12:21:53.999682 21632 StaAnalyze.cc:599] analyze timing path end vertex 12571 total 17728 end
I20260802 12:21:53.999794 21632 StaAnalyze.cc:565] analyze timing path end vertex 12581 total 17728 start
I20260802 12:21:53.999835 21632 StaAnalyze.cc:599] analyze timing path end vertex 12581 total 17728 end
I20260802 12:21:53.999858 21632 StaAnalyze.cc:303] add path data num 2 to rom.mem_17_17__reg_p:D
I20260802 12:21:53.999909 21632 StaAnalyze.cc:565] analyze timing path end vertex 12591 total 17728 start
I20260802 12:21:53.999944 21632 StaAnalyze.cc:599] analyze timing path end vertex 12591 total 17728 end
I20260802 12:21:54.000005 21632 StaAnalyze.cc:565] analyze timing path end vertex 12601 total 17728 start
I20260802 12:21:54.000041 21632 StaAnalyze.cc:599] analyze timing path end vertex 12601 total 17728 end
I20260802 12:21:54.000102 21632 StaAnalyze.cc:565] analyze timing path end vertex 12611 total 17728 start
I20260802 12:21:54.000137 21632 StaAnalyze.cc:599] analyze timing path end vertex 12611 total 17728 end
I20260802 12:21:54.000205 21632 StaAnalyze.cc:565] analyze timing path end vertex 12621 total 17728 start
I20260802 12:21:54.000244 21632 StaAnalyze.cc:599] analyze timing path end vertex 12621 total 17728 end
I20260802 12:21:54.000306 21632 StaAnalyze.cc:565] analyze timing path end vertex 12631 total 17728 start
I20260802 12:21:54.000341 21632 StaAnalyze.cc:599] analyze timing path end vertex 12631 total 17728 end
I20260802 12:21:54.000363 21632 StaAnalyze.cc:303] add path data num 2 to rom.mem_180_4__reg_p:D
I20260802 12:21:54.000412 21632 StaAnalyze.cc:565] analyze timing path end vertex 12641 total 17728 start
I20260802 12:21:54.000447 21632 StaAnalyze.cc:599] analyze timing path end vertex 12641 total 17728 end
I20260802 12:21:54.000545 21632 StaAnalyze.cc:565] analyze timing path end vertex 12651 total 17728 start
I20260802 12:21:54.000586 21632 StaAnalyze.cc:599] analyze timing path end vertex 12651 total 17728 end
I20260802 12:21:54.000648 21632 StaAnalyze.cc:565] analyze timing path end vertex 12661 total 17728 start
I20260802 12:21:54.000689 21632 StaAnalyze.cc:599] analyze timing path end vertex 12661 total 17728 end
I20260802 12:21:54.000751 21632 StaAnalyze.cc:565] analyze timing path end vertex 12671 total 17728 start
I20260802 12:21:54.000787 21632 StaAnalyze.cc:599] analyze timing path end vertex 12671 total 17728 end
I20260802 12:21:54.000862 21632 StaAnalyze.cc:565] analyze timing path end vertex 12681 total 17728 start
I20260802 12:21:54.000906 21632 StaAnalyze.cc:599] analyze timing path end vertex 12681 total 17728 end
I20260802 12:21:54.000927 21632 StaAnalyze.cc:303] add path data num 2 to rom.mem_182_20__reg_p:D
I20260802 12:21:54.000977 21632 StaAnalyze.cc:565] analyze timing path end vertex 12691 total 17728 start
I20260802 12:21:54.001011 21632 StaAnalyze.cc:599] analyze timing path end vertex 12691 total 17728 end
I20260802 12:21:54.001073 21632 StaAnalyze.cc:565] analyze timing path end vertex 12701 total 17728 start
I20260802 12:21:54.001108 21632 StaAnalyze.cc:599] analyze timing path end vertex 12701 total 17728 end
I20260802 12:21:54.001168 21632 StaAnalyze.cc:565] analyze timing path end vertex 12711 total 17728 start
I20260802 12:21:54.001209 21632 StaAnalyze.cc:599] analyze timing path end vertex 12711 total 17728 end
I20260802 12:21:54.001304 21632 StaAnalyze.cc:565] analyze timing path end vertex 12721 total 17728 start
I20260802 12:21:54.001346 21632 StaAnalyze.cc:599] analyze timing path end vertex 12721 total 17728 end
I20260802 12:21:54.001410 21632 StaAnalyze.cc:565] analyze timing path end vertex 12731 total 17728 start
I20260802 12:21:54.001446 21632 StaAnalyze.cc:599] analyze timing path end vertex 12731 total 17728 end
I20260802 12:21:54.001498 21632 StaAnalyze.cc:303] add path data num 2 to rom.mem_183_8__reg_p:D
I20260802 12:21:54.001578 21632 StaAnalyze.cc:565] analyze timing path end vertex 12741 total 17728 start
I20260802 12:21:54.001619 21632 StaAnalyze.cc:599] analyze timing path end vertex 12741 total 17728 end
I20260802 12:21:54.001679 21632 StaAnalyze.cc:565] analyze timing path end vertex 12751 total 17728 start
I20260802 12:21:54.001718 21632 StaAnalyze.cc:599] analyze timing path end vertex 12751 total 17728 end
I20260802 12:21:54.001793 21632 StaAnalyze.cc:565] analyze timing path end vertex 12761 total 17728 start
I20260802 12:21:54.001837 21632 StaAnalyze.cc:599] analyze timing path end vertex 12761 total 17728 end
I20260802 12:21:54.001904 21632 StaAnalyze.cc:565] analyze timing path end vertex 12771 total 17728 start
I20260802 12:21:54.001938 21632 StaAnalyze.cc:599] analyze timing path end vertex 12771 total 17728 end
I20260802 12:21:54.002024 21632 StaAnalyze.cc:565] analyze timing path end vertex 12781 total 17728 start
I20260802 12:21:54.002065 21632 StaAnalyze.cc:599] analyze timing path end vertex 12781 total 17728 end
I20260802 12:21:54.002092 21632 StaAnalyze.cc:303] add path data num 2 to rom.mem_185_24__reg_p:D
I20260802 12:21:54.002197 21632 StaAnalyze.cc:565] analyze timing path end vertex 12791 total 17728 start
I20260802 12:21:54.002239 21632 StaAnalyze.cc:599] analyze timing path end vertex 12791 total 17728 end
I20260802 12:21:54.002305 21632 StaAnalyze.cc:565] analyze timing path end vertex 12801 total 17728 start
I20260802 12:21:54.002343 21632 StaAnalyze.cc:599] analyze timing path end vertex 12801 total 17728 end
I20260802 12:21:54.002408 21632 StaAnalyze.cc:565] analyze timing path end vertex 12811 total 17728 start
I20260802 12:21:54.002441 21632 StaAnalyze.cc:599] analyze timing path end vertex 12811 total 17728 end
I20260802 12:21:54.002503 21632 StaAnalyze.cc:565] analyze timing path end vertex 12821 total 17728 start
I20260802 12:21:54.002537 21632 StaAnalyze.cc:599] analyze timing path end vertex 12821 total 17728 end
I20260802 12:21:54.002602 21632 StaAnalyze.cc:565] analyze timing path end vertex 12831 total 17728 start
I20260802 12:21:54.002635 21632 StaAnalyze.cc:599] analyze timing path end vertex 12831 total 17728 end
I20260802 12:21:54.002663 21632 StaAnalyze.cc:303] add path data num 2 to rom.mem_187_11__reg_p:D
I20260802 12:21:54.002712 21632 StaAnalyze.cc:565] analyze timing path end vertex 12841 total 17728 start
I20260802 12:21:54.002749 21632 StaAnalyze.cc:599] analyze timing path end vertex 12841 total 17728 end
I20260802 12:21:54.002827 21632 StaAnalyze.cc:565] analyze timing path end vertex 12851 total 17728 start
I20260802 12:21:54.002867 21632 StaAnalyze.cc:599] analyze timing path end vertex 12851 total 17728 end
I20260802 12:21:54.002967 21632 StaAnalyze.cc:565] analyze timing path end vertex 12861 total 17728 start
I20260802 12:21:54.003008 21632 StaAnalyze.cc:599] analyze timing path end vertex 12861 total 17728 end
I20260802 12:21:54.003072 21632 StaAnalyze.cc:565] analyze timing path end vertex 12871 total 17728 start
I20260802 12:21:54.003105 21632 StaAnalyze.cc:599] analyze timing path end vertex 12871 total 17728 end
I20260802 12:21:54.003166 21632 StaAnalyze.cc:565] analyze timing path end vertex 12881 total 17728 start
I20260802 12:21:54.003206 21632 StaAnalyze.cc:599] analyze timing path end vertex 12881 total 17728 end
I20260802 12:21:54.003229 21632 StaAnalyze.cc:303] add path data num 2 to rom.mem_188_28__reg_p:D
I20260802 12:21:54.003297 21632 StaAnalyze.cc:565] analyze timing path end vertex 12891 total 17728 start
I20260802 12:21:54.003338 21632 StaAnalyze.cc:599] analyze timing path end vertex 12891 total 17728 end
I20260802 12:21:54.003402 21632 StaAnalyze.cc:565] analyze timing path end vertex 12901 total 17728 start
I20260802 12:21:54.003435 21632 StaAnalyze.cc:599] analyze timing path end vertex 12901 total 17728 end
I20260802 12:21:54.003496 21632 StaAnalyze.cc:565] analyze timing path end vertex 12911 total 17728 start
I20260802 12:21:54.003530 21632 StaAnalyze.cc:599] analyze timing path end vertex 12911 total 17728 end
I20260802 12:21:54.003639 21632 StaAnalyze.cc:565] analyze timing path end vertex 12921 total 17728 start
I20260802 12:21:54.003679 21632 StaAnalyze.cc:599] analyze timing path end vertex 12921 total 17728 end
I20260802 12:21:54.003789 21632 StaAnalyze.cc:565] analyze timing path end vertex 12931 total 17728 start
I20260802 12:21:54.003841 21632 StaAnalyze.cc:599] analyze timing path end vertex 12931 total 17728 end
I20260802 12:21:54.003865 21632 StaAnalyze.cc:303] add path data num 2 to rom.mem_18_15__reg_p:D
I20260802 12:21:54.003937 21632 StaAnalyze.cc:565] analyze timing path end vertex 12941 total 17728 start
I20260802 12:21:54.003978 21632 StaAnalyze.cc:599] analyze timing path end vertex 12941 total 17728 end
I20260802 12:21:54.004040 21632 StaAnalyze.cc:565] analyze timing path end vertex 12951 total 17728 start
I20260802 12:21:54.004074 21632 StaAnalyze.cc:599] analyze timing path end vertex 12951 total 17728 end
I20260802 12:21:54.004136 21632 StaAnalyze.cc:565] analyze timing path end vertex 12961 total 17728 start
I20260802 12:21:54.004171 21632 StaAnalyze.cc:599] analyze timing path end vertex 12961 total 17728 end
I20260802 12:21:54.004231 21632 StaAnalyze.cc:565] analyze timing path end vertex 12971 total 17728 start
I20260802 12:21:54.004269 21632 StaAnalyze.cc:599] analyze timing path end vertex 12971 total 17728 end
I20260802 12:21:54.004329 21632 StaAnalyze.cc:565] analyze timing path end vertex 12981 total 17728 start
I20260802 12:21:54.004362 21632 StaAnalyze.cc:599] analyze timing path end vertex 12981 total 17728 end
I20260802 12:21:54.004385 21632 StaAnalyze.cc:303] add path data num 2 to rom.mem_190_31__reg_p:D
I20260802 12:21:54.004434 21632 StaAnalyze.cc:565] analyze timing path end vertex 12991 total 17728 start
I20260802 12:21:54.004468 21632 StaAnalyze.cc:599] analyze timing path end vertex 12991 total 17728 end
I20260802 12:21:54.004568 21632 StaAnalyze.cc:565] analyze timing path end vertex 13001 total 17728 start
I20260802 12:21:54.004609 21632 StaAnalyze.cc:599] analyze timing path end vertex 13001 total 17728 end
I20260802 12:21:54.004671 21632 StaAnalyze.cc:565] analyze timing path end vertex 13011 total 17728 start
I20260802 12:21:54.004705 21632 StaAnalyze.cc:599] analyze timing path end vertex 13011 total 17728 end
I20260802 12:21:54.004765 21632 StaAnalyze.cc:565] analyze timing path end vertex 13021 total 17728 start
I20260802 12:21:54.004853 21632 StaAnalyze.cc:599] analyze timing path end vertex 13021 total 17728 end
I20260802 12:21:54.004916 21632 StaAnalyze.cc:565] analyze timing path end vertex 13031 total 17728 start
I20260802 12:21:54.004949 21632 StaAnalyze.cc:599] analyze timing path end vertex 13031 total 17728 end
I20260802 12:21:54.004973 21632 StaAnalyze.cc:303] add path data num 2 to rom.mem_192_19__reg_p:D
I20260802 12:21:54.005028 21632 StaAnalyze.cc:565] analyze timing path end vertex 13041 total 17728 start
I20260802 12:21:54.005061 21632 StaAnalyze.cc:599] analyze timing path end vertex 13041 total 17728 end
I20260802 12:21:54.005125 21632 StaAnalyze.cc:565] analyze timing path end vertex 13051 total 17728 start
I20260802 12:21:54.005160 21632 StaAnalyze.cc:599] analyze timing path end vertex 13051 total 17728 end
I20260802 12:21:54.005223 21632 StaAnalyze.cc:565] analyze timing path end vertex 13061 total 17728 start
I20260802 12:21:54.005270 21632 StaAnalyze.cc:599] analyze timing path end vertex 13061 total 17728 end
I20260802 12:21:54.005371 21632 StaAnalyze.cc:565] analyze timing path end vertex 13071 total 17728 start
I20260802 12:21:54.005414 21632 StaAnalyze.cc:599] analyze timing path end vertex 13071 total 17728 end
I20260802 12:21:54.005476 21632 StaAnalyze.cc:565] analyze timing path end vertex 13081 total 17728 start
I20260802 12:21:54.005510 21632 StaAnalyze.cc:599] analyze timing path end vertex 13081 total 17728 end
I20260802 12:21:54.005532 21632 StaAnalyze.cc:303] add path data num 2 to rom.mem_193_6__reg_p:D
I20260802 12:21:54.005579 21632 StaAnalyze.cc:565] analyze timing path end vertex 13091 total 17728 start
I20260802 12:21:54.005623 21632 StaAnalyze.cc:599] analyze timing path end vertex 13091 total 17728 end
I20260802 12:21:54.005687 21632 StaAnalyze.cc:565] analyze timing path end vertex 13101 total 17728 start
I20260802 12:21:54.005721 21632 StaAnalyze.cc:599] analyze timing path end vertex 13101 total 17728 end
I20260802 12:21:54.005805 21632 StaAnalyze.cc:565] analyze timing path end vertex 13111 total 17728 start
I20260802 12:21:54.005846 21632 StaAnalyze.cc:599] analyze timing path end vertex 13111 total 17728 end
I20260802 12:21:54.005908 21632 StaAnalyze.cc:565] analyze timing path end vertex 13121 total 17728 start
I20260802 12:21:54.005942 21632 StaAnalyze.cc:599] analyze timing path end vertex 13121 total 17728 end
I20260802 12:21:54.006017 21632 StaAnalyze.cc:565] analyze timing path end vertex 13131 total 17728 start
I20260802 12:21:54.006052 21632 StaAnalyze.cc:599] analyze timing path end vertex 13131 total 17728 end
I20260802 12:21:54.006079 21632 StaAnalyze.cc:303] add path data num 2 to rom.mem_195_22__reg_p:D
I20260802 12:21:54.006160 21632 StaAnalyze.cc:565] analyze timing path end vertex 13141 total 17728 start
I20260802 12:21:54.006201 21632 StaAnalyze.cc:599] analyze timing path end vertex 13141 total 17728 end
I20260802 12:21:54.006266 21632 StaAnalyze.cc:565] analyze timing path end vertex 13151 total 17728 start
I20260802 12:21:54.006305 21632 StaAnalyze.cc:599] analyze timing path end vertex 13151 total 17728 end
I20260802 12:21:54.006367 21632 StaAnalyze.cc:565] analyze timing path end vertex 13161 total 17728 start
I20260802 12:21:54.006402 21632 StaAnalyze.cc:599] analyze timing path end vertex 13161 total 17728 end
I20260802 12:21:54.006467 21632 StaAnalyze.cc:565] analyze timing path end vertex 13171 total 17728 start
I20260802 12:21:54.006501 21632 StaAnalyze.cc:599] analyze timing path end vertex 13171 total 17728 end
I20260802 12:21:54.006563 21632 StaAnalyze.cc:565] analyze timing path end vertex 13181 total 17728 start
I20260802 12:21:54.006598 21632 StaAnalyze.cc:599] analyze timing path end vertex 13181 total 17728 end
I20260802 12:21:54.006625 21632 StaAnalyze.cc:303] add path data num 2 to rom.mem_197_0__reg_p:D
I20260802 12:21:54.006693 21632 StaAnalyze.cc:565] analyze timing path end vertex 13191 total 17728 start
I20260802 12:21:54.006738 21632 StaAnalyze.cc:599] analyze timing path end vertex 13191 total 17728 end
I20260802 12:21:54.006824 21632 StaAnalyze.cc:565] analyze timing path end vertex 13201 total 17728 start
I20260802 12:21:54.006865 21632 StaAnalyze.cc:599] analyze timing path end vertex 13201 total 17728 end
I20260802 12:21:54.006973 21632 StaAnalyze.cc:565] analyze timing path end vertex 13211 total 17728 start
I20260802 12:21:54.007014 21632 StaAnalyze.cc:599] analyze timing path end vertex 13211 total 17728 end
I20260802 12:21:54.007076 21632 StaAnalyze.cc:565] analyze timing path end vertex 13221 total 17728 start
I20260802 12:21:54.007112 21632 StaAnalyze.cc:599] analyze timing path end vertex 13221 total 17728 end
I20260802 12:21:54.007172 21632 StaAnalyze.cc:565] analyze timing path end vertex 13231 total 17728 start
I20260802 12:21:54.007208 21632 StaAnalyze.cc:599] analyze timing path end vertex 13231 total 17728 end
I20260802 12:21:54.007236 21632 StaAnalyze.cc:303] add path data num 2 to rom.mem_198_26__reg_p:D
I20260802 12:21:54.007280 21632 StaAnalyze.cc:565] analyze timing path end vertex 13241 total 17728 start
I20260802 12:21:54.007319 21632 StaAnalyze.cc:599] analyze timing path end vertex 13241 total 17728 end
I20260802 12:21:54.007377 21632 StaAnalyze.cc:565] analyze timing path end vertex 13251 total 17728 start
I20260802 12:21:54.007411 21632 StaAnalyze.cc:599] analyze timing path end vertex 13251 total 17728 end
I20260802 12:21:54.007472 21632 StaAnalyze.cc:565] analyze timing path end vertex 13261 total 17728 start
I20260802 12:21:54.007506 21632 StaAnalyze.cc:599] analyze timing path end vertex 13261 total 17728 end
I20260802 12:21:54.007570 21632 StaAnalyze.cc:565] analyze timing path end vertex 13271 total 17728 start
I20260802 12:21:54.007618 21632 StaAnalyze.cc:599] analyze timing path end vertex 13271 total 17728 end
I20260802 12:21:54.007722 21632 StaAnalyze.cc:565] analyze timing path end vertex 13281 total 17728 start
I20260802 12:21:54.007779 21632 StaAnalyze.cc:599] analyze timing path end vertex 13281 total 17728 end
I20260802 12:21:54.007804 21632 StaAnalyze.cc:303] add path data num 2 to rom.mem_19_13__reg_p:D
I20260802 12:21:54.007876 21632 StaAnalyze.cc:565] analyze timing path end vertex 13291 total 17728 start
I20260802 12:21:54.007917 21632 StaAnalyze.cc:599] analyze timing path end vertex 13291 total 17728 end
I20260802 12:21:54.007984 21632 StaAnalyze.cc:565] analyze timing path end vertex 13301 total 17728 start
I20260802 12:21:54.008019 21632 StaAnalyze.cc:599] analyze timing path end vertex 13301 total 17728 end
I20260802 12:21:54.008080 21632 StaAnalyze.cc:565] analyze timing path end vertex 13311 total 17728 start
I20260802 12:21:54.008116 21632 StaAnalyze.cc:599] analyze timing path end vertex 13311 total 17728 end
I20260802 12:21:54.008183 21632 StaAnalyze.cc:565] analyze timing path end vertex 13321 total 17728 start
I20260802 12:21:54.008217 21632 StaAnalyze.cc:599] analyze timing path end vertex 13321 total 17728 end
I20260802 12:21:54.008281 21632 StaAnalyze.cc:565] analyze timing path end vertex 13331 total 17728 start
I20260802 12:21:54.008320 21632 StaAnalyze.cc:599] analyze timing path end vertex 13331 total 17728 end
I20260802 12:21:54.008342 21632 StaAnalyze.cc:303] add path data num 2 to rom.mem_1_2__reg_p:D
I20260802 12:21:54.008417 21632 StaAnalyze.cc:565] analyze timing path end vertex 13341 total 17728 start
I20260802 12:21:54.008458 21632 StaAnalyze.cc:599] analyze timing path end vertex 13341 total 17728 end
I20260802 12:21:54.008555 21632 StaAnalyze.cc:565] analyze timing path end vertex 13351 total 17728 start
I20260802 12:21:54.008596 21632 StaAnalyze.cc:599] analyze timing path end vertex 13351 total 17728 end
I20260802 12:21:54.008667 21632 StaAnalyze.cc:565] analyze timing path end vertex 13361 total 17728 start
I20260802 12:21:54.008701 21632 StaAnalyze.cc:599] analyze timing path end vertex 13361 total 17728 end
I20260802 12:21:54.008776 21632 StaAnalyze.cc:565] analyze timing path end vertex 13371 total 17728 start
I20260802 12:21:54.008821 21632 StaAnalyze.cc:599] analyze timing path end vertex 13371 total 17728 end
I20260802 12:21:54.008884 21632 StaAnalyze.cc:565] analyze timing path end vertex 13381 total 17728 start
I20260802 12:21:54.008919 21632 StaAnalyze.cc:599] analyze timing path end vertex 13381 total 17728 end
I20260802 12:21:54.008939 21632 StaAnalyze.cc:303] add path data num 2 to rom.mem_201_17__reg_p:D
I20260802 12:21:54.008994 21632 StaAnalyze.cc:565] analyze timing path end vertex 13391 total 17728 start
I20260802 12:21:54.009037 21632 StaAnalyze.cc:599] analyze timing path end vertex 13391 total 17728 end
I20260802 12:21:54.009102 21632 StaAnalyze.cc:565] analyze timing path end vertex 13401 total 17728 start
I20260802 12:21:54.009136 21632 StaAnalyze.cc:599] analyze timing path end vertex 13401 total 17728 end
I20260802 12:21:54.009214 21632 StaAnalyze.cc:565] analyze timing path end vertex 13411 total 17728 start
I20260802 12:21:54.009258 21632 StaAnalyze.cc:599] analyze timing path end vertex 13411 total 17728 end
I20260802 12:21:54.009356 21632 StaAnalyze.cc:565] analyze timing path end vertex 13421 total 17728 start
I20260802 12:21:54.009400 21632 StaAnalyze.cc:599] analyze timing path end vertex 13421 total 17728 end
I20260802 12:21:54.009465 21632 StaAnalyze.cc:565] analyze timing path end vertex 13431 total 17728 start
I20260802 12:21:54.009500 21632 StaAnalyze.cc:599] analyze timing path end vertex 13431 total 17728 end
I20260802 12:21:54.009521 21632 StaAnalyze.cc:303] add path data num 2 to rom.mem_202_4__reg_p:D
I20260802 12:21:54.009570 21632 StaAnalyze.cc:565] analyze timing path end vertex 13441 total 17728 start
I20260802 12:21:54.009604 21632 StaAnalyze.cc:599] analyze timing path end vertex 13441 total 17728 end
I20260802 12:21:54.009668 21632 StaAnalyze.cc:565] analyze timing path end vertex 13451 total 17728 start
I20260802 12:21:54.009712 21632 StaAnalyze.cc:599] analyze timing path end vertex 13451 total 17728 end
I20260802 12:21:54.009789 21632 StaAnalyze.cc:565] analyze timing path end vertex 13461 total 17728 start
I20260802 12:21:54.009838 21632 StaAnalyze.cc:599] analyze timing path end vertex 13461 total 17728 end
I20260802 12:21:54.009897 21632 StaAnalyze.cc:565] analyze timing path end vertex 13471 total 17728 start
I20260802 12:21:54.009931 21632 StaAnalyze.cc:599] analyze timing path end vertex 13471 total 17728 end
I20260802 12:21:54.010119 21632 StaAnalyze.cc:565] analyze timing path end vertex 13481 total 17728 start
I20260802 12:21:54.010167 21632 StaAnalyze.cc:599] analyze timing path end vertex 13481 total 17728 end
I20260802 12:21:54.010191 21632 StaAnalyze.cc:303] add path data num 2 to rom.mem_204_20__reg_p:D
I20260802 12:21:54.010244 21632 StaAnalyze.cc:565] analyze timing path end vertex 13491 total 17728 start
I20260802 12:21:54.010279 21632 StaAnalyze.cc:599] analyze timing path end vertex 13491 total 17728 end
I20260802 12:21:54.010341 21632 StaAnalyze.cc:565] analyze timing path end vertex 13501 total 17728 start
I20260802 12:21:54.010381 21632 StaAnalyze.cc:599] analyze timing path end vertex 13501 total 17728 end
I20260802 12:21:54.010450 21632 StaAnalyze.cc:565] analyze timing path end vertex 13511 total 17728 start
I20260802 12:21:54.010485 21632 StaAnalyze.cc:599] analyze timing path end vertex 13511 total 17728 end
I20260802 12:21:54.010550 21632 StaAnalyze.cc:565] analyze timing path end vertex 13521 total 17728 start
I20260802 12:21:54.010584 21632 StaAnalyze.cc:599] analyze timing path end vertex 13521 total 17728 end
I20260802 12:21:54.010648 21632 StaAnalyze.cc:565] analyze timing path end vertex 13531 total 17728 start
I20260802 12:21:54.010684 21632 StaAnalyze.cc:599] analyze timing path end vertex 13531 total 17728 end
I20260802 12:21:54.010710 21632 StaAnalyze.cc:303] add path data num 2 to rom.mem_205_8__reg_p:D
I20260802 12:21:54.010792 21632 StaAnalyze.cc:565] analyze timing path end vertex 13541 total 17728 start
I20260802 12:21:54.010833 21632 StaAnalyze.cc:599] analyze timing path end vertex 13541 total 17728 end
I20260802 12:21:54.010893 21632 StaAnalyze.cc:565] analyze timing path end vertex 13551 total 17728 start
I20260802 12:21:54.010932 21632 StaAnalyze.cc:599] analyze timing path end vertex 13551 total 17728 end
I20260802 12:21:54.010993 21632 StaAnalyze.cc:565] analyze timing path end vertex 13561 total 17728 start
I20260802 12:21:54.011027 21632 StaAnalyze.cc:599] analyze timing path end vertex 13561 total 17728 end
I20260802 12:21:54.011109 21632 StaAnalyze.cc:565] analyze timing path end vertex 13571 total 17728 start
I20260802 12:21:54.011157 21632 StaAnalyze.cc:599] analyze timing path end vertex 13571 total 17728 end
I20260802 12:21:54.011238 21632 StaAnalyze.cc:565] analyze timing path end vertex 13581 total 17728 start
I20260802 12:21:54.011273 21632 StaAnalyze.cc:599] analyze timing path end vertex 13581 total 17728 end
I20260802 12:21:54.011301 21632 StaAnalyze.cc:303] add path data num 2 to rom.mem_207_24__reg_p:D
I20260802 12:21:54.011369 21632 StaAnalyze.cc:565] analyze timing path end vertex 13591 total 17728 start
I20260802 12:21:54.011415 21632 StaAnalyze.cc:599] analyze timing path end vertex 13591 total 17728 end
I20260802 12:21:54.011482 21632 StaAnalyze.cc:565] analyze timing path end vertex 13601 total 17728 start
I20260802 12:21:54.011518 21632 StaAnalyze.cc:599] analyze timing path end vertex 13601 total 17728 end
I20260802 12:21:54.011579 21632 StaAnalyze.cc:565] analyze timing path end vertex 13611 total 17728 start
I20260802 12:21:54.011612 21632 StaAnalyze.cc:599] analyze timing path end vertex 13611 total 17728 end
I20260802 12:21:54.011705 21632 StaAnalyze.cc:565] analyze timing path end vertex 13621 total 17728 start
I20260802 12:21:54.011744 21632 StaAnalyze.cc:599] analyze timing path end vertex 13621 total 17728 end
I20260802 12:21:54.011822 21632 StaAnalyze.cc:565] analyze timing path end vertex 13631 total 17728 start
I20260802 12:21:54.011878 21632 StaAnalyze.cc:599] analyze timing path end vertex 13631 total 17728 end
I20260802 12:21:54.011906 21632 StaAnalyze.cc:303] add path data num 2 to rom.mem_209_11__reg_p:D
I20260802 12:21:54.011976 21632 StaAnalyze.cc:565] analyze timing path end vertex 13641 total 17728 start
I20260802 12:21:54.012020 21632 StaAnalyze.cc:599] analyze timing path end vertex 13641 total 17728 end
I20260802 12:21:54.012107 21632 StaAnalyze.cc:565] analyze timing path end vertex 13651 total 17728 start
I20260802 12:21:54.012153 21632 StaAnalyze.cc:599] analyze timing path end vertex 13651 total 17728 end
I20260802 12:21:54.012260 21632 StaAnalyze.cc:565] analyze timing path end vertex 13661 total 17728 start
I20260802 12:21:54.012310 21632 StaAnalyze.cc:599] analyze timing path end vertex 13661 total 17728 end
I20260802 12:21:54.012377 21632 StaAnalyze.cc:565] analyze timing path end vertex 13671 total 17728 start
I20260802 12:21:54.012413 21632 StaAnalyze.cc:599] analyze timing path end vertex 13671 total 17728 end
I20260802 12:21:54.012477 21632 StaAnalyze.cc:565] analyze timing path end vertex 13681 total 17728 start
I20260802 12:21:54.012517 21632 StaAnalyze.cc:599] analyze timing path end vertex 13681 total 17728 end
I20260802 12:21:54.012540 21632 StaAnalyze.cc:303] add path data num 2 to rom.mem_20_28__reg_p:D
I20260802 12:21:54.012612 21632 StaAnalyze.cc:565] analyze timing path end vertex 13691 total 17728 start
I20260802 12:21:54.012653 21632 StaAnalyze.cc:599] analyze timing path end vertex 13691 total 17728 end
I20260802 12:21:54.012714 21632 StaAnalyze.cc:565] analyze timing path end vertex 13701 total 17728 start
I20260802 12:21:54.012748 21632 StaAnalyze.cc:599] analyze timing path end vertex 13701 total 17728 end
I20260802 12:21:54.012825 21632 StaAnalyze.cc:565] analyze timing path end vertex 13711 total 17728 start
I20260802 12:21:54.012866 21632 StaAnalyze.cc:599] analyze timing path end vertex 13711 total 17728 end
I20260802 12:21:54.012926 21632 StaAnalyze.cc:565] analyze timing path end vertex 13721 total 17728 start
I20260802 12:21:54.012966 21632 StaAnalyze.cc:599] analyze timing path end vertex 13721 total 17728 end
I20260802 12:21:54.013031 21632 StaAnalyze.cc:565] analyze timing path end vertex 13731 total 17728 start
I20260802 12:21:54.013065 21632 StaAnalyze.cc:599] analyze timing path end vertex 13731 total 17728 end
I20260802 12:21:54.013087 21632 StaAnalyze.cc:303] add path data num 2 to rom.mem_211_15__reg_p:D
I20260802 12:21:54.013156 21632 StaAnalyze.cc:565] analyze timing path end vertex 13741 total 17728 start
I20260802 12:21:54.013196 21632 StaAnalyze.cc:599] analyze timing path end vertex 13741 total 17728 end
I20260802 12:21:54.013262 21632 StaAnalyze.cc:565] analyze timing path end vertex 13751 total 17728 start
I20260802 12:21:54.013298 21632 StaAnalyze.cc:599] analyze timing path end vertex 13751 total 17728 end
I20260802 12:21:54.013357 21632 StaAnalyze.cc:565] analyze timing path end vertex 13761 total 17728 start
I20260802 12:21:54.013391 21632 StaAnalyze.cc:599] analyze timing path end vertex 13761 total 17728 end
I20260802 12:21:54.013451 21632 StaAnalyze.cc:565] analyze timing path end vertex 13771 total 17728 start
I20260802 12:21:54.013491 21632 StaAnalyze.cc:599] analyze timing path end vertex 13771 total 17728 end
I20260802 12:21:54.013554 21632 StaAnalyze.cc:565] analyze timing path end vertex 13781 total 17728 start
I20260802 12:21:54.013587 21632 StaAnalyze.cc:599] analyze timing path end vertex 13781 total 17728 end
I20260802 12:21:54.013609 21632 StaAnalyze.cc:303] add path data num 2 to rom.mem_212_31__reg_p:D
I20260802 12:21:54.013660 21632 StaAnalyze.cc:565] analyze timing path end vertex 13791 total 17728 start
I20260802 12:21:54.013695 21632 StaAnalyze.cc:599] analyze timing path end vertex 13791 total 17728 end
I20260802 12:21:54.013756 21632 StaAnalyze.cc:565] analyze timing path end vertex 13801 total 17728 start
I20260802 12:21:54.013803 21632 StaAnalyze.cc:599] analyze timing path end vertex 13801 total 17728 end
I20260802 12:21:54.013883 21632 StaAnalyze.cc:565] analyze timing path end vertex 13811 total 17728 start
I20260802 12:21:54.013924 21632 StaAnalyze.cc:599] analyze timing path end vertex 13811 total 17728 end
I20260802 12:21:54.014002 21632 StaAnalyze.cc:565] analyze timing path end vertex 13821 total 17728 start
I20260802 12:21:54.014035 21632 StaAnalyze.cc:599] analyze timing path end vertex 13821 total 17728 end
I20260802 12:21:54.014098 21632 StaAnalyze.cc:565] analyze timing path end vertex 13831 total 17728 start
I20260802 12:21:54.014132 21632 StaAnalyze.cc:599] analyze timing path end vertex 13831 total 17728 end
I20260802 12:21:54.014154 21632 StaAnalyze.cc:303] add path data num 2 to rom.mem_214_19__reg_p:D
I20260802 12:21:54.014201 21632 StaAnalyze.cc:565] analyze timing path end vertex 13841 total 17728 start
I20260802 12:21:54.014236 21632 StaAnalyze.cc:599] analyze timing path end vertex 13841 total 17728 end
I20260802 12:21:54.014294 21632 StaAnalyze.cc:565] analyze timing path end vertex 13851 total 17728 start
I20260802 12:21:54.014329 21632 StaAnalyze.cc:599] analyze timing path end vertex 13851 total 17728 end
I20260802 12:21:54.014389 21632 StaAnalyze.cc:565] analyze timing path end vertex 13861 total 17728 start
I20260802 12:21:54.014428 21632 StaAnalyze.cc:599] analyze timing path end vertex 13861 total 17728 end
I20260802 12:21:54.014492 21632 StaAnalyze.cc:565] analyze timing path end vertex 13871 total 17728 start
I20260802 12:21:54.014526 21632 StaAnalyze.cc:599] analyze timing path end vertex 13871 total 17728 end
I20260802 12:21:54.014585 21632 StaAnalyze.cc:565] analyze timing path end vertex 13881 total 17728 start
I20260802 12:21:54.014619 21632 StaAnalyze.cc:599] analyze timing path end vertex 13881 total 17728 end
I20260802 12:21:54.014645 21632 StaAnalyze.cc:303] add path data num 2 to rom.mem_215_6__reg_p:D
I20260802 12:21:54.014714 21632 StaAnalyze.cc:565] analyze timing path end vertex 13891 total 17728 start
I20260802 12:21:54.014755 21632 StaAnalyze.cc:599] analyze timing path end vertex 13891 total 17728 end
I20260802 12:21:54.014828 21632 StaAnalyze.cc:565] analyze timing path end vertex 13901 total 17728 start
I20260802 12:21:54.014871 21632 StaAnalyze.cc:599] analyze timing path end vertex 13901 total 17728 end
I20260802 12:21:54.014931 21632 StaAnalyze.cc:565] analyze timing path end vertex 13911 total 17728 start
I20260802 12:21:54.014966 21632 StaAnalyze.cc:599] analyze timing path end vertex 13911 total 17728 end
I20260802 12:21:54.015023 21632 StaAnalyze.cc:565] analyze timing path end vertex 13921 total 17728 start
I20260802 12:21:54.015058 21632 StaAnalyze.cc:599] analyze timing path end vertex 13921 total 17728 end
I20260802 12:21:54.015118 21632 StaAnalyze.cc:565] analyze timing path end vertex 13931 total 17728 start
I20260802 12:21:54.015152 21632 StaAnalyze.cc:599] analyze timing path end vertex 13931 total 17728 end
I20260802 12:21:54.015178 21632 StaAnalyze.cc:303] add path data num 2 to rom.mem_217_22__reg_p:D
I20260802 12:21:54.015247 21632 StaAnalyze.cc:565] analyze timing path end vertex 13941 total 17728 start
I20260802 12:21:54.015295 21632 StaAnalyze.cc:599] analyze timing path end vertex 13941 total 17728 end
I20260802 12:21:54.015357 21632 StaAnalyze.cc:565] analyze timing path end vertex 13951 total 17728 start
I20260802 12:21:54.015393 21632 StaAnalyze.cc:599] analyze timing path end vertex 13951 total 17728 end
I20260802 12:21:54.015455 21632 StaAnalyze.cc:565] analyze timing path end vertex 13961 total 17728 start
I20260802 12:21:54.015491 21632 StaAnalyze.cc:599] analyze timing path end vertex 13961 total 17728 end
I20260802 12:21:54.015552 21632 StaAnalyze.cc:565] analyze timing path end vertex 13971 total 17728 start
I20260802 12:21:54.015586 21632 StaAnalyze.cc:599] analyze timing path end vertex 13971 total 17728 end
I20260802 12:21:54.015647 21632 StaAnalyze.cc:565] analyze timing path end vertex 13981 total 17728 start
I20260802 12:21:54.015681 21632 StaAnalyze.cc:599] analyze timing path end vertex 13981 total 17728 end
I20260802 12:21:54.015743 21632 StaAnalyze.cc:303] add path data num 2 to rom.mem_219_0__reg_p:D
I20260802 12:21:54.015820 21632 StaAnalyze.cc:565] analyze timing path end vertex 13991 total 17728 start
I20260802 12:21:54.015866 21632 StaAnalyze.cc:599] analyze timing path end vertex 13991 total 17728 end
I20260802 12:21:54.015954 21632 StaAnalyze.cc:565] analyze timing path end vertex 14001 total 17728 start
I20260802 12:21:54.015995 21632 StaAnalyze.cc:599] analyze timing path end vertex 14001 total 17728 end
I20260802 12:21:54.016057 21632 StaAnalyze.cc:565] analyze timing path end vertex 14011 total 17728 start
I20260802 12:21:54.016091 21632 StaAnalyze.cc:599] analyze timing path end vertex 14011 total 17728 end
I20260802 12:21:54.016152 21632 StaAnalyze.cc:565] analyze timing path end vertex 14021 total 17728 start
I20260802 12:21:54.016186 21632 StaAnalyze.cc:599] analyze timing path end vertex 14021 total 17728 end
I20260802 12:21:54.016247 21632 StaAnalyze.cc:565] analyze timing path end vertex 14031 total 17728 start
I20260802 12:21:54.016287 21632 StaAnalyze.cc:599] analyze timing path end vertex 14031 total 17728 end
I20260802 12:21:54.016310 21632 StaAnalyze.cc:303] add path data num 2 to rom.mem_21_26__reg_p:D
I20260802 12:21:54.016378 21632 StaAnalyze.cc:565] analyze timing path end vertex 14041 total 17728 start
I20260802 12:21:54.016419 21632 StaAnalyze.cc:599] analyze timing path end vertex 14041 total 17728 end
I20260802 12:21:54.016479 21632 StaAnalyze.cc:565] analyze timing path end vertex 14051 total 17728 start
I20260802 12:21:54.016512 21632 StaAnalyze.cc:599] analyze timing path end vertex 14051 total 17728 end
I20260802 12:21:54.016573 21632 StaAnalyze.cc:565] analyze timing path end vertex 14061 total 17728 start
I20260802 12:21:54.016607 21632 StaAnalyze.cc:599] analyze timing path end vertex 14061 total 17728 end
I20260802 12:21:54.016670 21632 StaAnalyze.cc:565] analyze timing path end vertex 14071 total 17728 start
I20260802 12:21:54.016705 21632 StaAnalyze.cc:599] analyze timing path end vertex 14071 total 17728 end
I20260802 12:21:54.016779 21632 StaAnalyze.cc:565] analyze timing path end vertex 14081 total 17728 start
I20260802 12:21:54.016831 21632 StaAnalyze.cc:599] analyze timing path end vertex 14081 total 17728 end
I20260802 12:21:54.016855 21632 StaAnalyze.cc:303] add path data num 2 to rom.mem_221_13__reg_p:D
I20260802 12:21:54.016903 21632 StaAnalyze.cc:565] analyze timing path end vertex 14091 total 17728 start
I20260802 12:21:54.016937 21632 StaAnalyze.cc:599] analyze timing path end vertex 14091 total 17728 end
I20260802 12:21:54.017006 21632 StaAnalyze.cc:565] analyze timing path end vertex 14101 total 17728 start
I20260802 12:21:54.017041 21632 StaAnalyze.cc:599] analyze timing path end vertex 14101 total 17728 end
I20260802 12:21:54.017102 21632 StaAnalyze.cc:565] analyze timing path end vertex 14111 total 17728 start
I20260802 12:21:54.017189 21632 StaAnalyze.cc:599] analyze timing path end vertex 14111 total 17728 end
I20260802 12:21:54.017274 21632 StaAnalyze.cc:565] analyze timing path end vertex 14121 total 17728 start
I20260802 12:21:54.017316 21632 StaAnalyze.cc:599] analyze timing path end vertex 14121 total 17728 end
I20260802 12:21:54.017375 21632 StaAnalyze.cc:565] analyze timing path end vertex 14131 total 17728 start
I20260802 12:21:54.017409 21632 StaAnalyze.cc:599] analyze timing path end vertex 14131 total 17728 end
I20260802 12:21:54.017431 21632 StaAnalyze.cc:303] add path data num 2 to rom.mem_222_2__reg_p:D
I20260802 12:21:54.017488 21632 StaAnalyze.cc:565] analyze timing path end vertex 14141 total 17728 start
I20260802 12:21:54.017521 21632 StaAnalyze.cc:599] analyze timing path end vertex 14141 total 17728 end
I20260802 12:21:54.017582 21632 StaAnalyze.cc:565] analyze timing path end vertex 14151 total 17728 start
I20260802 12:21:54.017616 21632 StaAnalyze.cc:599] analyze timing path end vertex 14151 total 17728 end
I20260802 12:21:54.017681 21632 StaAnalyze.cc:565] analyze timing path end vertex 14161 total 17728 start
I20260802 12:21:54.017719 21632 StaAnalyze.cc:599] analyze timing path end vertex 14161 total 17728 end
I20260802 12:21:54.017827 21632 StaAnalyze.cc:565] analyze timing path end vertex 14171 total 17728 start
I20260802 12:21:54.017870 21632 StaAnalyze.cc:599] analyze timing path end vertex 14171 total 17728 end
I20260802 12:21:54.017930 21632 StaAnalyze.cc:565] analyze timing path end vertex 14181 total 17728 start
I20260802 12:21:54.017964 21632 StaAnalyze.cc:599] analyze timing path end vertex 14181 total 17728 end
I20260802 12:21:54.018023 21632 StaAnalyze.cc:303] add path data num 2 to rom.mem_224_17__reg_p:D
I20260802 12:21:54.018096 21632 StaAnalyze.cc:565] analyze timing path end vertex 14191 total 17728 start
I20260802 12:21:54.018138 21632 StaAnalyze.cc:599] analyze timing path end vertex 14191 total 17728 end
I20260802 12:21:54.018203 21632 StaAnalyze.cc:565] analyze timing path end vertex 14201 total 17728 start
I20260802 12:21:54.018241 21632 StaAnalyze.cc:599] analyze timing path end vertex 14201 total 17728 end
I20260802 12:21:54.018340 21632 StaAnalyze.cc:565] analyze timing path end vertex 14211 total 17728 start
I20260802 12:21:54.018399 21632 StaAnalyze.cc:599] analyze timing path end vertex 14211 total 17728 end
I20260802 12:21:54.018486 21632 StaAnalyze.cc:565] analyze timing path end vertex 14221 total 17728 start
I20260802 12:21:54.018527 21632 StaAnalyze.cc:599] analyze timing path end vertex 14221 total 17728 end
I20260802 12:21:54.018591 21632 StaAnalyze.cc:565] analyze timing path end vertex 14231 total 17728 start
I20260802 12:21:54.018626 21632 StaAnalyze.cc:599] analyze timing path end vertex 14231 total 17728 end
I20260802 12:21:54.018649 21632 StaAnalyze.cc:303] add path data num 2 to rom.mem_225_4__reg_p:D
I20260802 12:21:54.018702 21632 StaAnalyze.cc:565] analyze timing path end vertex 14241 total 17728 start
I20260802 12:21:54.018736 21632 StaAnalyze.cc:599] analyze timing path end vertex 14241 total 17728 end
I20260802 12:21:54.018826 21632 StaAnalyze.cc:565] analyze timing path end vertex 14251 total 17728 start
I20260802 12:21:54.018872 21632 StaAnalyze.cc:599] analyze timing path end vertex 14251 total 17728 end
I20260802 12:21:54.018934 21632 StaAnalyze.cc:565] analyze timing path end vertex 14261 total 17728 start
I20260802 12:21:54.018970 21632 StaAnalyze.cc:599] analyze timing path end vertex 14261 total 17728 end
I20260802 12:21:54.019033 21632 StaAnalyze.cc:565] analyze timing path end vertex 14271 total 17728 start
I20260802 12:21:54.019068 21632 StaAnalyze.cc:599] analyze timing path end vertex 14271 total 17728 end
I20260802 12:21:54.019136 21632 StaAnalyze.cc:565] analyze timing path end vertex 14281 total 17728 start
I20260802 12:21:54.019172 21632 StaAnalyze.cc:599] analyze timing path end vertex 14281 total 17728 end
I20260802 12:21:54.019198 21632 StaAnalyze.cc:303] add path data num 2 to rom.mem_227_20__reg_p:D
I20260802 12:21:54.019269 21632 StaAnalyze.cc:565] analyze timing path end vertex 14291 total 17728 start
I20260802 12:21:54.019312 21632 StaAnalyze.cc:599] analyze timing path end vertex 14291 total 17728 end
I20260802 12:21:54.019378 21632 StaAnalyze.cc:565] analyze timing path end vertex 14301 total 17728 start
I20260802 12:21:54.019419 21632 StaAnalyze.cc:599] analyze timing path end vertex 14301 total 17728 end
I20260802 12:21:54.019480 21632 StaAnalyze.cc:565] analyze timing path end vertex 14311 total 17728 start
I20260802 12:21:54.019515 21632 StaAnalyze.cc:599] analyze timing path end vertex 14311 total 17728 end
I20260802 12:21:54.019580 21632 StaAnalyze.cc:565] analyze timing path end vertex 14321 total 17728 start
I20260802 12:21:54.019615 21632 StaAnalyze.cc:599] analyze timing path end vertex 14321 total 17728 end
I20260802 12:21:54.019680 21632 StaAnalyze.cc:565] analyze timing path end vertex 14331 total 17728 start
I20260802 12:21:54.019713 21632 StaAnalyze.cc:599] analyze timing path end vertex 14331 total 17728 end
I20260802 12:21:54.019742 21632 StaAnalyze.cc:303] add path data num 2 to rom.mem_228_8__reg_p:D
I20260802 12:21:54.019834 21632 StaAnalyze.cc:565] analyze timing path end vertex 14341 total 17728 start
I20260802 12:21:54.019896 21632 StaAnalyze.cc:599] analyze timing path end vertex 14341 total 17728 end
I20260802 12:21:54.019958 21632 StaAnalyze.cc:565] analyze timing path end vertex 14351 total 17728 start
I20260802 12:21:54.019991 21632 StaAnalyze.cc:599] analyze timing path end vertex 14351 total 17728 end
I20260802 12:21:54.020053 21632 StaAnalyze.cc:565] analyze timing path end vertex 14361 total 17728 start
I20260802 12:21:54.020089 21632 StaAnalyze.cc:599] analyze timing path end vertex 14361 total 17728 end
I20260802 12:21:54.020152 21632 StaAnalyze.cc:565] analyze timing path end vertex 14371 total 17728 start
I20260802 12:21:54.020187 21632 StaAnalyze.cc:599] analyze timing path end vertex 14371 total 17728 end
I20260802 12:21:54.020251 21632 StaAnalyze.cc:565] analyze timing path end vertex 14381 total 17728 start
I20260802 12:21:54.020285 21632 StaAnalyze.cc:599] analyze timing path end vertex 14381 total 17728 end
I20260802 12:21:54.020313 21632 StaAnalyze.cc:303] add path data num 2 to rom.mem_22_24__reg_p:D
I20260802 12:21:54.020385 21632 StaAnalyze.cc:565] analyze timing path end vertex 14391 total 17728 start
I20260802 12:21:54.020430 21632 StaAnalyze.cc:599] analyze timing path end vertex 14391 total 17728 end
I20260802 12:21:54.020504 21632 StaAnalyze.cc:565] analyze timing path end vertex 14401 total 17728 start
I20260802 12:21:54.020540 21632 StaAnalyze.cc:599] analyze timing path end vertex 14401 total 17728 end
I20260802 12:21:54.020606 21632 StaAnalyze.cc:565] analyze timing path end vertex 14411 total 17728 start
I20260802 12:21:54.020641 21632 StaAnalyze.cc:599] analyze timing path end vertex 14411 total 17728 end
I20260802 12:21:54.020702 21632 StaAnalyze.cc:565] analyze timing path end vertex 14421 total 17728 start
I20260802 12:21:54.020737 21632 StaAnalyze.cc:599] analyze timing path end vertex 14421 total 17728 end
I20260802 12:21:54.020817 21632 StaAnalyze.cc:565] analyze timing path end vertex 14431 total 17728 start
I20260802 12:21:54.020862 21632 StaAnalyze.cc:599] analyze timing path end vertex 14431 total 17728 end
I20260802 12:21:54.020885 21632 StaAnalyze.cc:303] add path data num 2 to rom.mem_231_11__reg_p:D
I20260802 12:21:54.020956 21632 StaAnalyze.cc:565] analyze timing path end vertex 14441 total 17728 start
I20260802 12:21:54.020998 21632 StaAnalyze.cc:599] analyze timing path end vertex 14441 total 17728 end
I20260802 12:21:54.021057 21632 StaAnalyze.cc:565] analyze timing path end vertex 14451 total 17728 start
I20260802 12:21:54.021091 21632 StaAnalyze.cc:599] analyze timing path end vertex 14451 total 17728 end
I20260802 12:21:54.021157 21632 StaAnalyze.cc:565] analyze timing path end vertex 14461 total 17728 start
I20260802 12:21:54.021190 21632 StaAnalyze.cc:599] analyze timing path end vertex 14461 total 17728 end
I20260802 12:21:54.021255 21632 StaAnalyze.cc:565] analyze timing path end vertex 14471 total 17728 start
I20260802 12:21:54.021293 21632 StaAnalyze.cc:599] analyze timing path end vertex 14471 total 17728 end
I20260802 12:21:54.021351 21632 StaAnalyze.cc:565] analyze timing path end vertex 14481 total 17728 start
I20260802 12:21:54.021385 21632 StaAnalyze.cc:599] analyze timing path end vertex 14481 total 17728 end
I20260802 12:21:54.021406 21632 StaAnalyze.cc:303] add path data num 2 to rom.mem_232_28__reg_p:D
I20260802 12:21:54.021456 21632 StaAnalyze.cc:565] analyze timing path end vertex 14491 total 17728 start
I20260802 12:21:54.021489 21632 StaAnalyze.cc:599] analyze timing path end vertex 14491 total 17728 end
I20260802 12:21:54.021551 21632 StaAnalyze.cc:565] analyze timing path end vertex 14501 total 17728 start
I20260802 12:21:54.021584 21632 StaAnalyze.cc:599] analyze timing path end vertex 14501 total 17728 end
I20260802 12:21:54.021644 21632 StaAnalyze.cc:565] analyze timing path end vertex 14511 total 17728 start
I20260802 12:21:54.021679 21632 StaAnalyze.cc:599] analyze timing path end vertex 14511 total 17728 end
I20260802 12:21:54.021744 21632 StaAnalyze.cc:565] analyze timing path end vertex 14521 total 17728 start
I20260802 12:21:54.021795 21632 StaAnalyze.cc:599] analyze timing path end vertex 14521 total 17728 end
I20260802 12:21:54.021857 21632 StaAnalyze.cc:565] analyze timing path end vertex 14531 total 17728 start
I20260802 12:21:54.021891 21632 StaAnalyze.cc:599] analyze timing path end vertex 14531 total 17728 end
I20260802 12:21:54.021914 21632 StaAnalyze.cc:303] add path data num 2 to rom.mem_234_15__reg_p:D
I20260802 12:21:54.021960 21632 StaAnalyze.cc:565] analyze timing path end vertex 14541 total 17728 start
I20260802 12:21:54.022029 21632 StaAnalyze.cc:599] analyze timing path end vertex 14541 total 17728 end
I20260802 12:21:54.022104 21632 StaAnalyze.cc:565] analyze timing path end vertex 14551 total 17728 start
I20260802 12:21:54.022140 21632 StaAnalyze.cc:599] analyze timing path end vertex 14551 total 17728 end
I20260802 12:21:54.022202 21632 StaAnalyze.cc:565] analyze timing path end vertex 14561 total 17728 start
I20260802 12:21:54.022243 21632 StaAnalyze.cc:599] analyze timing path end vertex 14561 total 17728 end
I20260802 12:21:54.022305 21632 StaAnalyze.cc:565] analyze timing path end vertex 14571 total 17728 start
I20260802 12:21:54.022339 21632 StaAnalyze.cc:599] analyze timing path end vertex 14571 total 17728 end
I20260802 12:21:54.022403 21632 StaAnalyze.cc:565] analyze timing path end vertex 14581 total 17728 start
I20260802 12:21:54.022436 21632 StaAnalyze.cc:599] analyze timing path end vertex 14581 total 17728 end
I20260802 12:21:54.022459 21632 StaAnalyze.cc:303] add path data num 2 to rom.mem_235_31__reg_p:D
I20260802 12:21:54.022531 21632 StaAnalyze.cc:565] analyze timing path end vertex 14591 total 17728 start
I20260802 12:21:54.022571 21632 StaAnalyze.cc:599] analyze timing path end vertex 14591 total 17728 end
I20260802 12:21:54.022634 21632 StaAnalyze.cc:565] analyze timing path end vertex 14601 total 17728 start
I20260802 12:21:54.022670 21632 StaAnalyze.cc:599] analyze timing path end vertex 14601 total 17728 end
I20260802 12:21:54.022735 21632 StaAnalyze.cc:565] analyze timing path end vertex 14611 total 17728 start
I20260802 12:21:54.022786 21632 StaAnalyze.cc:599] analyze timing path end vertex 14611 total 17728 end
I20260802 12:21:54.022847 21632 StaAnalyze.cc:565] analyze timing path end vertex 14621 total 17728 start
I20260802 12:21:54.022882 21632 StaAnalyze.cc:599] analyze timing path end vertex 14621 total 17728 end
I20260802 12:21:54.022945 21632 StaAnalyze.cc:565] analyze timing path end vertex 14631 total 17728 start
I20260802 12:21:54.022980 21632 StaAnalyze.cc:599] analyze timing path end vertex 14631 total 17728 end
I20260802 12:21:54.023002 21632 StaAnalyze.cc:303] add path data num 2 to rom.mem_237_19__reg_p:D
I20260802 12:21:54.023077 21632 StaAnalyze.cc:565] analyze timing path end vertex 14641 total 17728 start
I20260802 12:21:54.023116 21632 StaAnalyze.cc:599] analyze timing path end vertex 14641 total 17728 end
I20260802 12:21:54.023186 21632 StaAnalyze.cc:565] analyze timing path end vertex 14651 total 17728 start
I20260802 12:21:54.023236 21632 StaAnalyze.cc:599] analyze timing path end vertex 14651 total 17728 end
I20260802 12:21:54.023347 21632 StaAnalyze.cc:565] analyze timing path end vertex 14661 total 17728 start
I20260802 12:21:54.023389 21632 StaAnalyze.cc:599] analyze timing path end vertex 14661 total 17728 end
I20260802 12:21:54.023455 21632 StaAnalyze.cc:565] analyze timing path end vertex 14671 total 17728 start
I20260802 12:21:54.023489 21632 StaAnalyze.cc:599] analyze timing path end vertex 14671 total 17728 end
I20260802 12:21:54.023550 21632 StaAnalyze.cc:565] analyze timing path end vertex 14681 total 17728 start
I20260802 12:21:54.023586 21632 StaAnalyze.cc:599] analyze timing path end vertex 14681 total 17728 end
I20260802 12:21:54.023615 21632 StaAnalyze.cc:303] add path data num 2 to rom.mem_238_6__reg_p:D
I20260802 12:21:54.023665 21632 StaAnalyze.cc:565] analyze timing path end vertex 14691 total 17728 start
I20260802 12:21:54.023710 21632 StaAnalyze.cc:599] analyze timing path end vertex 14691 total 17728 end
I20260802 12:21:54.023861 21632 StaAnalyze.cc:565] analyze timing path end vertex 14701 total 17728 start
I20260802 12:21:54.023905 21632 StaAnalyze.cc:599] analyze timing path end vertex 14701 total 17728 end
I20260802 12:21:54.023968 21632 StaAnalyze.cc:565] analyze timing path end vertex 14711 total 17728 start
I20260802 12:21:54.024001 21632 StaAnalyze.cc:599] analyze timing path end vertex 14711 total 17728 end
I20260802 12:21:54.024062 21632 StaAnalyze.cc:565] analyze timing path end vertex 14721 total 17728 start
I20260802 12:21:54.024097 21632 StaAnalyze.cc:599] analyze timing path end vertex 14721 total 17728 end
I20260802 12:21:54.024215 21632 StaAnalyze.cc:565] analyze timing path end vertex 14731 total 17728 start
I20260802 12:21:54.024257 21632 StaAnalyze.cc:599] analyze timing path end vertex 14731 total 17728 end
I20260802 12:21:54.024283 21632 StaAnalyze.cc:303] add path data num 2 to rom.mem_23_22__reg_p:D
I20260802 12:21:54.024382 21632 StaAnalyze.cc:565] analyze timing path end vertex 14741 total 17728 start
I20260802 12:21:54.024446 21632 StaAnalyze.cc:599] analyze timing path end vertex 14741 total 17728 end
I20260802 12:21:54.024529 21632 StaAnalyze.cc:565] analyze timing path end vertex 14751 total 17728 start
I20260802 12:21:54.024566 21632 StaAnalyze.cc:599] analyze timing path end vertex 14751 total 17728 end
I20260802 12:21:54.024631 21632 StaAnalyze.cc:565] analyze timing path end vertex 14761 total 17728 start
I20260802 12:21:54.024667 21632 StaAnalyze.cc:599] analyze timing path end vertex 14761 total 17728 end
I20260802 12:21:54.024755 21632 StaAnalyze.cc:565] analyze timing path end vertex 14771 total 17728 start
I20260802 12:21:54.024806 21632 StaAnalyze.cc:599] analyze timing path end vertex 14771 total 17728 end
I20260802 12:21:54.024874 21632 StaAnalyze.cc:565] analyze timing path end vertex 14781 total 17728 start
I20260802 12:21:54.024914 21632 StaAnalyze.cc:599] analyze timing path end vertex 14781 total 17728 end
I20260802 12:21:54.024937 21632 StaAnalyze.cc:303] add path data num 2 to rom.mem_241_0__reg_p:D
I20260802 12:21:54.025009 21632 StaAnalyze.cc:565] analyze timing path end vertex 14791 total 17728 start
I20260802 12:21:54.025050 21632 StaAnalyze.cc:599] analyze timing path end vertex 14791 total 17728 end
I20260802 12:21:54.025115 21632 StaAnalyze.cc:565] analyze timing path end vertex 14801 total 17728 start
I20260802 12:21:54.025148 21632 StaAnalyze.cc:599] analyze timing path end vertex 14801 total 17728 end
I20260802 12:21:54.025213 21632 StaAnalyze.cc:565] analyze timing path end vertex 14811 total 17728 start
I20260802 12:21:54.025247 21632 StaAnalyze.cc:599] analyze timing path end vertex 14811 total 17728 end
I20260802 12:21:54.025314 21632 StaAnalyze.cc:565] analyze timing path end vertex 14821 total 17728 start
I20260802 12:21:54.025349 21632 StaAnalyze.cc:599] analyze timing path end vertex 14821 total 17728 end
I20260802 12:21:54.025413 21632 StaAnalyze.cc:565] analyze timing path end vertex 14831 total 17728 start
I20260802 12:21:54.025452 21632 StaAnalyze.cc:599] analyze timing path end vertex 14831 total 17728 end
I20260802 12:21:54.025476 21632 StaAnalyze.cc:303] add path data num 2 to rom.mem_242_26__reg_p:D
I20260802 12:21:54.025557 21632 StaAnalyze.cc:565] analyze timing path end vertex 14841 total 17728 start
I20260802 12:21:54.025597 21632 StaAnalyze.cc:599] analyze timing path end vertex 14841 total 17728 end
I20260802 12:21:54.025663 21632 StaAnalyze.cc:565] analyze timing path end vertex 14851 total 17728 start
I20260802 12:21:54.025697 21632 StaAnalyze.cc:599] analyze timing path end vertex 14851 total 17728 end
I20260802 12:21:54.025761 21632 StaAnalyze.cc:565] analyze timing path end vertex 14861 total 17728 start
I20260802 12:21:54.025812 21632 StaAnalyze.cc:599] analyze timing path end vertex 14861 total 17728 end
I20260802 12:21:54.025879 21632 StaAnalyze.cc:565] analyze timing path end vertex 14871 total 17728 start
I20260802 12:21:54.025895 21632 StaAnalyze.cc:599] analyze timing path end vertex 14871 total 17728 end
I20260802 12:21:54.025949 21632 StaAnalyze.cc:565] analyze timing path end vertex 14881 total 17728 start
I20260802 12:21:54.025988 21632 StaAnalyze.cc:599] analyze timing path end vertex 14881 total 17728 end
I20260802 12:21:54.026006 21632 StaAnalyze.cc:303] add path data num 2 to rom.mem_244_13__reg_p:D
I20260802 12:21:54.026057 21632 StaAnalyze.cc:565] analyze timing path end vertex 14891 total 17728 start
I20260802 12:21:54.026093 21632 StaAnalyze.cc:599] analyze timing path end vertex 14891 total 17728 end
I20260802 12:21:54.026176 21632 StaAnalyze.cc:565] analyze timing path end vertex 14901 total 17728 start
I20260802 12:21:54.026217 21632 StaAnalyze.cc:599] analyze timing path end vertex 14901 total 17728 end
I20260802 12:21:54.026283 21632 StaAnalyze.cc:565] analyze timing path end vertex 14911 total 17728 start
I20260802 12:21:54.026319 21632 StaAnalyze.cc:599] analyze timing path end vertex 14911 total 17728 end
I20260802 12:21:54.026383 21632 StaAnalyze.cc:565] analyze timing path end vertex 14921 total 17728 start
I20260802 12:21:54.026422 21632 StaAnalyze.cc:599] analyze timing path end vertex 14921 total 17728 end
I20260802 12:21:54.026484 21632 StaAnalyze.cc:565] analyze timing path end vertex 14931 total 17728 start
I20260802 12:21:54.026520 21632 StaAnalyze.cc:599] analyze timing path end vertex 14931 total 17728 end
I20260802 12:21:54.026541 21632 StaAnalyze.cc:303] add path data num 2 to rom.mem_245_2__reg_p:D
I20260802 12:21:54.026611 21632 StaAnalyze.cc:565] analyze timing path end vertex 14941 total 17728 start
I20260802 12:21:54.026652 21632 StaAnalyze.cc:599] analyze timing path end vertex 14941 total 17728 end
I20260802 12:21:54.026715 21632 StaAnalyze.cc:565] analyze timing path end vertex 14951 total 17728 start
I20260802 12:21:54.026750 21632 StaAnalyze.cc:599] analyze timing path end vertex 14951 total 17728 end
I20260802 12:21:54.026834 21632 StaAnalyze.cc:565] analyze timing path end vertex 14961 total 17728 start
I20260802 12:21:54.026881 21632 StaAnalyze.cc:599] analyze timing path end vertex 14961 total 17728 end
I20260802 12:21:54.026947 21632 StaAnalyze.cc:565] analyze timing path end vertex 14971 total 17728 start
I20260802 12:21:54.026980 21632 StaAnalyze.cc:599] analyze timing path end vertex 14971 total 17728 end
I20260802 12:21:54.027043 21632 StaAnalyze.cc:565] analyze timing path end vertex 14981 total 17728 start
I20260802 12:21:54.027078 21632 StaAnalyze.cc:599] analyze timing path end vertex 14981 total 17728 end
I20260802 12:21:54.027099 21632 StaAnalyze.cc:303] add path data num 2 to rom.mem_247_17__reg_p:D
I20260802 12:21:54.027160 21632 StaAnalyze.cc:565] analyze timing path end vertex 14991 total 17728 start
I20260802 12:21:54.027195 21632 StaAnalyze.cc:599] analyze timing path end vertex 14991 total 17728 end
I20260802 12:21:54.027259 21632 StaAnalyze.cc:565] analyze timing path end vertex 15001 total 17728 start
I20260802 12:21:54.027300 21632 StaAnalyze.cc:599] analyze timing path end vertex 15001 total 17728 end
I20260802 12:21:54.027362 21632 StaAnalyze.cc:565] analyze timing path end vertex 15011 total 17728 start
I20260802 12:21:54.027396 21632 StaAnalyze.cc:599] analyze timing path end vertex 15011 total 17728 end
I20260802 12:21:54.027459 21632 StaAnalyze.cc:565] analyze timing path end vertex 15021 total 17728 start
I20260802 12:21:54.027493 21632 StaAnalyze.cc:599] analyze timing path end vertex 15021 total 17728 end
I20260802 12:21:54.027558 21632 StaAnalyze.cc:565] analyze timing path end vertex 15031 total 17728 start
I20260802 12:21:54.027593 21632 StaAnalyze.cc:599] analyze timing path end vertex 15031 total 17728 end
I20260802 12:21:54.027621 21632 StaAnalyze.cc:303] add path data num 2 to rom.mem_248_4__reg_p:D
I20260802 12:21:54.027700 21632 StaAnalyze.cc:565] analyze timing path end vertex 15041 total 17728 start
I20260802 12:21:54.027752 21632 StaAnalyze.cc:599] analyze timing path end vertex 15041 total 17728 end
I20260802 12:21:54.027838 21632 StaAnalyze.cc:565] analyze timing path end vertex 15051 total 17728 start
I20260802 12:21:54.027882 21632 StaAnalyze.cc:599] analyze timing path end vertex 15051 total 17728 end
I20260802 12:21:54.027980 21632 StaAnalyze.cc:565] analyze timing path end vertex 15061 total 17728 start
I20260802 12:21:54.028023 21632 StaAnalyze.cc:599] analyze timing path end vertex 15061 total 17728 end
I20260802 12:21:54.028087 21632 StaAnalyze.cc:565] analyze timing path end vertex 15071 total 17728 start
I20260802 12:21:54.028122 21632 StaAnalyze.cc:599] analyze timing path end vertex 15071 total 17728 end
I20260802 12:21:54.028187 21632 StaAnalyze.cc:565] analyze timing path end vertex 15081 total 17728 start
I20260802 12:21:54.028220 21632 StaAnalyze.cc:599] analyze timing path end vertex 15081 total 17728 end
I20260802 12:21:54.028246 21632 StaAnalyze.cc:303] add path data num 2 to rom.mem_24_20__reg_p:D
I20260802 12:21:54.028321 21632 StaAnalyze.cc:565] analyze timing path end vertex 15091 total 17728 start
I20260802 12:21:54.028366 21632 StaAnalyze.cc:599] analyze timing path end vertex 15091 total 17728 end
I20260802 12:21:54.028427 21632 StaAnalyze.cc:565] analyze timing path end vertex 15101 total 17728 start
I20260802 12:21:54.028462 21632 StaAnalyze.cc:599] analyze timing path end vertex 15101 total 17728 end
I20260802 12:21:54.028527 21632 StaAnalyze.cc:565] analyze timing path end vertex 15111 total 17728 start
I20260802 12:21:54.028561 21632 StaAnalyze.cc:599] analyze timing path end vertex 15111 total 17728 end
I20260802 12:21:54.028626 21632 StaAnalyze.cc:565] analyze timing path end vertex 15121 total 17728 start
I20260802 12:21:54.028661 21632 StaAnalyze.cc:599] analyze timing path end vertex 15121 total 17728 end
I20260802 12:21:54.028723 21632 StaAnalyze.cc:565] analyze timing path end vertex 15131 total 17728 start
I20260802 12:21:54.028757 21632 StaAnalyze.cc:599] analyze timing path end vertex 15131 total 17728 end
I20260802 12:21:54.028800 21632 StaAnalyze.cc:303] add path data num 2 to rom.mem_250_8__reg_p:D
I20260802 12:21:54.028877 21632 StaAnalyze.cc:565] analyze timing path end vertex 15141 total 17728 start
I20260802 12:21:54.028923 21632 StaAnalyze.cc:599] analyze timing path end vertex 15141 total 17728 end
I20260802 12:21:54.028983 21632 StaAnalyze.cc:565] analyze timing path end vertex 15151 total 17728 start
I20260802 12:21:54.029018 21632 StaAnalyze.cc:599] analyze timing path end vertex 15151 total 17728 end
I20260802 12:21:54.029078 21632 StaAnalyze.cc:565] analyze timing path end vertex 15161 total 17728 start
I20260802 12:21:54.029112 21632 StaAnalyze.cc:599] analyze timing path end vertex 15161 total 17728 end
I20260802 12:21:54.029173 21632 StaAnalyze.cc:565] analyze timing path end vertex 15171 total 17728 start
I20260802 12:21:54.029207 21632 StaAnalyze.cc:599] analyze timing path end vertex 15171 total 17728 end
I20260802 12:21:54.029289 21632 StaAnalyze.cc:565] analyze timing path end vertex 15181 total 17728 start
I20260802 12:21:54.029341 21632 StaAnalyze.cc:599] analyze timing path end vertex 15181 total 17728 end
I20260802 12:21:54.029398 21632 StaAnalyze.cc:303] add path data num 2 to rom.mem_252_24__reg_p:D
I20260802 12:21:54.029476 21632 StaAnalyze.cc:565] analyze timing path end vertex 15191 total 17728 start
I20260802 12:21:54.029517 21632 StaAnalyze.cc:599] analyze timing path end vertex 15191 total 17728 end
I20260802 12:21:54.029579 21632 StaAnalyze.cc:565] analyze timing path end vertex 15201 total 17728 start
I20260802 12:21:54.029613 21632 StaAnalyze.cc:599] analyze timing path end vertex 15201 total 17728 end
I20260802 12:21:54.029675 21632 StaAnalyze.cc:565] analyze timing path end vertex 15211 total 17728 start
I20260802 12:21:54.029708 21632 StaAnalyze.cc:599] analyze timing path end vertex 15211 total 17728 end
I20260802 12:21:54.029784 21632 StaAnalyze.cc:565] analyze timing path end vertex 15221 total 17728 start
I20260802 12:21:54.029834 21632 StaAnalyze.cc:599] analyze timing path end vertex 15221 total 17728 end
I20260802 12:21:54.029922 21632 StaAnalyze.cc:565] analyze timing path end vertex 15231 total 17728 start
I20260802 12:21:54.029958 21632 StaAnalyze.cc:599] analyze timing path end vertex 15231 total 17728 end
I20260802 12:21:54.030043 21632 StaAnalyze.cc:303] add path data num 2 to rom.mem_254_11__reg_p:D
I20260802 12:21:54.030102 21632 StaAnalyze.cc:565] analyze timing path end vertex 15241 total 17728 start
I20260802 12:21:54.030135 21632 StaAnalyze.cc:599] analyze timing path end vertex 15241 total 17728 end
I20260802 12:21:54.030197 21632 StaAnalyze.cc:565] analyze timing path end vertex 15251 total 17728 start
I20260802 12:21:54.030231 21632 StaAnalyze.cc:599] analyze timing path end vertex 15251 total 17728 end
I20260802 12:21:54.030292 21632 StaAnalyze.cc:565] analyze timing path end vertex 15261 total 17728 start
I20260802 12:21:54.030326 21632 StaAnalyze.cc:599] analyze timing path end vertex 15261 total 17728 end
I20260802 12:21:54.030426 21632 StaAnalyze.cc:565] analyze timing path end vertex 15271 total 17728 start
I20260802 12:21:54.030483 21632 StaAnalyze.cc:599] analyze timing path end vertex 15271 total 17728 end
I20260802 12:21:54.030575 21632 StaAnalyze.cc:565] analyze timing path end vertex 15281 total 17728 start
I20260802 12:21:54.030616 21632 StaAnalyze.cc:599] analyze timing path end vertex 15281 total 17728 end
I20260802 12:21:54.030639 21632 StaAnalyze.cc:303] add path data num 2 to rom.mem_255_28__reg_p:D
I20260802 12:21:54.030694 21632 StaAnalyze.cc:565] analyze timing path end vertex 15291 total 17728 start
I20260802 12:21:54.030730 21632 StaAnalyze.cc:599] analyze timing path end vertex 15291 total 17728 end
I20260802 12:21:54.030810 21632 StaAnalyze.cc:565] analyze timing path end vertex 15301 total 17728 start
I20260802 12:21:54.030851 21632 StaAnalyze.cc:599] analyze timing path end vertex 15301 total 17728 end
I20260802 12:21:54.030912 21632 StaAnalyze.cc:565] analyze timing path end vertex 15311 total 17728 start
I20260802 12:21:54.030952 21632 StaAnalyze.cc:599] analyze timing path end vertex 15311 total 17728 end
I20260802 12:21:54.031013 21632 StaAnalyze.cc:565] analyze timing path end vertex 15321 total 17728 start
I20260802 12:21:54.031046 21632 StaAnalyze.cc:599] analyze timing path end vertex 15321 total 17728 end
I20260802 12:21:54.031114 21632 StaAnalyze.cc:565] analyze timing path end vertex 15331 total 17728 start
I20260802 12:21:54.031149 21632 StaAnalyze.cc:599] analyze timing path end vertex 15331 total 17728 end
I20260802 12:21:54.031173 21632 StaAnalyze.cc:303] add path data num 2 to rom.mem_26_15__reg_p:D
I20260802 12:21:54.031225 21632 StaAnalyze.cc:565] analyze timing path end vertex 15341 total 17728 start
I20260802 12:21:54.031261 21632 StaAnalyze.cc:599] analyze timing path end vertex 15341 total 17728 end
I20260802 12:21:54.031330 21632 StaAnalyze.cc:565] analyze timing path end vertex 15351 total 17728 start
I20260802 12:21:54.031366 21632 StaAnalyze.cc:599] analyze timing path end vertex 15351 total 17728 end
I20260802 12:21:54.031435 21632 StaAnalyze.cc:565] analyze timing path end vertex 15361 total 17728 start
I20260802 12:21:54.031479 21632 StaAnalyze.cc:599] analyze timing path end vertex 15361 total 17728 end
I20260802 12:21:54.031541 21632 StaAnalyze.cc:565] analyze timing path end vertex 15371 total 17728 start
I20260802 12:21:54.031575 21632 StaAnalyze.cc:599] analyze timing path end vertex 15371 total 17728 end
I20260802 12:21:54.031639 21632 StaAnalyze.cc:565] analyze timing path end vertex 15381 total 17728 start
I20260802 12:21:54.031674 21632 StaAnalyze.cc:599] analyze timing path end vertex 15381 total 17728 end
I20260802 12:21:54.031695 21632 StaAnalyze.cc:303] add path data num 2 to rom.mem_27_31__reg_p:D
I20260802 12:21:54.031746 21632 StaAnalyze.cc:565] analyze timing path end vertex 15391 total 17728 start
I20260802 12:21:54.031783 21632 StaAnalyze.cc:599] analyze timing path end vertex 15391 total 17728 end
I20260802 12:21:54.031845 21632 StaAnalyze.cc:565] analyze timing path end vertex 15401 total 17728 start
I20260802 12:21:54.031885 21632 StaAnalyze.cc:599] analyze timing path end vertex 15401 total 17728 end
I20260802 12:21:54.031944 21632 StaAnalyze.cc:565] analyze timing path end vertex 15411 total 17728 start
I20260802 12:21:54.031988 21632 StaAnalyze.cc:599] analyze timing path end vertex 15411 total 17728 end
I20260802 12:21:54.032050 21632 StaAnalyze.cc:565] analyze timing path end vertex 15421 total 17728 start
I20260802 12:21:54.032084 21632 StaAnalyze.cc:599] analyze timing path end vertex 15421 total 17728 end
I20260802 12:21:54.032202 21632 StaAnalyze.cc:565] analyze timing path end vertex 15431 total 17728 start
I20260802 12:21:54.032244 21632 StaAnalyze.cc:599] analyze timing path end vertex 15431 total 17728 end
I20260802 12:21:54.032276 21632 StaAnalyze.cc:303] add path data num 2 to rom.mem_29_19__reg_p:D
I20260802 12:21:54.032344 21632 StaAnalyze.cc:565] analyze timing path end vertex 15441 total 17728 start
I20260802 12:21:54.032385 21632 StaAnalyze.cc:599] analyze timing path end vertex 15441 total 17728 end
I20260802 12:21:54.032470 21632 StaAnalyze.cc:565] analyze timing path end vertex 15451 total 17728 start
I20260802 12:21:54.032516 21632 StaAnalyze.cc:599] analyze timing path end vertex 15451 total 17728 end
I20260802 12:21:54.032574 21632 StaAnalyze.cc:565] analyze timing path end vertex 15461 total 17728 start
I20260802 12:21:54.032639 21632 StaAnalyze.cc:599] analyze timing path end vertex 15461 total 17728 end
I20260802 12:21:54.032703 21632 StaAnalyze.cc:565] analyze timing path end vertex 15471 total 17728 start
I20260802 12:21:54.032740 21632 StaAnalyze.cc:599] analyze timing path end vertex 15471 total 17728 end
I20260802 12:21:54.032819 21632 StaAnalyze.cc:565] analyze timing path end vertex 15481 total 17728 start
I20260802 12:21:54.032860 21632 StaAnalyze.cc:599] analyze timing path end vertex 15481 total 17728 end
I20260802 12:21:54.032886 21632 StaAnalyze.cc:303] add path data num 2 to rom.mem_2_6__reg_p:D
I20260802 12:21:54.032931 21632 StaAnalyze.cc:565] analyze timing path end vertex 15491 total 17728 start
I20260802 12:21:54.032968 21632 StaAnalyze.cc:599] analyze timing path end vertex 15491 total 17728 end
I20260802 12:21:54.033032 21632 StaAnalyze.cc:565] analyze timing path end vertex 15501 total 17728 start
I20260802 12:21:54.033066 21632 StaAnalyze.cc:599] analyze timing path end vertex 15501 total 17728 end
I20260802 12:21:54.033131 21632 StaAnalyze.cc:565] analyze timing path end vertex 15511 total 17728 start
I20260802 12:21:54.033165 21632 StaAnalyze.cc:599] analyze timing path end vertex 15511 total 17728 end
I20260802 12:21:54.033226 21632 StaAnalyze.cc:565] analyze timing path end vertex 15521 total 17728 start
I20260802 12:21:54.033259 21632 StaAnalyze.cc:599] analyze timing path end vertex 15521 total 17728 end
I20260802 12:21:54.033320 21632 StaAnalyze.cc:565] analyze timing path end vertex 15531 total 17728 start
I20260802 12:21:54.033358 21632 StaAnalyze.cc:599] analyze timing path end vertex 15531 total 17728 end
I20260802 12:21:54.033381 21632 StaAnalyze.cc:303] add path data num 2 to rom.mem_31_22__reg_p:D
I20260802 12:21:54.033452 21632 StaAnalyze.cc:565] analyze timing path end vertex 15541 total 17728 start
I20260802 12:21:54.033493 21632 StaAnalyze.cc:599] analyze timing path end vertex 15541 total 17728 end
I20260802 12:21:54.033556 21632 StaAnalyze.cc:565] analyze timing path end vertex 15551 total 17728 start
I20260802 12:21:54.033591 21632 StaAnalyze.cc:599] analyze timing path end vertex 15551 total 17728 end
I20260802 12:21:54.033653 21632 StaAnalyze.cc:565] analyze timing path end vertex 15561 total 17728 start
I20260802 12:21:54.033687 21632 StaAnalyze.cc:599] analyze timing path end vertex 15561 total 17728 end
I20260802 12:21:54.033751 21632 StaAnalyze.cc:565] analyze timing path end vertex 15571 total 17728 start
I20260802 12:21:54.033788 21632 StaAnalyze.cc:599] analyze timing path end vertex 15571 total 17728 end
I20260802 12:21:54.033854 21632 StaAnalyze.cc:565] analyze timing path end vertex 15581 total 17728 start
I20260802 12:21:54.033898 21632 StaAnalyze.cc:599] analyze timing path end vertex 15581 total 17728 end
I20260802 12:21:54.033921 21632 StaAnalyze.cc:303] add path data num 2 to rom.mem_33_0__reg_p:D
I20260802 12:21:54.034009 21632 StaAnalyze.cc:565] analyze timing path end vertex 15591 total 17728 start
I20260802 12:21:54.034065 21632 StaAnalyze.cc:599] analyze timing path end vertex 15591 total 17728 end
I20260802 12:21:54.034125 21632 StaAnalyze.cc:565] analyze timing path end vertex 15601 total 17728 start
I20260802 12:21:54.034159 21632 StaAnalyze.cc:599] analyze timing path end vertex 15601 total 17728 end
I20260802 12:21:54.034221 21632 StaAnalyze.cc:565] analyze timing path end vertex 15611 total 17728 start
I20260802 12:21:54.034256 21632 StaAnalyze.cc:599] analyze timing path end vertex 15611 total 17728 end
I20260802 12:21:54.034318 21632 StaAnalyze.cc:565] analyze timing path end vertex 15621 total 17728 start
I20260802 12:21:54.034358 21632 StaAnalyze.cc:599] analyze timing path end vertex 15621 total 17728 end
I20260802 12:21:54.034422 21632 StaAnalyze.cc:565] analyze timing path end vertex 15631 total 17728 start
I20260802 12:21:54.034457 21632 StaAnalyze.cc:599] analyze timing path end vertex 15631 total 17728 end
I20260802 12:21:54.034479 21632 StaAnalyze.cc:303] add path data num 2 to rom.mem_34_26__reg_p:D
I20260802 12:21:54.034529 21632 StaAnalyze.cc:565] analyze timing path end vertex 15641 total 17728 start
I20260802 12:21:54.034564 21632 StaAnalyze.cc:599] analyze timing path end vertex 15641 total 17728 end
I20260802 12:21:54.034627 21632 StaAnalyze.cc:565] analyze timing path end vertex 15651 total 17728 start
I20260802 12:21:54.034662 21632 StaAnalyze.cc:599] analyze timing path end vertex 15651 total 17728 end
I20260802 12:21:54.034724 21632 StaAnalyze.cc:565] analyze timing path end vertex 15661 total 17728 start
I20260802 12:21:54.034758 21632 StaAnalyze.cc:599] analyze timing path end vertex 15661 total 17728 end
I20260802 12:21:54.034852 21632 StaAnalyze.cc:565] analyze timing path end vertex 15671 total 17728 start
I20260802 12:21:54.034895 21632 StaAnalyze.cc:599] analyze timing path end vertex 15671 total 17728 end
I20260802 12:21:54.034957 21632 StaAnalyze.cc:565] analyze timing path end vertex 15681 total 17728 start
I20260802 12:21:54.034991 21632 StaAnalyze.cc:599] analyze timing path end vertex 15681 total 17728 end
I20260802 12:21:54.035013 21632 StaAnalyze.cc:303] add path data num 2 to rom.mem_36_13__reg_p:D
I20260802 12:21:54.035066 21632 StaAnalyze.cc:565] analyze timing path end vertex 15691 total 17728 start
I20260802 12:21:54.035100 21632 StaAnalyze.cc:599] analyze timing path end vertex 15691 total 17728 end
I20260802 12:21:54.035162 21632 StaAnalyze.cc:565] analyze timing path end vertex 15701 total 17728 start
I20260802 12:21:54.035197 21632 StaAnalyze.cc:599] analyze timing path end vertex 15701 total 17728 end
I20260802 12:21:54.035259 21632 StaAnalyze.cc:565] analyze timing path end vertex 15711 total 17728 start
I20260802 12:21:54.035298 21632 StaAnalyze.cc:599] analyze timing path end vertex 15711 total 17728 end
I20260802 12:21:54.035383 21632 StaAnalyze.cc:565] analyze timing path end vertex 15721 total 17728 start
I20260802 12:21:54.035430 21632 StaAnalyze.cc:599] analyze timing path end vertex 15721 total 17728 end
I20260802 12:21:54.035512 21632 StaAnalyze.cc:565] analyze timing path end vertex 15731 total 17728 start
I20260802 12:21:54.035548 21632 StaAnalyze.cc:599] analyze timing path end vertex 15731 total 17728 end
I20260802 12:21:54.035571 21632 StaAnalyze.cc:303] add path data num 2 to rom.mem_37_2__reg_p:D
I20260802 12:21:54.035621 21632 StaAnalyze.cc:565] analyze timing path end vertex 15741 total 17728 start
I20260802 12:21:54.035655 21632 StaAnalyze.cc:599] analyze timing path end vertex 15741 total 17728 end
I20260802 12:21:54.035717 21632 StaAnalyze.cc:565] analyze timing path end vertex 15751 total 17728 start
I20260802 12:21:54.035758 21632 StaAnalyze.cc:599] analyze timing path end vertex 15751 total 17728 end
I20260802 12:21:54.035838 21632 StaAnalyze.cc:565] analyze timing path end vertex 15761 total 17728 start
I20260802 12:21:54.035876 21632 StaAnalyze.cc:599] analyze timing path end vertex 15761 total 17728 end
I20260802 12:21:54.035974 21632 StaAnalyze.cc:565] analyze timing path end vertex 15771 total 17728 start
I20260802 12:21:54.036022 21632 StaAnalyze.cc:599] analyze timing path end vertex 15771 total 17728 end
I20260802 12:21:54.036087 21632 StaAnalyze.cc:565] analyze timing path end vertex 15781 total 17728 start
I20260802 12:21:54.036121 21632 StaAnalyze.cc:599] analyze timing path end vertex 15781 total 17728 end
I20260802 12:21:54.036149 21632 StaAnalyze.cc:303] add path data num 2 to rom.mem_39_17__reg_p:D
I20260802 12:21:54.036195 21632 StaAnalyze.cc:565] analyze timing path end vertex 15791 total 17728 start
I20260802 12:21:54.036228 21632 StaAnalyze.cc:599] analyze timing path end vertex 15791 total 17728 end
I20260802 12:21:54.036293 21632 StaAnalyze.cc:565] analyze timing path end vertex 15801 total 17728 start
I20260802 12:21:54.036331 21632 StaAnalyze.cc:599] analyze timing path end vertex 15801 total 17728 end
I20260802 12:21:54.036392 21632 StaAnalyze.cc:565] analyze timing path end vertex 15811 total 17728 start
I20260802 12:21:54.036430 21632 StaAnalyze.cc:599] analyze timing path end vertex 15811 total 17728 end
I20260802 12:21:54.036527 21632 StaAnalyze.cc:565] analyze timing path end vertex 15821 total 17728 start
I20260802 12:21:54.036578 21632 StaAnalyze.cc:599] analyze timing path end vertex 15821 total 17728 end
I20260802 12:21:54.036651 21632 StaAnalyze.cc:565] analyze timing path end vertex 15831 total 17728 start
I20260802 12:21:54.036687 21632 StaAnalyze.cc:599] analyze timing path end vertex 15831 total 17728 end
I20260802 12:21:54.036715 21632 StaAnalyze.cc:303] add path data num 2 to rom.mem_3_4__reg_p:D
I20260802 12:21:54.036799 21632 StaAnalyze.cc:565] analyze timing path end vertex 15841 total 17728 start
I20260802 12:21:54.036845 21632 StaAnalyze.cc:599] analyze timing path end vertex 15841 total 17728 end
I20260802 12:21:54.036909 21632 StaAnalyze.cc:565] analyze timing path end vertex 15851 total 17728 start
I20260802 12:21:54.036943 21632 StaAnalyze.cc:599] analyze timing path end vertex 15851 total 17728 end
I20260802 12:21:54.037006 21632 StaAnalyze.cc:565] analyze timing path end vertex 15861 total 17728 start
I20260802 12:21:54.037041 21632 StaAnalyze.cc:599] analyze timing path end vertex 15861 total 17728 end
I20260802 12:21:54.037106 21632 StaAnalyze.cc:565] analyze timing path end vertex 15871 total 17728 start
I20260802 12:21:54.037142 21632 StaAnalyze.cc:599] analyze timing path end vertex 15871 total 17728 end
I20260802 12:21:54.037210 21632 StaAnalyze.cc:565] analyze timing path end vertex 15881 total 17728 start
I20260802 12:21:54.037245 21632 StaAnalyze.cc:599] analyze timing path end vertex 15881 total 17728 end
I20260802 12:21:54.037272 21632 StaAnalyze.cc:303] add path data num 2 to rom.mem_41_20__reg_p:D
I20260802 12:21:54.037340 21632 StaAnalyze.cc:565] analyze timing path end vertex 15891 total 17728 start
I20260802 12:21:54.037385 21632 StaAnalyze.cc:599] analyze timing path end vertex 15891 total 17728 end
I20260802 12:21:54.037447 21632 StaAnalyze.cc:565] analyze timing path end vertex 15901 total 17728 start
I20260802 12:21:54.037482 21632 StaAnalyze.cc:599] analyze timing path end vertex 15901 total 17728 end
I20260802 12:21:54.037554 21632 StaAnalyze.cc:565] analyze timing path end vertex 15911 total 17728 start
I20260802 12:21:54.037590 21632 StaAnalyze.cc:599] analyze timing path end vertex 15911 total 17728 end
I20260802 12:21:54.037653 21632 StaAnalyze.cc:565] analyze timing path end vertex 15921 total 17728 start
I20260802 12:21:54.037688 21632 StaAnalyze.cc:599] analyze timing path end vertex 15921 total 17728 end
I20260802 12:21:54.037755 21632 StaAnalyze.cc:565] analyze timing path end vertex 15931 total 17728 start
I20260802 12:21:54.037809 21632 StaAnalyze.cc:599] analyze timing path end vertex 15931 total 17728 end
I20260802 12:21:54.037832 21632 StaAnalyze.cc:303] add path data num 2 to rom.mem_42_8__reg_p:D
I20260802 12:21:54.037904 21632 StaAnalyze.cc:565] analyze timing path end vertex 15941 total 17728 start
I20260802 12:21:54.037943 21632 StaAnalyze.cc:599] analyze timing path end vertex 15941 total 17728 end
I20260802 12:21:54.038049 21632 StaAnalyze.cc:565] analyze timing path end vertex 15951 total 17728 start
I20260802 12:21:54.038090 21632 StaAnalyze.cc:599] analyze timing path end vertex 15951 total 17728 end
I20260802 12:21:54.038151 21632 StaAnalyze.cc:565] analyze timing path end vertex 15961 total 17728 start
I20260802 12:21:54.038187 21632 StaAnalyze.cc:599] analyze timing path end vertex 15961 total 17728 end
I20260802 12:21:54.038249 21632 StaAnalyze.cc:565] analyze timing path end vertex 15971 total 17728 start
I20260802 12:21:54.038282 21632 StaAnalyze.cc:599] analyze timing path end vertex 15971 total 17728 end
I20260802 12:21:54.038347 21632 StaAnalyze.cc:565] analyze timing path end vertex 15981 total 17728 start
I20260802 12:21:54.038381 21632 StaAnalyze.cc:599] analyze timing path end vertex 15981 total 17728 end
I20260802 12:21:54.038403 21632 StaAnalyze.cc:303] add path data num 2 to rom.mem_44_24__reg_p:D
I20260802 12:21:54.038455 21632 StaAnalyze.cc:565] analyze timing path end vertex 15991 total 17728 start
I20260802 12:21:54.038488 21632 StaAnalyze.cc:599] analyze timing path end vertex 15991 total 17728 end
I20260802 12:21:54.038550 21632 StaAnalyze.cc:565] analyze timing path end vertex 16001 total 17728 start
I20260802 12:21:54.038584 21632 StaAnalyze.cc:599] analyze timing path end vertex 16001 total 17728 end
I20260802 12:21:54.038647 21632 StaAnalyze.cc:565] analyze timing path end vertex 16011 total 17728 start
I20260802 12:21:54.038682 21632 StaAnalyze.cc:599] analyze timing path end vertex 16011 total 17728 end
I20260802 12:21:54.038745 21632 StaAnalyze.cc:565] analyze timing path end vertex 16021 total 17728 start
I20260802 12:21:54.038787 21632 StaAnalyze.cc:599] analyze timing path end vertex 16021 total 17728 end
I20260802 12:21:54.038851 21632 StaAnalyze.cc:565] analyze timing path end vertex 16031 total 17728 start
I20260802 12:21:54.038885 21632 StaAnalyze.cc:599] analyze timing path end vertex 16031 total 17728 end
I20260802 12:21:54.038908 21632 StaAnalyze.cc:303] add path data num 2 to rom.mem_46_11__reg_p:D
I20260802 12:21:54.038982 21632 StaAnalyze.cc:565] analyze timing path end vertex 16041 total 17728 start
I20260802 12:21:54.039023 21632 StaAnalyze.cc:599] analyze timing path end vertex 16041 total 17728 end
I20260802 12:21:54.039085 21632 StaAnalyze.cc:565] analyze timing path end vertex 16051 total 17728 start
I20260802 12:21:54.039170 21632 StaAnalyze.cc:599] analyze timing path end vertex 16051 total 17728 end
I20260802 12:21:54.039253 21632 StaAnalyze.cc:565] analyze timing path end vertex 16061 total 17728 start
I20260802 12:21:54.039299 21632 StaAnalyze.cc:599] analyze timing path end vertex 16061 total 17728 end
I20260802 12:21:54.039361 21632 StaAnalyze.cc:565] analyze timing path end vertex 16071 total 17728 start
I20260802 12:21:54.039394 21632 StaAnalyze.cc:599] analyze timing path end vertex 16071 total 17728 end
I20260802 12:21:54.039456 21632 StaAnalyze.cc:565] analyze timing path end vertex 16081 total 17728 start
I20260802 12:21:54.039491 21632 StaAnalyze.cc:599] analyze timing path end vertex 16081 total 17728 end
I20260802 12:21:54.039513 21632 StaAnalyze.cc:303] add path data num 2 to rom.mem_47_28__reg_p:D
I20260802 12:21:54.039585 21632 StaAnalyze.cc:565] analyze timing path end vertex 16091 total 17728 start
I20260802 12:21:54.039628 21632 StaAnalyze.cc:599] analyze timing path end vertex 16091 total 17728 end
I20260802 12:21:54.039690 21632 StaAnalyze.cc:565] analyze timing path end vertex 16101 total 17728 start
I20260802 12:21:54.039724 21632 StaAnalyze.cc:599] analyze timing path end vertex 16101 total 17728 end
I20260802 12:21:54.039803 21632 StaAnalyze.cc:565] analyze timing path end vertex 16111 total 17728 start
I20260802 12:21:54.039848 21632 StaAnalyze.cc:599] analyze timing path end vertex 16111 total 17728 end
I20260802 12:21:54.039914 21632 StaAnalyze.cc:565] analyze timing path end vertex 16121 total 17728 start
I20260802 12:21:54.039948 21632 StaAnalyze.cc:599] analyze timing path end vertex 16121 total 17728 end
I20260802 12:21:54.040014 21632 StaAnalyze.cc:565] analyze timing path end vertex 16131 total 17728 start
I20260802 12:21:54.040059 21632 StaAnalyze.cc:599] analyze timing path end vertex 16131 total 17728 end
I20260802 12:21:54.040081 21632 StaAnalyze.cc:303] add path data num 2 to rom.mem_49_15__reg_p:D
I20260802 12:21:54.040130 21632 StaAnalyze.cc:565] analyze timing path end vertex 16141 total 17728 start
I20260802 12:21:54.040165 21632 StaAnalyze.cc:599] analyze timing path end vertex 16141 total 17728 end
I20260802 12:21:54.040228 21632 StaAnalyze.cc:565] analyze timing path end vertex 16151 total 17728 start
I20260802 12:21:54.040267 21632 StaAnalyze.cc:599] analyze timing path end vertex 16151 total 17728 end
I20260802 12:21:54.040330 21632 StaAnalyze.cc:565] analyze timing path end vertex 16161 total 17728 start
I20260802 12:21:54.040364 21632 StaAnalyze.cc:599] analyze timing path end vertex 16161 total 17728 end
I20260802 12:21:54.040426 21632 StaAnalyze.cc:565] analyze timing path end vertex 16171 total 17728 start
I20260802 12:21:54.040462 21632 StaAnalyze.cc:599] analyze timing path end vertex 16171 total 17728 end
I20260802 12:21:54.040535 21632 StaAnalyze.cc:565] analyze timing path end vertex 16181 total 17728 start
I20260802 12:21:54.040571 21632 StaAnalyze.cc:599] analyze timing path end vertex 16181 total 17728 end
I20260802 12:21:54.040598 21632 StaAnalyze.cc:303] add path data num 2 to rom.mem_4_31__reg_p:D
I20260802 12:21:54.040666 21632 StaAnalyze.cc:565] analyze timing path end vertex 16191 total 17728 start
I20260802 12:21:54.040707 21632 StaAnalyze.cc:599] analyze timing path end vertex 16191 total 17728 end
I20260802 12:21:54.040781 21632 StaAnalyze.cc:565] analyze timing path end vertex 16201 total 17728 start
I20260802 12:21:54.040827 21632 StaAnalyze.cc:599] analyze timing path end vertex 16201 total 17728 end
I20260802 12:21:54.040887 21632 StaAnalyze.cc:565] analyze timing path end vertex 16211 total 17728 start
I20260802 12:21:54.040922 21632 StaAnalyze.cc:599] analyze timing path end vertex 16211 total 17728 end
I20260802 12:21:54.040984 21632 StaAnalyze.cc:565] analyze timing path end vertex 16221 total 17728 start
I20260802 12:21:54.041020 21632 StaAnalyze.cc:599] analyze timing path end vertex 16221 total 17728 end
I20260802 12:21:54.041082 21632 StaAnalyze.cc:565] analyze timing path end vertex 16231 total 17728 start
I20260802 12:21:54.041117 21632 StaAnalyze.cc:599] analyze timing path end vertex 16231 total 17728 end
I20260802 12:21:54.041143 21632 StaAnalyze.cc:303] add path data num 2 to rom.mem_51_19__reg_p:D
I20260802 12:21:54.041213 21632 StaAnalyze.cc:565] analyze timing path end vertex 16241 total 17728 start
I20260802 12:21:54.041260 21632 StaAnalyze.cc:599] analyze timing path end vertex 16241 total 17728 end
I20260802 12:21:54.041321 21632 StaAnalyze.cc:565] analyze timing path end vertex 16251 total 17728 start
I20260802 12:21:54.041357 21632 StaAnalyze.cc:599] analyze timing path end vertex 16251 total 17728 end
I20260802 12:21:54.041447 21632 StaAnalyze.cc:565] analyze timing path end vertex 16261 total 17728 start
I20260802 12:21:54.041495 21632 StaAnalyze.cc:599] analyze timing path end vertex 16261 total 17728 end
I20260802 12:21:54.041564 21632 StaAnalyze.cc:565] analyze timing path end vertex 16271 total 17728 start
I20260802 12:21:54.041600 21632 StaAnalyze.cc:599] analyze timing path end vertex 16271 total 17728 end
I20260802 12:21:54.041666 21632 StaAnalyze.cc:565] analyze timing path end vertex 16281 total 17728 start
I20260802 12:21:54.041704 21632 StaAnalyze.cc:599] analyze timing path end vertex 16281 total 17728 end
I20260802 12:21:54.041726 21632 StaAnalyze.cc:303] add path data num 2 to rom.mem_52_6__reg_p:D
I20260802 12:21:54.041810 21632 StaAnalyze.cc:565] analyze timing path end vertex 16291 total 17728 start
I20260802 12:21:54.041851 21632 StaAnalyze.cc:599] analyze timing path end vertex 16291 total 17728 end
I20260802 12:21:54.041914 21632 StaAnalyze.cc:565] analyze timing path end vertex 16301 total 17728 start
I20260802 12:21:54.041949 21632 StaAnalyze.cc:599] analyze timing path end vertex 16301 total 17728 end
I20260802 12:21:54.042105 21632 StaAnalyze.cc:565] analyze timing path end vertex 16311 total 17728 start
I20260802 12:21:54.042146 21632 StaAnalyze.cc:599] analyze timing path end vertex 16311 total 17728 end
I20260802 12:21:54.042210 21632 StaAnalyze.cc:565] analyze timing path end vertex 16321 total 17728 start
I20260802 12:21:54.042245 21632 StaAnalyze.cc:599] analyze timing path end vertex 16321 total 17728 end
I20260802 12:21:54.042315 21632 StaAnalyze.cc:565] analyze timing path end vertex 16331 total 17728 start
I20260802 12:21:54.042353 21632 StaAnalyze.cc:599] analyze timing path end vertex 16331 total 17728 end
I20260802 12:21:54.042376 21632 StaAnalyze.cc:303] add path data num 2 to rom.mem_54_22__reg_p:D
I20260802 12:21:54.042445 21632 StaAnalyze.cc:565] analyze timing path end vertex 16341 total 17728 start
I20260802 12:21:54.042490 21632 StaAnalyze.cc:599] analyze timing path end vertex 16341 total 17728 end
I20260802 12:21:54.042585 21632 StaAnalyze.cc:565] analyze timing path end vertex 16351 total 17728 start
I20260802 12:21:54.042637 21632 StaAnalyze.cc:599] analyze timing path end vertex 16351 total 17728 end
I20260802 12:21:54.042706 21632 StaAnalyze.cc:565] analyze timing path end vertex 16361 total 17728 start
I20260802 12:21:54.042739 21632 StaAnalyze.cc:599] analyze timing path end vertex 16361 total 17728 end
I20260802 12:21:54.042819 21632 StaAnalyze.cc:565] analyze timing path end vertex 16371 total 17728 start
I20260802 12:21:54.042865 21632 StaAnalyze.cc:599] analyze timing path end vertex 16371 total 17728 end
I20260802 12:21:54.042924 21632 StaAnalyze.cc:565] analyze timing path end vertex 16381 total 17728 start
I20260802 12:21:54.042958 21632 StaAnalyze.cc:599] analyze timing path end vertex 16381 total 17728 end
I20260802 12:21:54.042981 21632 StaAnalyze.cc:303] add path data num 2 to rom.mem_56_0__reg_p:D
I20260802 12:21:54.043032 21632 StaAnalyze.cc:565] analyze timing path end vertex 16391 total 17728 start
I20260802 12:21:54.043066 21632 StaAnalyze.cc:599] analyze timing path end vertex 16391 total 17728 end
I20260802 12:21:54.043128 21632 StaAnalyze.cc:565] analyze timing path end vertex 16401 total 17728 start
I20260802 12:21:54.043164 21632 StaAnalyze.cc:599] analyze timing path end vertex 16401 total 17728 end
I20260802 12:21:54.043229 21632 StaAnalyze.cc:565] analyze timing path end vertex 16411 total 17728 start
I20260802 12:21:54.043263 21632 StaAnalyze.cc:599] analyze timing path end vertex 16411 total 17728 end
I20260802 12:21:54.043323 21632 StaAnalyze.cc:565] analyze timing path end vertex 16421 total 17728 start
I20260802 12:21:54.043361 21632 StaAnalyze.cc:599] analyze timing path end vertex 16421 total 17728 end
I20260802 12:21:54.043424 21632 StaAnalyze.cc:565] analyze timing path end vertex 16431 total 17728 start
I20260802 12:21:54.043458 21632 StaAnalyze.cc:599] analyze timing path end vertex 16431 total 17728 end
I20260802 12:21:54.043480 21632 StaAnalyze.cc:303] add path data num 2 to rom.mem_57_26__reg_p:D
I20260802 12:21:54.043534 21632 StaAnalyze.cc:565] analyze timing path end vertex 16441 total 17728 start
I20260802 12:21:54.043567 21632 StaAnalyze.cc:599] analyze timing path end vertex 16441 total 17728 end
I20260802 12:21:54.043635 21632 StaAnalyze.cc:565] analyze timing path end vertex 16451 total 17728 start
I20260802 12:21:54.043670 21632 StaAnalyze.cc:599] analyze timing path end vertex 16451 total 17728 end
I20260802 12:21:54.043732 21632 StaAnalyze.cc:565] analyze timing path end vertex 16461 total 17728 start
I20260802 12:21:54.043787 21632 StaAnalyze.cc:599] analyze timing path end vertex 16461 total 17728 end
I20260802 12:21:54.043855 21632 StaAnalyze.cc:565] analyze timing path end vertex 16471 total 17728 start
I20260802 12:21:54.043890 21632 StaAnalyze.cc:599] analyze timing path end vertex 16471 total 17728 end
I20260802 12:21:54.043955 21632 StaAnalyze.cc:565] analyze timing path end vertex 16481 total 17728 start
I20260802 12:21:54.043970 21632 StaAnalyze.cc:599] analyze timing path end vertex 16481 total 17728 end
I20260802 12:21:54.043998 21632 StaAnalyze.cc:303] add path data num 2 to rom.mem_59_13__reg_p:D
I20260802 12:21:54.044049 21632 StaAnalyze.cc:565] analyze timing path end vertex 16491 total 17728 start
I20260802 12:21:54.044081 21632 StaAnalyze.cc:599] analyze timing path end vertex 16491 total 17728 end
I20260802 12:21:54.044147 21632 StaAnalyze.cc:565] analyze timing path end vertex 16501 total 17728 start
I20260802 12:21:54.044185 21632 StaAnalyze.cc:599] analyze timing path end vertex 16501 total 17728 end
I20260802 12:21:54.044248 21632 StaAnalyze.cc:565] analyze timing path end vertex 16511 total 17728 start
I20260802 12:21:54.044281 21632 StaAnalyze.cc:599] analyze timing path end vertex 16511 total 17728 end
I20260802 12:21:54.044342 21632 StaAnalyze.cc:565] analyze timing path end vertex 16521 total 17728 start
I20260802 12:21:54.044376 21632 StaAnalyze.cc:599] analyze timing path end vertex 16521 total 17728 end
I20260802 12:21:54.044443 21632 StaAnalyze.cc:565] analyze timing path end vertex 16531 total 17728 start
I20260802 12:21:54.044479 21632 StaAnalyze.cc:599] analyze timing path end vertex 16531 total 17728 end
I20260802 12:21:54.044526 21632 StaAnalyze.cc:303] add path data num 2 to rom.mem_5_2__reg_p:D
I20260802 12:21:54.044579 21632 StaAnalyze.cc:565] analyze timing path end vertex 16541 total 17728 start
I20260802 12:21:54.044613 21632 StaAnalyze.cc:599] analyze timing path end vertex 16541 total 17728 end
I20260802 12:21:54.044677 21632 StaAnalyze.cc:565] analyze timing path end vertex 16551 total 17728 start
I20260802 12:21:54.044715 21632 StaAnalyze.cc:599] analyze timing path end vertex 16551 total 17728 end
I20260802 12:21:54.044797 21632 StaAnalyze.cc:565] analyze timing path end vertex 16561 total 17728 start
I20260802 12:21:54.044837 21632 StaAnalyze.cc:599] analyze timing path end vertex 16561 total 17728 end
I20260802 12:21:54.044900 21632 StaAnalyze.cc:565] analyze timing path end vertex 16571 total 17728 start
I20260802 12:21:54.044934 21632 StaAnalyze.cc:599] analyze timing path end vertex 16571 total 17728 end
I20260802 12:21:54.044996 21632 StaAnalyze.cc:565] analyze timing path end vertex 16581 total 17728 start
I20260802 12:21:54.045029 21632 StaAnalyze.cc:599] analyze timing path end vertex 16581 total 17728 end
I20260802 12:21:54.045060 21632 StaAnalyze.cc:303] add path data num 2 to rom.mem_61_17__reg_p:D
I20260802 12:21:54.045130 21632 StaAnalyze.cc:565] analyze timing path end vertex 16591 total 17728 start
I20260802 12:21:54.045176 21632 StaAnalyze.cc:599] analyze timing path end vertex 16591 total 17728 end
I20260802 12:21:54.045238 21632 StaAnalyze.cc:565] analyze timing path end vertex 16601 total 17728 start
I20260802 12:21:54.045272 21632 StaAnalyze.cc:599] analyze timing path end vertex 16601 total 17728 end
I20260802 12:21:54.045334 21632 StaAnalyze.cc:565] analyze timing path end vertex 16611 total 17728 start
I20260802 12:21:54.045367 21632 StaAnalyze.cc:599] analyze timing path end vertex 16611 total 17728 end
I20260802 12:21:54.045434 21632 StaAnalyze.cc:565] analyze timing path end vertex 16621 total 17728 start
I20260802 12:21:54.045469 21632 StaAnalyze.cc:599] analyze timing path end vertex 16621 total 17728 end
I20260802 12:21:54.045531 21632 StaAnalyze.cc:565] analyze timing path end vertex 16631 total 17728 start
I20260802 12:21:54.045565 21632 StaAnalyze.cc:599] analyze timing path end vertex 16631 total 17728 end
I20260802 12:21:54.045591 21632 StaAnalyze.cc:303] add path data num 2 to rom.mem_62_4__reg_p:D
I20260802 12:21:54.045661 21632 StaAnalyze.cc:565] analyze timing path end vertex 16641 total 17728 start
I20260802 12:21:54.045707 21632 StaAnalyze.cc:599] analyze timing path end vertex 16641 total 17728 end
I20260802 12:21:54.045779 21632 StaAnalyze.cc:565] analyze timing path end vertex 16651 total 17728 start
I20260802 12:21:54.045820 21632 StaAnalyze.cc:599] analyze timing path end vertex 16651 total 17728 end
I20260802 12:21:54.045883 21632 StaAnalyze.cc:565] analyze timing path end vertex 16661 total 17728 start
I20260802 12:21:54.045926 21632 StaAnalyze.cc:599] analyze timing path end vertex 16661 total 17728 end
I20260802 12:21:54.046025 21632 StaAnalyze.cc:565] analyze timing path end vertex 16671 total 17728 start
I20260802 12:21:54.046067 21632 StaAnalyze.cc:599] analyze timing path end vertex 16671 total 17728 end
I20260802 12:21:54.046131 21632 StaAnalyze.cc:565] analyze timing path end vertex 16681 total 17728 start
I20260802 12:21:54.046170 21632 StaAnalyze.cc:599] analyze timing path end vertex 16681 total 17728 end
I20260802 12:21:54.046195 21632 StaAnalyze.cc:303] add path data num 2 to rom.mem_64_20__reg_p:D
I20260802 12:21:54.046243 21632 StaAnalyze.cc:565] analyze timing path end vertex 16691 total 17728 start
I20260802 12:21:54.046277 21632 StaAnalyze.cc:599] analyze timing path end vertex 16691 total 17728 end
I20260802 12:21:54.046340 21632 StaAnalyze.cc:565] analyze timing path end vertex 16701 total 17728 start
I20260802 12:21:54.046375 21632 StaAnalyze.cc:599] analyze timing path end vertex 16701 total 17728 end
I20260802 12:21:54.046438 21632 StaAnalyze.cc:565] analyze timing path end vertex 16711 total 17728 start
I20260802 12:21:54.046473 21632 StaAnalyze.cc:599] analyze timing path end vertex 16711 total 17728 end
I20260802 12:21:54.046540 21632 StaAnalyze.cc:565] analyze timing path end vertex 16721 total 17728 start
I20260802 12:21:54.046576 21632 StaAnalyze.cc:599] analyze timing path end vertex 16721 total 17728 end
I20260802 12:21:54.046638 21632 StaAnalyze.cc:565] analyze timing path end vertex 16731 total 17728 start
I20260802 12:21:54.046677 21632 StaAnalyze.cc:599] analyze timing path end vertex 16731 total 17728 end
I20260802 12:21:54.046701 21632 StaAnalyze.cc:303] add path data num 2 to rom.mem_65_8__reg_p:D
I20260802 12:21:54.046787 21632 StaAnalyze.cc:565] analyze timing path end vertex 16741 total 17728 start
I20260802 12:21:54.046828 21632 StaAnalyze.cc:599] analyze timing path end vertex 16741 total 17728 end
I20260802 12:21:54.046890 21632 StaAnalyze.cc:565] analyze timing path end vertex 16751 total 17728 start
I20260802 12:21:54.046924 21632 StaAnalyze.cc:599] analyze timing path end vertex 16751 total 17728 end
I20260802 12:21:54.046983 21632 StaAnalyze.cc:565] analyze timing path end vertex 16761 total 17728 start
I20260802 12:21:54.047019 21632 StaAnalyze.cc:599] analyze timing path end vertex 16761 total 17728 end
I20260802 12:21:54.047084 21632 StaAnalyze.cc:565] analyze timing path end vertex 16771 total 17728 start
I20260802 12:21:54.047175 21632 StaAnalyze.cc:599] analyze timing path end vertex 16771 total 17728 end
I20260802 12:21:54.047261 21632 StaAnalyze.cc:565] analyze timing path end vertex 16781 total 17728 start
I20260802 12:21:54.047302 21632 StaAnalyze.cc:599] analyze timing path end vertex 16781 total 17728 end
I20260802 12:21:54.047324 21632 StaAnalyze.cc:303] add path data num 2 to rom.mem_67_24__reg_p:D
I20260802 12:21:54.047376 21632 StaAnalyze.cc:565] analyze timing path end vertex 16791 total 17728 start
I20260802 12:21:54.047411 21632 StaAnalyze.cc:599] analyze timing path end vertex 16791 total 17728 end
I20260802 12:21:54.047499 21632 StaAnalyze.cc:565] analyze timing path end vertex 16801 total 17728 start
I20260802 12:21:54.047549 21632 StaAnalyze.cc:599] analyze timing path end vertex 16801 total 17728 end
I20260802 12:21:54.047616 21632 StaAnalyze.cc:565] analyze timing path end vertex 16811 total 17728 start
I20260802 12:21:54.047655 21632 StaAnalyze.cc:599] analyze timing path end vertex 16811 total 17728 end
I20260802 12:21:54.047716 21632 StaAnalyze.cc:565] analyze timing path end vertex 16821 total 17728 start
I20260802 12:21:54.047755 21632 StaAnalyze.cc:599] analyze timing path end vertex 16821 total 17728 end
I20260802 12:21:54.047905 21632 StaAnalyze.cc:565] analyze timing path end vertex 16831 total 17728 start
I20260802 12:21:54.047953 21632 StaAnalyze.cc:599] analyze timing path end vertex 16831 total 17728 end
I20260802 12:21:54.047976 21632 StaAnalyze.cc:303] add path data num 2 to rom.mem_69_11__reg_p:D
I20260802 12:21:54.048048 21632 StaAnalyze.cc:565] analyze timing path end vertex 16841 total 17728 start
I20260802 12:21:54.048105 21632 StaAnalyze.cc:599] analyze timing path end vertex 16841 total 17728 end
I20260802 12:21:54.048169 21632 StaAnalyze.cc:565] analyze timing path end vertex 16851 total 17728 start
I20260802 12:21:54.048204 21632 StaAnalyze.cc:599] analyze timing path end vertex 16851 total 17728 end
I20260802 12:21:54.048270 21632 StaAnalyze.cc:565] analyze timing path end vertex 16861 total 17728 start
I20260802 12:21:54.048309 21632 StaAnalyze.cc:599] analyze timing path end vertex 16861 total 17728 end
I20260802 12:21:54.048386 21632 StaAnalyze.cc:565] analyze timing path end vertex 16871 total 17728 start
I20260802 12:21:54.048427 21632 StaAnalyze.cc:599] analyze timing path end vertex 16871 total 17728 end
I20260802 12:21:54.048491 21632 StaAnalyze.cc:565] analyze timing path end vertex 16881 total 17728 start
I20260802 12:21:54.048530 21632 StaAnalyze.cc:599] analyze timing path end vertex 16881 total 17728 end
I20260802 12:21:54.048564 21632 StaAnalyze.cc:303] add path data num 2 to rom.mem_6_28__reg_p:D
I20260802 12:21:54.048673 21632 StaAnalyze.cc:565] analyze timing path end vertex 16891 total 17728 start
I20260802 12:21:54.048719 21632 StaAnalyze.cc:599] analyze timing path end vertex 16891 total 17728 end
I20260802 12:21:54.048801 21632 StaAnalyze.cc:565] analyze timing path end vertex 16901 total 17728 start
I20260802 12:21:54.048847 21632 StaAnalyze.cc:599] analyze timing path end vertex 16901 total 17728 end
I20260802 12:21:54.048906 21632 StaAnalyze.cc:565] analyze timing path end vertex 16911 total 17728 start
I20260802 12:21:54.048940 21632 StaAnalyze.cc:599] analyze timing path end vertex 16911 total 17728 end
I20260802 12:21:54.049012 21632 StaAnalyze.cc:565] analyze timing path end vertex 16921 total 17728 start
I20260802 12:21:54.049046 21632 StaAnalyze.cc:599] analyze timing path end vertex 16921 total 17728 end
I20260802 12:21:54.049109 21632 StaAnalyze.cc:565] analyze timing path end vertex 16931 total 17728 start
I20260802 12:21:54.049144 21632 StaAnalyze.cc:599] analyze timing path end vertex 16931 total 17728 end
I20260802 12:21:54.049172 21632 StaAnalyze.cc:303] add path data num 2 to rom.mem_71_15__reg_p:D
I20260802 12:21:54.049242 21632 StaAnalyze.cc:565] analyze timing path end vertex 16941 total 17728 start
I20260802 12:21:54.049284 21632 StaAnalyze.cc:599] analyze timing path end vertex 16941 total 17728 end
I20260802 12:21:54.049347 21632 StaAnalyze.cc:565] analyze timing path end vertex 16951 total 17728 start
I20260802 12:21:54.049388 21632 StaAnalyze.cc:599] analyze timing path end vertex 16951 total 17728 end
I20260802 12:21:54.049449 21632 StaAnalyze.cc:565] analyze timing path end vertex 16961 total 17728 start
I20260802 12:21:54.049484 21632 StaAnalyze.cc:599] analyze timing path end vertex 16961 total 17728 end
I20260802 12:21:54.049546 21632 StaAnalyze.cc:565] analyze timing path end vertex 16971 total 17728 start
I20260802 12:21:54.049582 21632 StaAnalyze.cc:599] analyze timing path end vertex 16971 total 17728 end
I20260802 12:21:54.049643 21632 StaAnalyze.cc:565] analyze timing path end vertex 16981 total 17728 start
I20260802 12:21:54.049678 21632 StaAnalyze.cc:599] analyze timing path end vertex 16981 total 17728 end
I20260802 12:21:54.049706 21632 StaAnalyze.cc:303] add path data num 2 to rom.mem_72_31__reg_p:D
I20260802 12:21:54.049803 21632 StaAnalyze.cc:565] analyze timing path end vertex 16991 total 17728 start
I20260802 12:21:54.049854 21632 StaAnalyze.cc:599] analyze timing path end vertex 16991 total 17728 end
I20260802 12:21:54.049942 21632 StaAnalyze.cc:565] analyze timing path end vertex 17001 total 17728 start
I20260802 12:21:54.049996 21632 StaAnalyze.cc:599] analyze timing path end vertex 17001 total 17728 end
I20260802 12:21:54.050063 21632 StaAnalyze.cc:565] analyze timing path end vertex 17011 total 17728 start
I20260802 12:21:54.050097 21632 StaAnalyze.cc:599] analyze timing path end vertex 17011 total 17728 end
I20260802 12:21:54.050184 21632 StaAnalyze.cc:565] analyze timing path end vertex 17021 total 17728 start
I20260802 12:21:54.050240 21632 StaAnalyze.cc:599] analyze timing path end vertex 17021 total 17728 end
I20260802 12:21:54.050307 21632 StaAnalyze.cc:565] analyze timing path end vertex 17031 total 17728 start
I20260802 12:21:54.050345 21632 StaAnalyze.cc:599] analyze timing path end vertex 17031 total 17728 end
I20260802 12:21:54.050369 21632 StaAnalyze.cc:303] add path data num 2 to rom.mem_74_19__reg_p:D
I20260802 12:21:54.050443 21632 StaAnalyze.cc:565] analyze timing path end vertex 17041 total 17728 start
I20260802 12:21:54.050485 21632 StaAnalyze.cc:599] analyze timing path end vertex 17041 total 17728 end
I20260802 12:21:54.050554 21632 StaAnalyze.cc:565] analyze timing path end vertex 17051 total 17728 start
I20260802 12:21:54.050588 21632 StaAnalyze.cc:599] analyze timing path end vertex 17051 total 17728 end
I20260802 12:21:54.050649 21632 StaAnalyze.cc:565] analyze timing path end vertex 17061 total 17728 start
I20260802 12:21:54.050685 21632 StaAnalyze.cc:599] analyze timing path end vertex 17061 total 17728 end
I20260802 12:21:54.050756 21632 StaAnalyze.cc:565] analyze timing path end vertex 17071 total 17728 start
I20260802 12:21:54.050803 21632 StaAnalyze.cc:599] analyze timing path end vertex 17071 total 17728 end
I20260802 12:21:54.050865 21632 StaAnalyze.cc:565] analyze timing path end vertex 17081 total 17728 start
I20260802 12:21:54.050905 21632 StaAnalyze.cc:599] analyze timing path end vertex 17081 total 17728 end
I20260802 12:21:54.050930 21632 StaAnalyze.cc:303] add path data num 2 to rom.mem_75_6__reg_p:D
I20260802 12:21:54.051000 21632 StaAnalyze.cc:565] analyze timing path end vertex 17091 total 17728 start
I20260802 12:21:54.051041 21632 StaAnalyze.cc:599] analyze timing path end vertex 17091 total 17728 end
I20260802 12:21:54.051110 21632 StaAnalyze.cc:565] analyze timing path end vertex 17101 total 17728 start
I20260802 12:21:54.051144 21632 StaAnalyze.cc:599] analyze timing path end vertex 17101 total 17728 end
I20260802 12:21:54.051209 21632 StaAnalyze.cc:565] analyze timing path end vertex 17111 total 17728 start
I20260802 12:21:54.051245 21632 StaAnalyze.cc:599] analyze timing path end vertex 17111 total 17728 end
I20260802 12:21:54.051308 21632 StaAnalyze.cc:565] analyze timing path end vertex 17121 total 17728 start
I20260802 12:21:54.051347 21632 StaAnalyze.cc:599] analyze timing path end vertex 17121 total 17728 end
I20260802 12:21:54.051411 21632 StaAnalyze.cc:565] analyze timing path end vertex 17131 total 17728 start
I20260802 12:21:54.051445 21632 StaAnalyze.cc:599] analyze timing path end vertex 17131 total 17728 end
I20260802 12:21:54.051467 21632 StaAnalyze.cc:303] add path data num 2 to rom.mem_77_22__reg_p:D
I20260802 12:21:54.051520 21632 StaAnalyze.cc:565] analyze timing path end vertex 17141 total 17728 start
I20260802 12:21:54.051554 21632 StaAnalyze.cc:599] analyze timing path end vertex 17141 total 17728 end
I20260802 12:21:54.051615 21632 StaAnalyze.cc:565] analyze timing path end vertex 17151 total 17728 start
I20260802 12:21:54.051651 21632 StaAnalyze.cc:599] analyze timing path end vertex 17151 total 17728 end
I20260802 12:21:54.051716 21632 StaAnalyze.cc:565] analyze timing path end vertex 17161 total 17728 start
I20260802 12:21:54.051751 21632 StaAnalyze.cc:599] analyze timing path end vertex 17161 total 17728 end
I20260802 12:21:54.051832 21632 StaAnalyze.cc:565] analyze timing path end vertex 17171 total 17728 start
I20260802 12:21:54.051877 21632 StaAnalyze.cc:599] analyze timing path end vertex 17171 total 17728 end
I20260802 12:21:54.051939 21632 StaAnalyze.cc:565] analyze timing path end vertex 17181 total 17728 start
I20260802 12:21:54.051971 21632 StaAnalyze.cc:599] analyze timing path end vertex 17181 total 17728 end
I20260802 12:21:54.051994 21632 StaAnalyze.cc:303] add path data num 2 to rom.mem_79_0__reg_p:D
I20260802 12:21:54.052045 21632 StaAnalyze.cc:565] analyze timing path end vertex 17191 total 17728 start
I20260802 12:21:54.052079 21632 StaAnalyze.cc:599] analyze timing path end vertex 17191 total 17728 end
I20260802 12:21:54.052153 21632 StaAnalyze.cc:565] analyze timing path end vertex 17201 total 17728 start
I20260802 12:21:54.052189 21632 StaAnalyze.cc:599] analyze timing path end vertex 17201 total 17728 end
I20260802 12:21:54.052253 21632 StaAnalyze.cc:565] analyze timing path end vertex 17211 total 17728 start
I20260802 12:21:54.052297 21632 StaAnalyze.cc:599] analyze timing path end vertex 17211 total 17728 end
I20260802 12:21:54.052385 21632 StaAnalyze.cc:565] analyze timing path end vertex 17221 total 17728 start
I20260802 12:21:54.052426 21632 StaAnalyze.cc:599] analyze timing path end vertex 17221 total 17728 end
I20260802 12:21:54.052488 21632 StaAnalyze.cc:565] analyze timing path end vertex 17231 total 17728 start
I20260802 12:21:54.052523 21632 StaAnalyze.cc:599] analyze timing path end vertex 17231 total 17728 end
I20260802 12:21:54.052546 21632 StaAnalyze.cc:303] add path data num 2 to rom.mem_7_26__reg_p:D
I20260802 12:21:54.052619 21632 StaAnalyze.cc:565] analyze timing path end vertex 17241 total 17728 start
I20260802 12:21:54.052661 21632 StaAnalyze.cc:599] analyze timing path end vertex 17241 total 17728 end
I20260802 12:21:54.052726 21632 StaAnalyze.cc:565] analyze timing path end vertex 17251 total 17728 start
I20260802 12:21:54.052762 21632 StaAnalyze.cc:599] analyze timing path end vertex 17251 total 17728 end
I20260802 12:21:54.052847 21632 StaAnalyze.cc:565] analyze timing path end vertex 17261 total 17728 start
I20260802 12:21:54.052882 21632 StaAnalyze.cc:599] analyze timing path end vertex 17261 total 17728 end
I20260802 12:21:54.052946 21632 StaAnalyze.cc:565] analyze timing path end vertex 17271 total 17728 start
I20260802 12:21:54.052982 21632 StaAnalyze.cc:599] analyze timing path end vertex 17271 total 17728 end
I20260802 12:21:54.053042 21632 StaAnalyze.cc:565] analyze timing path end vertex 17281 total 17728 start
I20260802 12:21:54.053077 21632 StaAnalyze.cc:599] analyze timing path end vertex 17281 total 17728 end
I20260802 12:21:54.053104 21632 StaAnalyze.cc:303] add path data num 2 to rom.mem_81_13__reg_p:D
I20260802 12:21:54.053174 21632 StaAnalyze.cc:565] analyze timing path end vertex 17291 total 17728 start
I20260802 12:21:54.053216 21632 StaAnalyze.cc:599] analyze timing path end vertex 17291 total 17728 end
I20260802 12:21:54.053279 21632 StaAnalyze.cc:565] analyze timing path end vertex 17301 total 17728 start
I20260802 12:21:54.053319 21632 StaAnalyze.cc:599] analyze timing path end vertex 17301 total 17728 end
I20260802 12:21:54.053382 21632 StaAnalyze.cc:565] analyze timing path end vertex 17311 total 17728 start
I20260802 12:21:54.053416 21632 StaAnalyze.cc:599] analyze timing path end vertex 17311 total 17728 end
I20260802 12:21:54.053478 21632 StaAnalyze.cc:565] analyze timing path end vertex 17321 total 17728 start
I20260802 12:21:54.053520 21632 StaAnalyze.cc:599] analyze timing path end vertex 17321 total 17728 end
I20260802 12:21:54.053613 21632 StaAnalyze.cc:565] analyze timing path end vertex 17331 total 17728 start
I20260802 12:21:54.053673 21632 StaAnalyze.cc:599] analyze timing path end vertex 17331 total 17728 end
I20260802 12:21:54.053700 21632 StaAnalyze.cc:303] add path data num 2 to rom.mem_82_2__reg_p:D
I20260802 12:21:54.053783 21632 StaAnalyze.cc:565] analyze timing path end vertex 17341 total 17728 start
I20260802 12:21:54.053828 21632 StaAnalyze.cc:599] analyze timing path end vertex 17341 total 17728 end
I20260802 12:21:54.053890 21632 StaAnalyze.cc:565] analyze timing path end vertex 17351 total 17728 start
I20260802 12:21:54.053925 21632 StaAnalyze.cc:599] analyze timing path end vertex 17351 total 17728 end
I20260802 12:21:54.054029 21632 StaAnalyze.cc:565] analyze timing path end vertex 17361 total 17728 start
I20260802 12:21:54.054069 21632 StaAnalyze.cc:599] analyze timing path end vertex 17361 total 17728 end
I20260802 12:21:54.054194 21632 StaAnalyze.cc:565] analyze timing path end vertex 17371 total 17728 start
I20260802 12:21:54.054235 21632 StaAnalyze.cc:599] analyze timing path end vertex 17371 total 17728 end
I20260802 12:21:54.054301 21632 StaAnalyze.cc:565] analyze timing path end vertex 17381 total 17728 start
I20260802 12:21:54.054350 21632 StaAnalyze.cc:599] analyze timing path end vertex 17381 total 17728 end
I20260802 12:21:54.054378 21632 StaAnalyze.cc:303] add path data num 2 to rom.mem_84_17__reg_p:D
I20260802 12:21:54.054448 21632 StaAnalyze.cc:565] analyze timing path end vertex 17391 total 17728 start
I20260802 12:21:54.054499 21632 StaAnalyze.cc:599] analyze timing path end vertex 17391 total 17728 end
I20260802 12:21:54.054602 21632 StaAnalyze.cc:565] analyze timing path end vertex 17401 total 17728 start
I20260802 12:21:54.054643 21632 StaAnalyze.cc:599] analyze timing path end vertex 17401 total 17728 end
I20260802 12:21:54.054708 21632 StaAnalyze.cc:565] analyze timing path end vertex 17411 total 17728 start
I20260802 12:21:54.054742 21632 StaAnalyze.cc:599] analyze timing path end vertex 17411 total 17728 end
I20260802 12:21:54.054818 21632 StaAnalyze.cc:565] analyze timing path end vertex 17421 total 17728 start
I20260802 12:21:54.054858 21632 StaAnalyze.cc:599] analyze timing path end vertex 17421 total 17728 end
I20260802 12:21:54.054921 21632 StaAnalyze.cc:565] analyze timing path end vertex 17431 total 17728 start
I20260802 12:21:54.054961 21632 StaAnalyze.cc:599] analyze timing path end vertex 17431 total 17728 end
I20260802 12:21:54.054984 21632 StaAnalyze.cc:303] add path data num 2 to rom.mem_85_4__reg_p:D
I20260802 12:21:54.055099 21632 StaAnalyze.cc:565] analyze timing path end vertex 17441 total 17728 start
I20260802 12:21:54.055151 21632 StaAnalyze.cc:599] analyze timing path end vertex 17441 total 17728 end
I20260802 12:21:54.055223 21632 StaAnalyze.cc:565] analyze timing path end vertex 17451 total 17728 start
I20260802 12:21:54.055258 21632 StaAnalyze.cc:599] analyze timing path end vertex 17451 total 17728 end
I20260802 12:21:54.055321 21632 StaAnalyze.cc:565] analyze timing path end vertex 17461 total 17728 start
I20260802 12:21:54.055356 21632 StaAnalyze.cc:599] analyze timing path end vertex 17461 total 17728 end
I20260802 12:21:54.055418 21632 StaAnalyze.cc:565] analyze timing path end vertex 17471 total 17728 start
I20260802 12:21:54.055454 21632 StaAnalyze.cc:599] analyze timing path end vertex 17471 total 17728 end
I20260802 12:21:54.055516 21632 StaAnalyze.cc:565] analyze timing path end vertex 17481 total 17728 start
I20260802 12:21:54.055555 21632 StaAnalyze.cc:599] analyze timing path end vertex 17481 total 17728 end
I20260802 12:21:54.055578 21632 StaAnalyze.cc:303] add path data num 2 to rom.mem_87_20__reg_p:D
I20260802 12:21:54.055648 21632 StaAnalyze.cc:565] analyze timing path end vertex 17491 total 17728 start
I20260802 12:21:54.055689 21632 StaAnalyze.cc:599] analyze timing path end vertex 17491 total 17728 end
I20260802 12:21:54.055749 21632 StaAnalyze.cc:565] analyze timing path end vertex 17501 total 17728 start
I20260802 12:21:54.055786 21632 StaAnalyze.cc:599] analyze timing path end vertex 17501 total 17728 end
I20260802 12:21:54.055857 21632 StaAnalyze.cc:565] analyze timing path end vertex 17511 total 17728 start
I20260802 12:21:54.055892 21632 StaAnalyze.cc:599] analyze timing path end vertex 17511 total 17728 end
I20260802 12:21:54.055954 21632 StaAnalyze.cc:565] analyze timing path end vertex 17521 total 17728 start
I20260802 12:21:54.055994 21632 StaAnalyze.cc:599] analyze timing path end vertex 17521 total 17728 end
I20260802 12:21:54.056056 21632 StaAnalyze.cc:565] analyze timing path end vertex 17531 total 17728 start
I20260802 12:21:54.056092 21632 StaAnalyze.cc:599] analyze timing path end vertex 17531 total 17728 end
I20260802 12:21:54.056113 21632 StaAnalyze.cc:303] add path data num 2 to rom.mem_88_8__reg_p:D
I20260802 12:21:54.056188 21632 StaAnalyze.cc:565] analyze timing path end vertex 17541 total 17728 start
I20260802 12:21:54.056229 21632 StaAnalyze.cc:599] analyze timing path end vertex 17541 total 17728 end
I20260802 12:21:54.056295 21632 StaAnalyze.cc:565] analyze timing path end vertex 17551 total 17728 start
I20260802 12:21:54.056329 21632 StaAnalyze.cc:599] analyze timing path end vertex 17551 total 17728 end
I20260802 12:21:54.056401 21632 StaAnalyze.cc:565] analyze timing path end vertex 17561 total 17728 start
I20260802 12:21:54.056440 21632 StaAnalyze.cc:599] analyze timing path end vertex 17561 total 17728 end
I20260802 12:21:54.056499 21632 StaAnalyze.cc:565] analyze timing path end vertex 17571 total 17728 start
I20260802 12:21:54.056535 21632 StaAnalyze.cc:599] analyze timing path end vertex 17571 total 17728 end
I20260802 12:21:54.056597 21632 StaAnalyze.cc:565] analyze timing path end vertex 17581 total 17728 start
I20260802 12:21:54.056632 21632 StaAnalyze.cc:599] analyze timing path end vertex 17581 total 17728 end
I20260802 12:21:54.056655 21632 StaAnalyze.cc:303] add path data num 2 to rom.mem_8_24__reg_p:D
I20260802 12:21:54.056706 21632 StaAnalyze.cc:565] analyze timing path end vertex 17591 total 17728 start
I20260802 12:21:54.056739 21632 StaAnalyze.cc:599] analyze timing path end vertex 17591 total 17728 end
I20260802 12:21:54.056819 21632 StaAnalyze.cc:565] analyze timing path end vertex 17601 total 17728 start
I20260802 12:21:54.056860 21632 StaAnalyze.cc:599] analyze timing path end vertex 17601 total 17728 end
I20260802 12:21:54.056921 21632 StaAnalyze.cc:565] analyze timing path end vertex 17611 total 17728 start
I20260802 12:21:54.056962 21632 StaAnalyze.cc:599] analyze timing path end vertex 17611 total 17728 end
I20260802 12:21:54.057029 21632 StaAnalyze.cc:565] analyze timing path end vertex 17621 total 17728 start
I20260802 12:21:54.057063 21632 StaAnalyze.cc:599] analyze timing path end vertex 17621 total 17728 end
I20260802 12:21:54.057127 21632 StaAnalyze.cc:565] analyze timing path end vertex 17631 total 17728 start
I20260802 12:21:54.057163 21632 StaAnalyze.cc:599] analyze timing path end vertex 17631 total 17728 end
I20260802 12:21:54.057184 21632 StaAnalyze.cc:303] add path data num 2 to rom.mem_91_11__reg_p:D
I20260802 12:21:54.057252 21632 StaAnalyze.cc:565] analyze timing path end vertex 17641 total 17728 start
I20260802 12:21:54.057293 21632 StaAnalyze.cc:599] analyze timing path end vertex 17641 total 17728 end
I20260802 12:21:54.057356 21632 StaAnalyze.cc:565] analyze timing path end vertex 17651 total 17728 start
I20260802 12:21:54.057396 21632 StaAnalyze.cc:599] analyze timing path end vertex 17651 total 17728 end
I20260802 12:21:54.057462 21632 StaAnalyze.cc:565] analyze timing path end vertex 17661 total 17728 start
I20260802 12:21:54.057497 21632 StaAnalyze.cc:599] analyze timing path end vertex 17661 total 17728 end
I20260802 12:21:54.057566 21632 StaAnalyze.cc:565] analyze timing path end vertex 17671 total 17728 start
I20260802 12:21:54.057600 21632 StaAnalyze.cc:599] analyze timing path end vertex 17671 total 17728 end
I20260802 12:21:54.057659 21632 StaAnalyze.cc:565] analyze timing path end vertex 17681 total 17728 start
I20260802 12:21:54.057694 21632 StaAnalyze.cc:599] analyze timing path end vertex 17681 total 17728 end
I20260802 12:21:54.057721 21632 StaAnalyze.cc:303] add path data num 2 to rom.mem_92_28__reg_p:D
I20260802 12:21:54.057801 21632 StaAnalyze.cc:565] analyze timing path end vertex 17691 total 17728 start
I20260802 12:21:54.057842 21632 StaAnalyze.cc:599] analyze timing path end vertex 17691 total 17728 end
I20260802 12:21:54.057905 21632 StaAnalyze.cc:565] analyze timing path end vertex 17701 total 17728 start
I20260802 12:21:54.057945 21632 StaAnalyze.cc:599] analyze timing path end vertex 17701 total 17728 end
I20260802 12:21:54.058017 21632 StaAnalyze.cc:565] analyze timing path end vertex 17711 total 17728 start
I20260802 12:21:54.058050 21632 StaAnalyze.cc:599] analyze timing path end vertex 17711 total 17728 end
I20260802 12:21:54.058115 21632 StaAnalyze.cc:565] analyze timing path end vertex 17721 total 17728 start
I20260802 12:21:54.058151 21632 StaAnalyze.cc:599] analyze timing path end vertex 17721 total 17728 end
I20260802 12:21:54.058202 21632 StaAnalyze.cc:603] analyze timing path end
I20260802 12:21:54.058233 21632 StaApplySdc.cc:698] apply sdc start
I20260802 12:21:54.058248 21632 StaApplySdc.cc:729] apply sdc end
I20260802 12:21:54.058270 21632 StaDataPropagation.cc:698] data bwd propagation start
I20260802 12:21:54.062251 21632 StaDataPropagation.cc:249] propagate start vertex cpu.idu.csr.csr_0_0__reg_p:CK
I20260802 12:21:54.062304 21632 StaDataPropagation.cc:172] Thread 128443905810560 data bwd propagate found end vertex.cpu.idu.csr.csr_0_0__reg_p:D
I20260802 12:21:54.062362 21632 StaDataPropagation.cc:172] Thread 128443905810560 data bwd propagate found end vertex.cpu.idu.gpr.gpr_1_31__reg_p:D
I20260802 12:21:54.062392 21632 StaDataPropagation.cc:61] the endpoint vertex cpu.idu.gpr.gpr_1_31__reg_p:D has negative slack
I20260802 12:21:54.062417 21632 StaDataPropagation.cc:172] Thread 128443905810560 data bwd propagate found end vertex.cpu.idu.gpr.gpr_2_31__reg_p:D
I20260802 12:21:54.062433 21632 StaDataPropagation.cc:172] Thread 128443905810560 data bwd propagate found end vertex.cpu.idu.gpr.gpr_3_31__reg_p:D
I20260802 12:21:54.062449 21632 StaDataPropagation.cc:172] Thread 128443905810560 data bwd propagate found end vertex.cpu.idu.gpr.gpr_4_31__reg_p:D
I20260802 12:21:54.062484 21632 StaDataPropagation.cc:172] Thread 128443905810560 data bwd propagate found end vertex.cpu.idu.gpr.gpr_5_31__reg_p:D
I20260802 12:21:54.062506 21632 StaDataPropagation.cc:172] Thread 128443905810560 data bwd propagate found end vertex.cpu.idu.gpr.gpr_6_31__reg_p:D
I20260802 12:21:54.062516 21632 StaDataPropagation.cc:61] the endpoint vertex cpu.idu.gpr.gpr_6_31__reg_p:D has negative slack
I20260802 12:21:54.062530 21632 StaDataPropagation.cc:172] Thread 128443905810560 data bwd propagate found end vertex.cpu.idu.gpr.gpr_7_31__reg_p:D
I20260802 12:21:54.062546 21632 StaDataPropagation.cc:172] Thread 128443905810560 data bwd propagate found end vertex.cpu.idu.gpr.gpr_10_31__reg_p:D
I20260802 12:21:54.062582 21632 StaDataPropagation.cc:172] Thread 128443905810560 data bwd propagate found end vertex.cpu.idu.gpr.gpr_11_31__reg_p:D
I20260802 12:21:54.062625 21632 StaDataPropagation.cc:61] the endpoint vertex cpu.idu.gpr.gpr_13_31__reg_p:D has negative slack
I20260802 12:21:54.062695 21632 StaDataPropagation.cc:61] the endpoint vertex cpu.idu.gpr.gpr_18_31__reg_p:D has negative slack
I20260802 12:21:54.062762 21632 StaDataPropagation.cc:61] the endpoint vertex cpu.idu.gpr.gpr_23_31__reg_p:D has negative slack
I20260802 12:21:54.062841 21632 StaDataPropagation.cc:61] the endpoint vertex cpu.idu.gpr.gpr_28_31__reg_p:D has negative slack
I20260802 12:21:54.062907 21632 StaDataPropagation.cc:61] the endpoint vertex cpu.idu.gpr.gpr_9_31__reg_p:D has negative slack
I20260802 12:21:54.062999 21632 StaDataPropagation.cc:61] the endpoint vertex ram.mem_20_3_3__reg_p:D has negative slack
I20260802 12:21:54.063066 21632 StaDataPropagation.cc:61] the endpoint vertex ram.mem_25_3_3__reg_p:D has negative slack
I20260802 12:21:54.063128 21632 StaDataPropagation.cc:61] the endpoint vertex ram.mem_30_3_3__reg_p:D has negative slack
I20260802 12:21:54.063191 21632 StaDataPropagation.cc:61] the endpoint vertex ram.mem_35_3_3__reg_p:D has negative slack
I20260802 12:21:54.063258 21632 StaDataPropagation.cc:61] the endpoint vertex ram.mem_0_3_3__reg_p:D has negative slack
I20260802 12:21:54.063323 21632 StaDataPropagation.cc:61] the endpoint vertex ram.mem_14_3_3__reg_p:D has negative slack
I20260802 12:21:54.063385 21632 StaDataPropagation.cc:61] the endpoint vertex ram.mem_4_3_3__reg_p:D has negative slack
I20260802 12:21:54.063448 21632 StaDataPropagation.cc:61] the endpoint vertex ram.mem_9_3_3__reg_p:D has negative slack
I20260802 12:21:54.063511 21632 StaDataPropagation.cc:61] the endpoint vertex ram.mem_68_3_3__reg_p:D has negative slack
I20260802 12:21:54.063572 21632 StaDataPropagation.cc:61] the endpoint vertex ram.mem_73_3_3__reg_p:D has negative slack
I20260802 12:21:54.063633 21632 StaDataPropagation.cc:61] the endpoint vertex ram.mem_78_3_3__reg_p:D has negative slack
I20260802 12:21:54.063695 21632 StaDataPropagation.cc:61] the endpoint vertex ram.mem_83_3_3__reg_p:D has negative slack
I20260802 12:21:54.063758 21632 StaDataPropagation.cc:61] the endpoint vertex ram.mem_100_3_3__reg_p:D has negative slack
I20260802 12:21:54.063896 21632 StaDataPropagation.cc:61] the endpoint vertex ram.mem_105_3_3__reg_p:D has negative slack
I20260802 12:21:54.063982 21632 StaDataPropagation.cc:61] the endpoint vertex ram.mem_110_3_3__reg_p:D has negative slack
I20260802 12:21:54.064051 21632 StaDataPropagation.cc:61] the endpoint vertex ram.mem_91_3_3__reg_p:D has negative slack
I20260802 12:21:54.064119 21632 StaDataPropagation.cc:61] the endpoint vertex ram.mem_96_3_3__reg_p:D has negative slack
I20260802 12:21:54.064193 21632 StaDataPropagation.cc:61] the endpoint vertex ram.mem_113_3_3__reg_p:D has negative slack
I20260802 12:21:54.064263 21632 StaDataPropagation.cc:61] the endpoint vertex ram.mem_118_3_3__reg_p:D has negative slack
I20260802 12:21:54.064327 21632 StaDataPropagation.cc:61] the endpoint vertex ram.mem_123_3_3__reg_p:D has negative slack
I20260802 12:21:54.064388 21632 StaDataPropagation.cc:61] the endpoint vertex ram.mem_128_3_3__reg_p:D has negative slack
I20260802 12:21:54.064450 21632 StaDataPropagation.cc:61] the endpoint vertex ram.mem_133_3_3__reg_p:D has negative slack
I20260802 12:21:54.064512 21632 StaDataPropagation.cc:61] the endpoint vertex ram.mem_138_3_3__reg_p:D has negative slack
I20260802 12:21:54.064571 21632 StaDataPropagation.cc:61] the endpoint vertex ram.mem_143_3_3__reg_p:D has negative slack
I20260802 12:21:54.064630 21632 StaDataPropagation.cc:61] the endpoint vertex ram.mem_149_3_3__reg_p:D has negative slack
I20260802 12:21:54.064688 21632 StaDataPropagation.cc:61] the endpoint vertex ram.mem_154_3_3__reg_p:D has negative slack
I20260802 12:21:54.064749 21632 StaDataPropagation.cc:61] the endpoint vertex ram.mem_159_3_3__reg_p:D has negative slack
I20260802 12:21:54.064821 21632 StaDataPropagation.cc:61] the endpoint vertex ram.mem_164_3_3__reg_p:D has negative slack
I20260802 12:21:54.064883 21632 StaDataPropagation.cc:61] the endpoint vertex ram.mem_169_3_3__reg_p:D has negative slack
I20260802 12:21:54.064945 21632 StaDataPropagation.cc:61] the endpoint vertex ram.mem_174_3_3__reg_p:D has negative slack
I20260802 12:21:54.064986 21632 StaDataPropagation.cc:61] the endpoint vertex ram.mem_179_3_3__reg_p:D has negative slack
I20260802 12:21:54.065040 21632 StaDataPropagation.cc:61] the endpoint vertex ram.mem_184_3_3__reg_p:D has negative slack
I20260802 12:21:54.065104 21632 StaDataPropagation.cc:61] the endpoint vertex ram.mem_189_3_3__reg_p:D has negative slack
I20260802 12:21:54.065165 21632 StaDataPropagation.cc:61] the endpoint vertex ram.mem_194_3_3__reg_p:D has negative slack
I20260802 12:21:54.065232 21632 StaDataPropagation.cc:61] the endpoint vertex ram.mem_199_3_3__reg_p:D has negative slack
I20260802 12:21:54.065310 21632 StaDataPropagation.cc:61] the endpoint vertex ram.mem_204_3_3__reg_p:D has negative slack
I20260802 12:21:54.065376 21632 StaDataPropagation.cc:61] the endpoint vertex ram.mem_209_3_3__reg_p:D has negative slack
I20260802 12:21:54.065420 21632 StaDataPropagation.cc:61] the endpoint vertex ram.mem_214_3_3__reg_p:D has negative slack
I20260802 12:21:54.065471 21632 StaDataPropagation.cc:61] the endpoint vertex ram.mem_219_3_3__reg_p:D has negative slack
I20260802 12:21:54.065510 21632 StaDataPropagation.cc:61] the endpoint vertex ram.mem_224_3_3__reg_p:D has negative slack
I20260802 12:21:54.065564 21632 StaDataPropagation.cc:61] the endpoint vertex ram.mem_229_3_3__reg_p:D has negative slack
I20260802 12:21:54.065626 21632 StaDataPropagation.cc:61] the endpoint vertex ram.mem_233_3_3__reg_p:D has negative slack
I20260802 12:21:54.065670 21632 StaDataPropagation.cc:61] the endpoint vertex ram.mem_238_3_3__reg_p:D has negative slack
I20260802 12:21:54.065703 21632 StaDataPropagation.cc:61] the endpoint vertex ram.mem_243_3_3__reg_p:D has negative slack
I20260802 12:21:54.065737 21632 StaDataPropagation.cc:61] the endpoint vertex ram.mem_248_3_3__reg_p:D has negative slack
I20260802 12:21:54.065786 21632 StaDataPropagation.cc:61] the endpoint vertex ram.mem_253_3_3__reg_p:D has negative slack
I20260802 12:21:54.065871 21632 StaDataPropagation.cc:61] the endpoint vertex ram.mem_42_3_3__reg_p:D has negative slack
I20260802 12:21:54.065936 21632 StaDataPropagation.cc:61] the endpoint vertex ram.mem_47_3_3__reg_p:D has negative slack
I20260802 12:21:54.066067 21632 StaDataPropagation.cc:61] the endpoint vertex ram.mem_52_3_3__reg_p:D has negative slack
I20260802 12:21:54.066134 21632 StaDataPropagation.cc:61] the endpoint vertex ram.mem_57_3_3__reg_p:D has negative slack
I20260802 12:21:54.066205 21632 StaDataPropagation.cc:61] the endpoint vertex ram.mem_62_3_3__reg_p:D has negative slack
I20260802 12:21:54.066280 21632 StaDataPropagation.cc:61] the endpoint vertex ram.mem_20_1_3__reg_p:D has negative slack
I20260802 12:21:54.066346 21632 StaDataPropagation.cc:61] the endpoint vertex ram.mem_25_1_3__reg_p:D has negative slack
I20260802 12:21:54.066392 21632 StaDataPropagation.cc:61] the endpoint vertex ram.mem_30_1_3__reg_p:D has negative slack
I20260802 12:21:54.066447 21632 StaDataPropagation.cc:61] the endpoint vertex ram.mem_36_1_3__reg_p:D has negative slack
I20260802 12:21:54.066509 21632 StaDataPropagation.cc:61] the endpoint vertex ram.mem_41_1_3__reg_p:D has negative slack
I20260802 12:21:54.066556 21632 StaDataPropagation.cc:61] the endpoint vertex ram.mem_46_1_3__reg_p:D has negative slack
I20260802 12:21:54.066612 21632 StaDataPropagation.cc:61] the endpoint vertex ram.mem_51_1_3__reg_p:D has negative slack
I20260802 12:21:54.066675 21632 StaDataPropagation.cc:61] the endpoint vertex ram.mem_56_1_3__reg_p:D has negative slack
I20260802 12:21:54.066715 21632 StaDataPropagation.cc:61] the endpoint vertex ram.mem_61_1_3__reg_p:D has negative slack
I20260802 12:21:54.066787 21632 StaDataPropagation.cc:61] the endpoint vertex ram.mem_0_1_3__reg_p:D has negative slack
I20260802 12:21:54.066859 21632 StaDataPropagation.cc:61] the endpoint vertex ram.mem_14_1_3__reg_p:D has negative slack
I20260802 12:21:54.066941 21632 StaDataPropagation.cc:61] the endpoint vertex ram.mem_4_1_3__reg_p:D has negative slack
I20260802 12:21:54.067009 21632 StaDataPropagation.cc:61] the endpoint vertex ram.mem_9_1_3__reg_p:D has negative slack
I20260802 12:21:54.067073 21632 StaDataPropagation.cc:61] the endpoint vertex ram.mem_72_1_3__reg_p:D has negative slack
I20260802 12:21:54.067114 21632 StaDataPropagation.cc:61] the endpoint vertex ram.mem_77_1_3__reg_p:D has negative slack
I20260802 12:21:54.067183 21632 StaDataPropagation.cc:61] the endpoint vertex ram.mem_82_1_3__reg_p:D has negative slack
I20260802 12:21:54.067266 21632 StaDataPropagation.cc:61] the endpoint vertex ram.mem_90_1_3__reg_p:D has negative slack
I20260802 12:21:54.067338 21632 StaDataPropagation.cc:61] the endpoint vertex ram.mem_100_1_3__reg_p:D has negative slack
I20260802 12:21:54.067402 21632 StaDataPropagation.cc:61] the endpoint vertex ram.mem_106_1_3__reg_p:D has negative slack
I20260802 12:21:54.067445 21632 StaDataPropagation.cc:61] the endpoint vertex ram.mem_111_1_3__reg_p:D has negative slack
I20260802 12:21:54.067500 21632 StaDataPropagation.cc:61] the endpoint vertex ram.mem_117_1_3__reg_p:D has negative slack
I20260802 12:21:54.067561 21632 StaDataPropagation.cc:61] the endpoint vertex ram.mem_96_1_3__reg_p:D has negative slack
I20260802 12:21:54.067626 21632 StaDataPropagation.cc:61] the endpoint vertex ram.mem_125_1_3__reg_p:D has negative slack
I20260802 12:21:54.067687 21632 StaDataPropagation.cc:61] the endpoint vertex ram.mem_130_1_3__reg_p:D has negative slack
I20260802 12:21:54.067745 21632 StaDataPropagation.cc:61] the endpoint vertex ram.mem_135_1_3__reg_p:D has negative slack
I20260802 12:21:54.067811 21632 StaDataPropagation.cc:61] the endpoint vertex ram.mem_140_1_3__reg_p:D has negative slack
I20260802 12:21:54.067868 21632 StaDataPropagation.cc:61] the endpoint vertex ram.mem_145_1_3__reg_p:D has negative slack
I20260802 12:21:54.067932 21632 StaDataPropagation.cc:61] the endpoint vertex ram.mem_152_1_3__reg_p:D has negative slack
I20260802 12:21:54.067992 21632 StaDataPropagation.cc:61] the endpoint vertex ram.mem_158_1_3__reg_p:D has negative slack
I20260802 12:21:54.068073 21632 StaDataPropagation.cc:61] the endpoint vertex ram.mem_164_1_3__reg_p:D has negative slack
I20260802 12:21:54.068151 21632 StaDataPropagation.cc:61] the endpoint vertex ram.mem_169_1_3__reg_p:D has negative slack
I20260802 12:21:54.068214 21632 StaDataPropagation.cc:61] the endpoint vertex ram.mem_175_1_3__reg_p:D has negative slack
I20260802 12:21:54.068277 21632 StaDataPropagation.cc:61] the endpoint vertex ram.mem_181_1_3__reg_p:D has negative slack
I20260802 12:21:54.068339 21632 StaDataPropagation.cc:61] the endpoint vertex ram.mem_187_1_3__reg_p:D has negative slack
I20260802 12:21:54.068398 21632 StaDataPropagation.cc:61] the endpoint vertex ram.mem_192_1_3__reg_p:D has negative slack
I20260802 12:21:54.068459 21632 StaDataPropagation.cc:61] the endpoint vertex ram.mem_197_1_3__reg_p:D has negative slack
I20260802 12:21:54.068518 21632 StaDataPropagation.cc:61] the endpoint vertex ram.mem_202_1_3__reg_p:D has negative slack
I20260802 12:21:54.068581 21632 StaDataPropagation.cc:61] the endpoint vertex ram.mem_207_1_3__reg_p:D has negative slack
I20260802 12:21:54.068641 21632 StaDataPropagation.cc:61] the endpoint vertex ram.mem_212_1_3__reg_p:D has negative slack
I20260802 12:21:54.068702 21632 StaDataPropagation.cc:61] the endpoint vertex ram.mem_217_1_3__reg_p:D has negative slack
I20260802 12:21:54.068763 21632 StaDataPropagation.cc:61] the endpoint vertex ram.mem_222_1_3__reg_p:D has negative slack
I20260802 12:21:54.068833 21632 StaDataPropagation.cc:61] the endpoint vertex ram.mem_227_1_3__reg_p:D has negative slack
I20260802 12:21:54.068882 21632 StaDataPropagation.cc:61] the endpoint vertex ram.mem_232_1_3__reg_p:D has negative slack
I20260802 12:21:54.068935 21632 StaDataPropagation.cc:61] the endpoint vertex ram.mem_237_1_3__reg_p:D has negative slack
I20260802 12:21:54.068979 21632 StaDataPropagation.cc:61] the endpoint vertex ram.mem_242_1_3__reg_p:D has negative slack
I20260802 12:21:54.069031 21632 StaDataPropagation.cc:61] the endpoint vertex ram.mem_248_1_3__reg_p:D has negative slack
I20260802 12:21:54.069094 21632 StaDataPropagation.cc:61] the endpoint vertex ram.mem_116_1_3__reg_p:D has negative slack
I20260802 12:21:54.069154 21632 StaDataPropagation.cc:61] the endpoint vertex ram.mem_151_1_3__reg_p:D has negative slack
I20260802 12:21:54.069214 21632 StaDataPropagation.cc:61] the endpoint vertex ram.mem_183_1_3__reg_p:D has negative slack
I20260802 12:21:54.069276 21632 StaDataPropagation.cc:61] the endpoint vertex ram.mem_254_1_3__reg_p:D has negative slack
I20260802 12:21:54.069339 21632 StaDataPropagation.cc:61] the endpoint vertex ram.mem_83_1_3__reg_p:D has negative slack
I20260802 12:21:54.069427 21632 StaDataPropagation.cc:61] the endpoint vertex ram.mem_18_3_4__reg_p:D has negative slack
I20260802 12:21:54.069492 21632 StaDataPropagation.cc:61] the endpoint vertex ram.mem_23_3_4__reg_p:D has negative slack
I20260802 12:21:54.069552 21632 StaDataPropagation.cc:61] the endpoint vertex ram.mem_28_3_4__reg_p:D has negative slack
I20260802 12:21:54.069613 21632 StaDataPropagation.cc:61] the endpoint vertex ram.mem_33_3_4__reg_p:D has negative slack
I20260802 12:21:54.069672 21632 StaDataPropagation.cc:61] the endpoint vertex ram.mem_38_3_4__reg_p:D has negative slack
I20260802 12:21:54.069738 21632 StaDataPropagation.cc:61] the endpoint vertex ram.mem_43_3_4__reg_p:D has negative slack
I20260802 12:21:54.069804 21632 StaDataPropagation.cc:61] the endpoint vertex ram.mem_48_3_4__reg_p:D has negative slack
I20260802 12:21:54.069866 21632 StaDataPropagation.cc:61] the endpoint vertex ram.mem_53_3_4__reg_p:D has negative slack
I20260802 12:21:54.069928 21632 StaDataPropagation.cc:61] the endpoint vertex ram.mem_58_3_4__reg_p:D has negative slack
I20260802 12:21:54.070017 21632 StaDataPropagation.cc:61] the endpoint vertex ram.mem_63_3_4__reg_p:D has negative slack
I20260802 12:21:54.070097 21632 StaDataPropagation.cc:61] the endpoint vertex ram.mem_13_3_4__reg_p:D has negative slack
I20260802 12:21:54.070161 21632 StaDataPropagation.cc:61] the endpoint vertex ram.mem_3_3_4__reg_p:D has negative slack
I20260802 12:21:54.070240 21632 StaDataPropagation.cc:61] the endpoint vertex ram.mem_8_3_4__reg_p:D has negative slack
I20260802 12:21:54.070303 21632 StaDataPropagation.cc:61] the endpoint vertex ram.mem_67_3_4__reg_p:D has negative slack
I20260802 12:21:54.070364 21632 StaDataPropagation.cc:61] the endpoint vertex ram.mem_72_3_4__reg_p:D has negative slack
I20260802 12:21:54.070426 21632 StaDataPropagation.cc:61] the endpoint vertex ram.mem_77_3_4__reg_p:D has negative slack
I20260802 12:21:54.070489 21632 StaDataPropagation.cc:61] the endpoint vertex ram.mem_82_3_4__reg_p:D has negative slack
I20260802 12:21:54.070550 21632 StaDataPropagation.cc:61] the endpoint vertex ram.mem_87_3_4__reg_p:D has negative slack
I20260802 12:21:54.070616 21632 StaDataPropagation.cc:61] the endpoint vertex ram.mem_104_3_4__reg_p:D has negative slack
I20260802 12:21:54.070676 21632 StaDataPropagation.cc:61] the endpoint vertex ram.mem_109_3_4__reg_p:D has negative slack
I20260802 12:21:54.070734 21632 StaDataPropagation.cc:61] the endpoint vertex ram.mem_90_3_4__reg_p:D has negative slack
I20260802 12:21:54.070806 21632 StaDataPropagation.cc:61] the endpoint vertex ram.mem_95_3_4__reg_p:D has negative slack
I20260802 12:21:54.070868 21632 StaDataPropagation.cc:61] the endpoint vertex ram.mem_112_3_4__reg_p:D has negative slack
I20260802 12:21:54.070930 21632 StaDataPropagation.cc:61] the endpoint vertex ram.mem_117_3_4__reg_p:D has negative slack
I20260802 12:21:54.070989 21632 StaDataPropagation.cc:61] the endpoint vertex ram.mem_122_3_4__reg_p:D has negative slack
I20260802 12:21:54.071049 21632 StaDataPropagation.cc:61] the endpoint vertex ram.mem_127_3_4__reg_p:D has negative slack
I20260802 12:21:54.071110 21632 StaDataPropagation.cc:61] the endpoint vertex ram.mem_132_3_4__reg_p:D has negative slack
I20260802 12:21:54.071177 21632 StaDataPropagation.cc:61] the endpoint vertex ram.mem_137_3_4__reg_p:D has negative slack
I20260802 12:21:54.071244 21632 StaDataPropagation.cc:61] the endpoint vertex ram.mem_142_3_4__reg_p:D has negative slack
I20260802 12:21:54.071305 21632 StaDataPropagation.cc:61] the endpoint vertex ram.mem_148_3_4__reg_p:D has negative slack
I20260802 12:21:54.071364 21632 StaDataPropagation.cc:61] the endpoint vertex ram.mem_153_3_4__reg_p:D has negative slack
I20260802 12:21:54.071426 21632 StaDataPropagation.cc:61] the endpoint vertex ram.mem_158_3_4__reg_p:D has negative slack
I20260802 12:21:54.071491 21632 StaDataPropagation.cc:61] the endpoint vertex ram.mem_163_3_4__reg_p:D has negative slack
I20260802 12:21:54.071549 21632 StaDataPropagation.cc:61] the endpoint vertex ram.mem_168_3_4__reg_p:D has negative slack
I20260802 12:21:54.071611 21632 StaDataPropagation.cc:61] the endpoint vertex ram.mem_173_3_4__reg_p:D has negative slack
I20260802 12:21:54.071671 21632 StaDataPropagation.cc:61] the endpoint vertex ram.mem_178_3_4__reg_p:D has negative slack
I20260802 12:21:54.071733 21632 StaDataPropagation.cc:61] the endpoint vertex ram.mem_183_3_4__reg_p:D has negative slack
I20260802 12:21:54.071816 21632 StaDataPropagation.cc:61] the endpoint vertex ram.mem_188_3_4__reg_p:D has negative slack
I20260802 12:21:54.071884 21632 StaDataPropagation.cc:61] the endpoint vertex ram.mem_193_3_4__reg_p:D has negative slack
I20260802 12:21:54.071928 21632 StaDataPropagation.cc:61] the endpoint vertex ram.mem_198_3_4__reg_p:D has negative slack
I20260802 12:21:54.071983 21632 StaDataPropagation.cc:61] the endpoint vertex ram.mem_203_3_4__reg_p:D has negative slack
I20260802 12:21:54.072026 21632 StaDataPropagation.cc:61] the endpoint vertex ram.mem_208_3_4__reg_p:D has negative slack
I20260802 12:21:54.072086 21632 StaDataPropagation.cc:61] the endpoint vertex ram.mem_213_3_4__reg_p:D has negative slack
I20260802 12:21:54.072134 21632 StaDataPropagation.cc:61] the endpoint vertex ram.mem_218_3_4__reg_p:D has negative slack
I20260802 12:21:54.072196 21632 StaDataPropagation.cc:61] the endpoint vertex ram.mem_223_3_4__reg_p:D has negative slack
I20260802 12:21:54.072263 21632 StaDataPropagation.cc:61] the endpoint vertex ram.mem_228_3_4__reg_p:D has negative slack
I20260802 12:21:54.072364 21632 StaDataPropagation.cc:61] the endpoint vertex ram.mem_146_3_4__reg_p:D has negative slack
I20260802 12:21:54.072461 21632 StaDataPropagation.cc:61] the endpoint vertex ram.mem_237_3_4__reg_p:D has negative slack
I20260802 12:21:54.072538 21632 StaDataPropagation.cc:61] the endpoint vertex ram.mem_242_3_4__reg_p:D has negative slack
I20260802 12:21:54.072613 21632 StaDataPropagation.cc:61] the endpoint vertex ram.mem_247_3_4__reg_p:D has negative slack
I20260802 12:21:54.072681 21632 StaDataPropagation.cc:61] the endpoint vertex ram.mem_252_3_4__reg_p:D has negative slack
I20260802 12:21:54.072762 21632 StaDataPropagation.cc:61] the endpoint vertex ram.mem_18_1_4__reg_p:D has negative slack
I20260802 12:21:54.072837 21632 StaDataPropagation.cc:61] the endpoint vertex ram.mem_23_1_4__reg_p:D has negative slack
I20260802 12:21:54.072904 21632 StaDataPropagation.cc:61] the endpoint vertex ram.mem_28_1_4__reg_p:D has negative slack
I20260802 12:21:54.072973 21632 StaDataPropagation.cc:61] the endpoint vertex ram.mem_34_1_4__reg_p:D has negative slack
I20260802 12:21:54.073045 21632 StaDataPropagation.cc:61] the endpoint vertex ram.mem_39_1_4__reg_p:D has negative slack
I20260802 12:21:54.073114 21632 StaDataPropagation.cc:61] the endpoint vertex ram.mem_44_1_4__reg_p:D has negative slack
I20260802 12:21:54.073179 21632 StaDataPropagation.cc:61] the endpoint vertex ram.mem_49_1_4__reg_p:D has negative slack
I20260802 12:21:54.073241 21632 StaDataPropagation.cc:61] the endpoint vertex ram.mem_54_1_4__reg_p:D has negative slack
I20260802 12:21:54.073302 21632 StaDataPropagation.cc:61] the endpoint vertex ram.mem_59_1_4__reg_p:D has negative slack
I20260802 12:21:54.073362 21632 StaDataPropagation.cc:61] the endpoint vertex ram.mem_64_1_4__reg_p:D has negative slack
I20260802 12:21:54.073408 21632 StaDataPropagation.cc:61] the endpoint vertex ram.mem_12_1_4__reg_p:D has negative slack
I20260802 12:21:54.073465 21632 StaDataPropagation.cc:61] the endpoint vertex ram.mem_2_1_4__reg_p:D has negative slack
I20260802 12:21:54.073530 21632 StaDataPropagation.cc:61] the endpoint vertex ram.mem_7_1_4__reg_p:D has negative slack
I20260802 12:21:54.073594 21632 StaDataPropagation.cc:61] the endpoint vertex ram.mem_69_1_4__reg_p:D has negative slack
I20260802 12:21:54.073657 21632 StaDataPropagation.cc:61] the endpoint vertex ram.mem_75_1_4__reg_p:D has negative slack
I20260802 12:21:54.073720 21632 StaDataPropagation.cc:61] the endpoint vertex ram.mem_80_1_4__reg_p:D has negative slack
I20260802 12:21:54.073791 21632 StaDataPropagation.cc:61] the endpoint vertex ram.mem_87_1_4__reg_p:D has negative slack
I20260802 12:21:54.073854 21632 StaDataPropagation.cc:61] the endpoint vertex ram.mem_93_1_4__reg_p:D has negative slack
I20260802 12:21:54.073921 21632 StaDataPropagation.cc:61] the endpoint vertex ram.mem_104_1_4__reg_p:D has negative slack
I20260802 12:21:54.074019 21632 StaDataPropagation.cc:61] the endpoint vertex ram.mem_109_1_4__reg_p:D has negative slack
I20260802 12:21:54.074083 21632 StaDataPropagation.cc:61] the endpoint vertex ram.mem_114_1_4__reg_p:D has negative slack
I20260802 12:21:54.074126 21632 StaDataPropagation.cc:61] the endpoint vertex ram.mem_121_1_4__reg_p:D has negative slack
I20260802 12:21:54.074179 21632 StaDataPropagation.cc:61] the endpoint vertex ram.mem_99_1_4__reg_p:D has negative slack
I20260802 12:21:54.074244 21632 StaDataPropagation.cc:61] the endpoint vertex ram.mem_128_1_4__reg_p:D has negative slack
I20260802 12:21:54.074307 21632 StaDataPropagation.cc:61] the endpoint vertex ram.mem_133_1_4__reg_p:D has negative slack
I20260802 12:21:54.074368 21632 StaDataPropagation.cc:61] the endpoint vertex ram.mem_138_1_4__reg_p:D has negative slack
I20260802 12:21:54.074409 21632 StaDataPropagation.cc:61] the endpoint vertex ram.mem_143_1_4__reg_p:D has negative slack
I20260802 12:21:54.074465 21632 StaDataPropagation.cc:61] the endpoint vertex ram.mem_148_1_4__reg_p:D has negative slack
I20260802 12:21:54.074602 21632 StaDataPropagation.cc:61] the endpoint vertex ram.mem_156_1_4__reg_p:D has negative slack
I20260802 12:21:54.074666 21632 StaDataPropagation.cc:61] the endpoint vertex ram.mem_162_1_4__reg_p:D has negative slack
I20260802 12:21:54.074728 21632 StaDataPropagation.cc:61] the endpoint vertex ram.mem_167_1_4__reg_p:D has negative slack
I20260802 12:21:54.074783 21632 StaDataPropagation.cc:61] the endpoint vertex ram.mem_173_1_4__reg_p:D has negative slack
I20260802 12:21:54.074847 21632 StaDataPropagation.cc:61] the endpoint vertex ram.mem_179_1_4__reg_p:D has negative slack
I20260802 12:21:54.074908 21632 StaDataPropagation.cc:61] the endpoint vertex ram.mem_185_1_4__reg_p:D has negative slack
I20260802 12:21:54.074972 21632 StaDataPropagation.cc:61] the endpoint vertex ram.mem_190_1_4__reg_p:D has negative slack
I20260802 12:21:54.075034 21632 StaDataPropagation.cc:61] the endpoint vertex ram.mem_195_1_4__reg_p:D has negative slack
I20260802 12:21:54.075095 21632 StaDataPropagation.cc:61] the endpoint vertex ram.mem_200_1_4__reg_p:D has negative slack
I20260802 12:21:54.075160 21632 StaDataPropagation.cc:61] the endpoint vertex ram.mem_205_1_4__reg_p:D has negative slack
I20260802 12:21:54.075222 21632 StaDataPropagation.cc:61] the endpoint vertex ram.mem_210_1_4__reg_p:D has negative slack
I20260802 12:21:54.075284 21632 StaDataPropagation.cc:61] the endpoint vertex ram.mem_215_1_4__reg_p:D has negative slack
I20260802 12:21:54.075344 21632 StaDataPropagation.cc:61] the endpoint vertex ram.mem_220_1_4__reg_p:D has negative slack
I20260802 12:21:54.075407 21632 StaDataPropagation.cc:61] the endpoint vertex ram.mem_225_1_4__reg_p:D has negative slack
I20260802 12:21:54.075469 21632 StaDataPropagation.cc:61] the endpoint vertex ram.mem_230_1_4__reg_p:D has negative slack
I20260802 12:21:54.075531 21632 StaDataPropagation.cc:61] the endpoint vertex ram.mem_235_1_4__reg_p:D has negative slack
I20260802 12:21:54.075592 21632 StaDataPropagation.cc:61] the endpoint vertex ram.mem_240_1_4__reg_p:D has negative slack
I20260802 12:21:54.075654 21632 StaDataPropagation.cc:61] the endpoint vertex ram.mem_246_1_4__reg_p:D has negative slack
I20260802 12:21:54.075716 21632 StaDataPropagation.cc:61] the endpoint vertex ram.mem_251_1_4__reg_p:D has negative slack
I20260802 12:21:54.075790 21632 StaDataPropagation.cc:61] the endpoint vertex ram.mem_123_1_4__reg_p:D has negative slack
I20260802 12:21:54.075853 21632 StaDataPropagation.cc:61] the endpoint vertex ram.mem_172_1_4__reg_p:D has negative slack
I20260802 12:21:54.075914 21632 StaDataPropagation.cc:61] the endpoint vertex ram.mem_252_1_4__reg_p:D has negative slack
I20260802 12:21:54.075975 21632 StaDataPropagation.cc:61] the endpoint vertex ram.mem_68_1_4__reg_p:D has negative slack
I20260802 12:21:54.076059 21632 StaDataPropagation.cc:61] the endpoint vertex ram.mem_10_2_2__reg_p:D has negative slack
I20260802 12:21:54.076126 21632 StaDataPropagation.cc:61] the endpoint vertex ram.mem_14_2_2__reg_p:D has negative slack
I20260802 12:21:54.076189 21632 StaDataPropagation.cc:61] the endpoint vertex ram.mem_156_2_2__reg_p:D has negative slack
I20260802 12:21:54.076252 21632 StaDataPropagation.cc:61] the endpoint vertex ram.mem_19_2_2__reg_p:D has negative slack
I20260802 12:21:54.076316 21632 StaDataPropagation.cc:61] the endpoint vertex ram.mem_6_2_2__reg_p:D has negative slack
I20260802 12:21:54.076383 21632 StaDataPropagation.cc:61] the endpoint vertex ram.mem_11_2_2__reg_p:D has negative slack
I20260802 12:21:54.076447 21632 StaDataPropagation.cc:61] the endpoint vertex ram.mem_18_2_2__reg_p:D has negative slack
I20260802 12:21:54.076512 21632 StaDataPropagation.cc:61] the endpoint vertex ram.mem_23_2_2__reg_p:D has negative slack
I20260802 12:21:54.076574 21632 StaDataPropagation.cc:61] the endpoint vertex ram.mem_29_2_2__reg_p:D has negative slack
I20260802 12:21:54.076635 21632 StaDataPropagation.cc:61] the endpoint vertex ram.mem_65_2_2__reg_p:D has negative slack
I20260802 12:21:54.076697 21632 StaDataPropagation.cc:61] the endpoint vertex ram.mem_70_2_2__reg_p:D has negative slack
I20260802 12:21:54.076783 21632 StaDataPropagation.cc:61] the endpoint vertex ram.mem_75_2_2__reg_p:D has negative slack
I20260802 12:21:54.076848 21632 StaDataPropagation.cc:61] the endpoint vertex ram.mem_80_2_2__reg_p:D has negative slack
I20260802 12:21:54.076908 21632 StaDataPropagation.cc:61] the endpoint vertex ram.mem_85_2_2__reg_p:D has negative slack
I20260802 12:21:54.076969 21632 StaDataPropagation.cc:61] the endpoint vertex ram.mem_90_2_2__reg_p:D has negative slack
I20260802 12:21:54.077032 21632 StaDataPropagation.cc:61] the endpoint vertex ram.mem_95_2_2__reg_p:D has negative slack
I20260802 12:21:54.077096 21632 StaDataPropagation.cc:61] the endpoint vertex ram.mem_100_2_2__reg_p:D has negative slack
I20260802 12:21:54.077159 21632 StaDataPropagation.cc:61] the endpoint vertex ram.mem_105_2_2__reg_p:D has negative slack
I20260802 12:21:54.077224 21632 StaDataPropagation.cc:61] the endpoint vertex ram.mem_110_2_2__reg_p:D has negative slack
I20260802 12:21:54.077291 21632 StaDataPropagation.cc:61] the endpoint vertex ram.mem_115_2_2__reg_p:D has negative slack
I20260802 12:21:54.077337 21632 StaDataPropagation.cc:61] the endpoint vertex ram.mem_120_2_2__reg_p:D has negative slack
I20260802 12:21:54.077399 21632 StaDataPropagation.cc:61] the endpoint vertex ram.mem_125_2_2__reg_p:D has negative slack
I20260802 12:21:54.077461 21632 StaDataPropagation.cc:61] the endpoint vertex ram.mem_131_2_2__reg_p:D has negative slack
I20260802 12:21:54.077525 21632 StaDataPropagation.cc:61] the endpoint vertex ram.mem_136_2_2__reg_p:D has negative slack
I20260802 12:21:54.077589 21632 StaDataPropagation.cc:61] the endpoint vertex ram.mem_142_2_2__reg_p:D has negative slack
I20260802 12:21:54.077651 21632 StaDataPropagation.cc:61] the endpoint vertex ram.mem_148_2_2__reg_p:D has negative slack
I20260802 12:21:54.077715 21632 StaDataPropagation.cc:61] the endpoint vertex ram.mem_158_2_2__reg_p:D has negative slack
I20260802 12:21:54.077790 21632 StaDataPropagation.cc:61] the endpoint vertex ram.mem_164_2_2__reg_p:D has negative slack
I20260802 12:21:54.077853 21632 StaDataPropagation.cc:61] the endpoint vertex ram.mem_169_2_2__reg_p:D has negative slack
I20260802 12:21:54.077917 21632 StaDataPropagation.cc:61] the endpoint vertex ram.mem_175_2_2__reg_p:D has negative slack
I20260802 12:21:54.078017 21632 StaDataPropagation.cc:61] the endpoint vertex ram.mem_181_2_2__reg_p:D has negative slack
I20260802 12:21:54.078097 21632 StaDataPropagation.cc:61] the endpoint vertex ram.mem_186_2_2__reg_p:D has negative slack
I20260802 12:21:54.078138 21632 StaDataPropagation.cc:61] the endpoint vertex ram.mem_192_2_2__reg_p:D has negative slack
I20260802 12:21:54.078195 21632 StaDataPropagation.cc:61] the endpoint vertex ram.mem_197_2_2__reg_p:D has negative slack
I20260802 12:21:54.078239 21632 StaDataPropagation.cc:61] the endpoint vertex ram.mem_202_2_2__reg_p:D has negative slack
I20260802 12:21:54.078298 21632 StaDataPropagation.cc:61] the endpoint vertex ram.mem_207_2_2__reg_p:D has negative slack
I20260802 12:21:54.078374 21632 StaDataPropagation.cc:61] the endpoint vertex ram.mem_236_2_2__reg_p:D has negative slack
I20260802 12:21:54.078440 21632 StaDataPropagation.cc:61] the endpoint vertex ram.mem_241_2_2__reg_p:D has negative slack
I20260802 12:21:54.078502 21632 StaDataPropagation.cc:61] the endpoint vertex ram.mem_246_2_2__reg_p:D has negative slack
I20260802 12:21:54.078547 21632 StaDataPropagation.cc:61] the endpoint vertex ram.mem_251_2_2__reg_p:D has negative slack
I20260802 12:21:54.078608 21632 StaDataPropagation.cc:61] the endpoint vertex ram.mem_208_2_2__reg_p:D has negative slack
I20260802 12:21:54.078680 21632 StaDataPropagation.cc:61] the endpoint vertex ram.mem_213_2_2__reg_p:D has negative slack
I20260802 12:21:54.078722 21632 StaDataPropagation.cc:61] the endpoint vertex ram.mem_218_2_2__reg_p:D has negative slack
I20260802 12:21:54.078787 21632 StaDataPropagation.cc:61] the endpoint vertex ram.mem_223_2_2__reg_p:D has negative slack
I20260802 12:21:54.078828 21632 StaDataPropagation.cc:61] the endpoint vertex ram.mem_228_2_2__reg_p:D has negative slack
I20260802 12:21:54.078882 21632 StaDataPropagation.cc:61] the endpoint vertex ram.mem_31_2_2__reg_p:D has negative slack
I20260802 12:21:54.078919 21632 StaDataPropagation.cc:61] the endpoint vertex ram.mem_36_2_2__reg_p:D has negative slack
I20260802 12:21:54.078984 21632 StaDataPropagation.cc:61] the endpoint vertex ram.mem_42_2_2__reg_p:D has negative slack
I20260802 12:21:54.079043 21632 StaDataPropagation.cc:61] the endpoint vertex ram.mem_47_2_2__reg_p:D has negative slack
I20260802 12:21:54.079103 21632 StaDataPropagation.cc:61] the endpoint vertex ram.mem_52_2_2__reg_p:D has negative slack
I20260802 12:21:54.079166 21632 StaDataPropagation.cc:61] the endpoint vertex ram.mem_58_2_2__reg_p:D has negative slack
I20260802 12:21:54.079208 21632 StaDataPropagation.cc:61] the endpoint vertex ram.mem_63_2_2__reg_p:D has negative slack
I20260802 12:21:54.079276 21632 StaDataPropagation.cc:61] the endpoint vertex ram.mem_13_0_1__reg_p:D has negative slack
I20260802 12:21:54.079340 21632 StaDataPropagation.cc:61] the endpoint vertex ram.mem_18_0_1__reg_p:D has negative slack
I20260802 12:21:54.079404 21632 StaDataPropagation.cc:61] the endpoint vertex ram.mem_4_0_1__reg_p:D has negative slack
I20260802 12:21:54.079468 21632 StaDataPropagation.cc:61] the endpoint vertex ram.mem_9_0_1__reg_p:D has negative slack
I20260802 12:21:54.079532 21632 StaDataPropagation.cc:61] the endpoint vertex ram.mem_150_0_1__reg_p:D has negative slack
I20260802 12:21:54.079577 21632 StaDataPropagation.cc:61] the endpoint vertex ram.mem_155_0_1__reg_p:D has negative slack
I20260802 12:21:54.079634 21632 StaDataPropagation.cc:61] the endpoint vertex ram.mem_160_0_1__reg_p:D has negative slack
I20260802 12:21:54.079679 21632 StaDataPropagation.cc:61] the endpoint vertex ram.mem_165_0_1__reg_p:D has negative slack
I20260802 12:21:54.079743 21632 StaDataPropagation.cc:61] the endpoint vertex ram.mem_170_0_1__reg_p:D has negative slack
I20260802 12:21:54.079878 21632 StaDataPropagation.cc:61] the endpoint vertex ram.mem_175_0_1__reg_p:D has negative slack
I20260802 12:21:54.079962 21632 StaDataPropagation.cc:61] the endpoint vertex ram.mem_180_0_1__reg_p:D has negative slack
I20260802 12:21:54.080031 21632 StaDataPropagation.cc:61] the endpoint vertex ram.mem_185_0_1__reg_p:D has negative slack
I20260802 12:21:54.080076 21632 StaDataPropagation.cc:61] the endpoint vertex ram.mem_191_0_1__reg_p:D has negative slack
I20260802 12:21:54.080143 21632 StaDataPropagation.cc:61] the endpoint vertex ram.mem_197_0_1__reg_p:D has negative slack
I20260802 12:21:54.080189 21632 StaDataPropagation.cc:61] the endpoint vertex ram.mem_205_0_1__reg_p:D has negative slack
I20260802 12:21:54.080252 21632 StaDataPropagation.cc:61] the endpoint vertex ram.mem_211_0_1__reg_p:D has negative slack
I20260802 12:21:54.080298 21632 StaDataPropagation.cc:61] the endpoint vertex ram.mem_217_0_1__reg_p:D has negative slack
I20260802 12:21:54.080356 21632 StaDataPropagation.cc:61] the endpoint vertex ram.mem_226_0_1__reg_p:D has negative slack
I20260802 12:21:54.080423 21632 StaDataPropagation.cc:61] the endpoint vertex ram.mem_231_0_1__reg_p:D has negative slack
I20260802 12:21:54.080488 21632 StaDataPropagation.cc:61] the endpoint vertex ram.mem_236_0_1__reg_p:D has negative slack
I20260802 12:21:54.080550 21632 StaDataPropagation.cc:61] the endpoint vertex ram.mem_242_0_1__reg_p:D has negative slack
I20260802 12:21:54.080596 21632 StaDataPropagation.cc:61] the endpoint vertex ram.mem_247_0_1__reg_p:D has negative slack
I20260802 12:21:54.080650 21632 StaDataPropagation.cc:61] the endpoint vertex ram.mem_252_0_1__reg_p:D has negative slack
I20260802 12:21:54.080719 21632 StaDataPropagation.cc:61] the endpoint vertex ram.mem_23_0_1__reg_p:D has negative slack
I20260802 12:21:54.080763 21632 StaDataPropagation.cc:61] the endpoint vertex ram.mem_29_0_1__reg_p:D has negative slack
I20260802 12:21:54.080827 21632 StaDataPropagation.cc:61] the endpoint vertex ram.mem_35_0_1__reg_p:D has negative slack
I20260802 12:21:54.080919 21632 StaDataPropagation.cc:61] the endpoint vertex ram.mem_40_0_1__reg_p:D has negative slack
I20260802 12:21:54.080998 21632 StaDataPropagation.cc:61] the endpoint vertex ram.mem_45_0_1__reg_p:D has negative slack
I20260802 12:21:54.081063 21632 StaDataPropagation.cc:61] the endpoint vertex ram.mem_50_0_1__reg_p:D has negative slack
I20260802 12:21:54.081130 21632 StaDataPropagation.cc:61] the endpoint vertex ram.mem_55_0_1__reg_p:D has negative slack
I20260802 12:21:54.081202 21632 StaDataPropagation.cc:61] the endpoint vertex ram.mem_60_0_1__reg_p:D has negative slack
I20260802 12:21:54.081285 21632 StaDataPropagation.cc:61] the endpoint vertex ram.mem_65_0_1__reg_p:D has negative slack
I20260802 12:21:54.081357 21632 StaDataPropagation.cc:61] the endpoint vertex ram.mem_70_0_1__reg_p:D has negative slack
I20260802 12:21:54.081420 21632 StaDataPropagation.cc:61] the endpoint vertex ram.mem_75_0_1__reg_p:D has negative slack
I20260802 12:21:54.081480 21632 StaDataPropagation.cc:61] the endpoint vertex ram.mem_80_0_1__reg_p:D has negative slack
I20260802 12:21:54.081542 21632 StaDataPropagation.cc:61] the endpoint vertex ram.mem_86_0_1__reg_p:D has negative slack
I20260802 12:21:54.081606 21632 StaDataPropagation.cc:61] the endpoint vertex ram.mem_92_0_1__reg_p:D has negative slack
I20260802 12:21:54.081657 21632 StaDataPropagation.cc:61] the endpoint vertex ram.mem_101_0_1__reg_p:D has negative slack
I20260802 12:21:54.081713 21632 StaDataPropagation.cc:61] the endpoint vertex ram.mem_106_0_1__reg_p:D has negative slack
I20260802 12:21:54.081754 21632 StaDataPropagation.cc:61] the endpoint vertex ram.mem_111_0_1__reg_p:D has negative slack
I20260802 12:21:54.081811 21632 StaDataPropagation.cc:61] the endpoint vertex ram.mem_116_0_1__reg_p:D has negative slack
I20260802 12:21:54.081876 21632 StaDataPropagation.cc:61] the endpoint vertex ram.mem_97_0_1__reg_p:D has negative slack
I20260802 12:21:54.081943 21632 StaDataPropagation.cc:61] the endpoint vertex ram.mem_122_0_1__reg_p:D has negative slack
I20260802 12:21:54.082047 21632 StaDataPropagation.cc:61] the endpoint vertex ram.mem_128_0_1__reg_p:D has negative slack
I20260802 12:21:54.082129 21632 StaDataPropagation.cc:61] the endpoint vertex ram.mem_134_0_1__reg_p:D has negative slack
I20260802 12:21:54.082214 21632 StaDataPropagation.cc:61] the endpoint vertex ram.mem_139_0_1__reg_p:D has negative slack
I20260802 12:21:54.082283 21632 StaDataPropagation.cc:61] the endpoint vertex ram.mem_144_0_1__reg_p:D has negative slack
I20260802 12:21:54.082365 21632 StaDataPropagation.cc:61] the endpoint vertex ram.mem_15_2_6__reg_p:D has negative slack
I20260802 12:21:54.082434 21632 StaDataPropagation.cc:61] the endpoint vertex ram.mem_20_2_6__reg_p:D has negative slack
I20260802 12:21:54.082502 21632 StaDataPropagation.cc:61] the endpoint vertex ram.mem_25_2_6__reg_p:D has negative slack
I20260802 12:21:54.082567 21632 StaDataPropagation.cc:61] the endpoint vertex ram.mem_38_2_6__reg_p:D has negative slack
I20260802 12:21:54.082634 21632 StaDataPropagation.cc:61] the endpoint vertex ram.mem_67_2_6__reg_p:D has negative slack
I20260802 12:21:54.082695 21632 StaDataPropagation.cc:61] the endpoint vertex ram.mem_72_2_6__reg_p:D has negative slack
I20260802 12:21:54.082741 21632 StaDataPropagation.cc:61] the endpoint vertex ram.mem_77_2_6__reg_p:D has negative slack
I20260802 12:21:54.082803 21632 StaDataPropagation.cc:61] the endpoint vertex ram.mem_82_2_6__reg_p:D has negative slack
I20260802 12:21:54.082844 21632 StaDataPropagation.cc:61] the endpoint vertex ram.mem_87_2_6__reg_p:D has negative slack
I20260802 12:21:54.082897 21632 StaDataPropagation.cc:61] the endpoint vertex ram.mem_92_2_6__reg_p:D has negative slack
I20260802 12:21:54.082937 21632 StaDataPropagation.cc:61] the endpoint vertex ram.mem_97_2_6__reg_p:D has negative slack
I20260802 12:21:54.082996 21632 StaDataPropagation.cc:61] the endpoint vertex ram.mem_102_2_6__reg_p:D has negative slack
I20260802 12:21:54.083056 21632 StaDataPropagation.cc:61] the endpoint vertex ram.mem_107_2_6__reg_p:D has negative slack
I20260802 12:21:54.083175 21632 StaDataPropagation.cc:61] the endpoint vertex ram.mem_112_2_6__reg_p:D has negative slack
I20260802 12:21:54.083237 21632 StaDataPropagation.cc:61] the endpoint vertex ram.mem_117_2_6__reg_p:D has negative slack
I20260802 12:21:54.083300 21632 StaDataPropagation.cc:61] the endpoint vertex ram.mem_122_2_6__reg_p:D has negative slack
I20260802 12:21:54.083365 21632 StaDataPropagation.cc:61] the endpoint vertex ram.mem_127_2_6__reg_p:D has negative slack
I20260802 12:21:54.083426 21632 StaDataPropagation.cc:61] the endpoint vertex ram.mem_133_2_6__reg_p:D has negative slack
I20260802 12:21:54.083487 21632 StaDataPropagation.cc:61] the endpoint vertex ram.mem_138_2_6__reg_p:D has negative slack
I20260802 12:21:54.083546 21632 StaDataPropagation.cc:61] the endpoint vertex ram.mem_144_2_6__reg_p:D has negative slack
I20260802 12:21:54.083607 21632 StaDataPropagation.cc:61] the endpoint vertex ram.mem_150_2_6__reg_p:D has negative slack
I20260802 12:21:54.083673 21632 StaDataPropagation.cc:61] the endpoint vertex ram.mem_160_2_6__reg_p:D has negative slack
I20260802 12:21:54.083734 21632 StaDataPropagation.cc:61] the endpoint vertex ram.mem_166_2_6__reg_p:D has negative slack
I20260802 12:21:54.083811 21632 StaDataPropagation.cc:61] the endpoint vertex ram.mem_172_2_6__reg_p:D has negative slack
I20260802 12:21:54.083882 21632 StaDataPropagation.cc:61] the endpoint vertex ram.mem_178_2_6__reg_p:D has negative slack
I20260802 12:21:54.083966 21632 StaDataPropagation.cc:61] the endpoint vertex ram.mem_183_2_6__reg_p:D has negative slack
I20260802 12:21:54.084029 21632 StaDataPropagation.cc:61] the endpoint vertex ram.mem_189_2_6__reg_p:D has negative slack
I20260802 12:21:54.084089 21632 StaDataPropagation.cc:61] the endpoint vertex ram.mem_194_2_6__reg_p:D has negative slack
I20260802 12:21:54.084205 21632 StaDataPropagation.cc:61] the endpoint vertex ram.mem_199_2_6__reg_p:D has negative slack
I20260802 12:21:54.084268 21632 StaDataPropagation.cc:61] the endpoint vertex ram.mem_204_2_6__reg_p:D has negative slack
I20260802 12:21:54.084333 21632 StaDataPropagation.cc:61] the endpoint vertex ram.mem_209_2_6__reg_p:D has negative slack
I20260802 12:21:54.084394 21632 StaDataPropagation.cc:61] the endpoint vertex ram.mem_214_2_6__reg_p:D has negative slack
I20260802 12:21:54.084455 21632 StaDataPropagation.cc:61] the endpoint vertex ram.mem_219_2_6__reg_p:D has negative slack
I20260802 12:21:54.084513 21632 StaDataPropagation.cc:61] the endpoint vertex ram.mem_224_2_6__reg_p:D has negative slack
I20260802 12:21:54.084573 21632 StaDataPropagation.cc:61] the endpoint vertex ram.mem_229_2_6__reg_p:D has negative slack
I20260802 12:21:54.084636 21632 StaDataPropagation.cc:61] the endpoint vertex ram.mem_234_2_6__reg_p:D has negative slack
I20260802 12:21:54.084697 21632 StaDataPropagation.cc:61] the endpoint vertex ram.mem_239_2_6__reg_p:D has negative slack
I20260802 12:21:54.084760 21632 StaDataPropagation.cc:61] the endpoint vertex ram.mem_244_2_6__reg_p:D has negative slack
I20260802 12:21:54.084836 21632 StaDataPropagation.cc:61] the endpoint vertex ram.mem_249_2_6__reg_p:D has negative slack
I20260802 12:21:54.084889 21632 StaDataPropagation.cc:61] the endpoint vertex ram.mem_254_2_6__reg_p:D has negative slack
I20260802 12:21:54.084973 21632 StaDataPropagation.cc:61] the endpoint vertex ram.mem_33_2_6__reg_p:D has negative slack
I20260802 12:21:54.085044 21632 StaDataPropagation.cc:61] the endpoint vertex ram.mem_39_2_6__reg_p:D has negative slack
I20260802 12:21:54.085088 21632 StaDataPropagation.cc:61] the endpoint vertex ram.mem_44_2_6__reg_p:D has negative slack
I20260802 12:21:54.085144 21632 StaDataPropagation.cc:61] the endpoint vertex ram.mem_49_2_6__reg_p:D has negative slack
I20260802 12:21:54.085207 21632 StaDataPropagation.cc:61] the endpoint vertex ram.mem_55_2_6__reg_p:D has negative slack
I20260802 12:21:54.085248 21632 StaDataPropagation.cc:61] the endpoint vertex ram.mem_60_2_6__reg_p:D has negative slack
I20260802 12:21:54.085306 21632 StaDataPropagation.cc:61] the endpoint vertex ram.mem_129_2_6__reg_p:D has negative slack
I20260802 12:21:54.085384 21632 StaDataPropagation.cc:61] the endpoint vertex ram.mem_152_2_6__reg_p:D has negative slack
I20260802 12:21:54.085425 21632 StaDataPropagation.cc:61] the endpoint vertex ram.mem_161_2_6__reg_p:D has negative slack
I20260802 12:21:54.085480 21632 StaDataPropagation.cc:61] the endpoint vertex ram.mem_2_2_6__reg_p:D has negative slack
I20260802 12:21:54.085546 21632 StaDataPropagation.cc:61] the endpoint vertex ram.mem_7_2_6__reg_p:D has negative slack
I20260802 12:21:54.085624 21632 StaDataPropagation.cc:61] the endpoint vertex ram.mem_12_2_7__reg_p:D has negative slack
I20260802 12:21:54.085683 21632 StaDataPropagation.cc:61] the endpoint vertex ram.mem_153_2_7__reg_p:D has negative slack
I20260802 12:21:54.085741 21632 StaDataPropagation.cc:61] the endpoint vertex ram.mem_171_2_7__reg_p:D has negative slack
I20260802 12:21:54.085803 21632 StaDataPropagation.cc:61] the endpoint vertex ram.mem_3_2_7__reg_p:D has negative slack
I20260802 12:21:54.085863 21632 StaDataPropagation.cc:61] the endpoint vertex ram.mem_8_2_7__reg_p:D has negative slack
I20260802 12:21:54.085928 21632 StaDataPropagation.cc:61] the endpoint vertex ram.mem_15_2_7__reg_p:D has negative slack
I20260802 12:21:54.086024 21632 StaDataPropagation.cc:61] the endpoint vertex ram.mem_20_2_7__reg_p:D has negative slack
I20260802 12:21:54.086088 21632 StaDataPropagation.cc:61] the endpoint vertex ram.mem_25_2_7__reg_p:D has negative slack
I20260802 12:21:54.086150 21632 StaDataPropagation.cc:61] the endpoint vertex ram.mem_38_2_7__reg_p:D has negative slack
I20260802 12:21:54.086215 21632 StaDataPropagation.cc:61] the endpoint vertex ram.mem_67_2_7__reg_p:D has negative slack
I20260802 12:21:54.086277 21632 StaDataPropagation.cc:61] the endpoint vertex ram.mem_72_2_7__reg_p:D has negative slack
I20260802 12:21:54.086341 21632 StaDataPropagation.cc:61] the endpoint vertex ram.mem_77_2_7__reg_p:D has negative slack
I20260802 12:21:54.086402 21632 StaDataPropagation.cc:61] the endpoint vertex ram.mem_82_2_7__reg_p:D has negative slack
I20260802 12:21:54.086462 21632 StaDataPropagation.cc:61] the endpoint vertex ram.mem_87_2_7__reg_p:D has negative slack
I20260802 12:21:54.086521 21632 StaDataPropagation.cc:61] the endpoint vertex ram.mem_92_2_7__reg_p:D has negative slack
I20260802 12:21:54.086584 21632 StaDataPropagation.cc:61] the endpoint vertex ram.mem_97_2_7__reg_p:D has negative slack
I20260802 12:21:54.086649 21632 StaDataPropagation.cc:61] the endpoint vertex ram.mem_102_2_7__reg_p:D has negative slack
I20260802 12:21:54.086709 21632 StaDataPropagation.cc:61] the endpoint vertex ram.mem_107_2_7__reg_p:D has negative slack
I20260802 12:21:54.086782 21632 StaDataPropagation.cc:61] the endpoint vertex ram.mem_112_2_7__reg_p:D has negative slack
I20260802 12:21:54.086843 21632 StaDataPropagation.cc:61] the endpoint vertex ram.mem_117_2_7__reg_p:D has negative slack
I20260802 12:21:54.086903 21632 StaDataPropagation.cc:61] the endpoint vertex ram.mem_122_2_7__reg_p:D has negative slack
I20260802 12:21:54.086968 21632 StaDataPropagation.cc:61] the endpoint vertex ram.mem_127_2_7__reg_p:D has negative slack
I20260802 12:21:54.087028 21632 StaDataPropagation.cc:61] the endpoint vertex ram.mem_133_2_7__reg_p:D has negative slack
I20260802 12:21:54.087090 21632 StaDataPropagation.cc:61] the endpoint vertex ram.mem_138_2_7__reg_p:D has negative slack
I20260802 12:21:54.087153 21632 StaDataPropagation.cc:61] the endpoint vertex ram.mem_144_2_7__reg_p:D has negative slack
I20260802 12:21:54.087215 21632 StaDataPropagation.cc:61] the endpoint vertex ram.mem_150_2_7__reg_p:D has negative slack
I20260802 12:21:54.087280 21632 StaDataPropagation.cc:61] the endpoint vertex ram.mem_160_2_7__reg_p:D has negative slack
I20260802 12:21:54.087338 21632 StaDataPropagation.cc:61] the endpoint vertex ram.mem_166_2_7__reg_p:D has negative slack
I20260802 12:21:54.087378 21632 StaDataPropagation.cc:61] the endpoint vertex ram.mem_172_2_7__reg_p:D has negative slack
I20260802 12:21:54.087450 21632 StaDataPropagation.cc:61] the endpoint vertex ram.mem_178_2_7__reg_p:D has negative slack
I20260802 12:21:54.087515 21632 StaDataPropagation.cc:61] the endpoint vertex ram.mem_183_2_7__reg_p:D has negative slack
I20260802 12:21:54.087575 21632 StaDataPropagation.cc:61] the endpoint vertex ram.mem_189_2_7__reg_p:D has negative slack
I20260802 12:21:54.087638 21632 StaDataPropagation.cc:61] the endpoint vertex ram.mem_194_2_7__reg_p:D has negative slack
I20260802 12:21:54.087708 21632 StaDataPropagation.cc:61] the endpoint vertex ram.mem_199_2_7__reg_p:D has negative slack
I20260802 12:21:54.087792 21632 StaDataPropagation.cc:61] the endpoint vertex ram.mem_204_2_7__reg_p:D has negative slack
I20260802 12:21:54.087857 21632 StaDataPropagation.cc:61] the endpoint vertex ram.mem_209_2_7__reg_p:D has negative slack
I20260802 12:21:54.087929 21632 StaDataPropagation.cc:61] the endpoint vertex ram.mem_214_2_7__reg_p:D has negative slack
I20260802 12:21:54.088001 21632 StaDataPropagation.cc:61] the endpoint vertex ram.mem_219_2_7__reg_p:D has negative slack
I20260802 12:21:54.088059 21632 StaDataPropagation.cc:61] the endpoint vertex ram.mem_224_2_7__reg_p:D has negative slack
I20260802 12:21:54.088121 21632 StaDataPropagation.cc:61] the endpoint vertex ram.mem_229_2_7__reg_p:D has negative slack
I20260802 12:21:54.088186 21632 StaDataPropagation.cc:61] the endpoint vertex ram.mem_234_2_7__reg_p:D has negative slack
I20260802 12:21:54.088248 21632 StaDataPropagation.cc:61] the endpoint vertex ram.mem_239_2_7__reg_p:D has negative slack
I20260802 12:21:54.088305 21632 StaDataPropagation.cc:61] the endpoint vertex ram.mem_244_2_7__reg_p:D has negative slack
I20260802 12:21:54.088364 21632 StaDataPropagation.cc:61] the endpoint vertex ram.mem_249_2_7__reg_p:D has negative slack
I20260802 12:21:54.088424 21632 StaDataPropagation.cc:61] the endpoint vertex ram.mem_254_2_7__reg_p:D has negative slack
I20260802 12:21:54.088485 21632 StaDataPropagation.cc:61] the endpoint vertex ram.mem_33_2_7__reg_p:D has negative slack
I20260802 12:21:54.088547 21632 StaDataPropagation.cc:61] the endpoint vertex ram.mem_39_2_7__reg_p:D has negative slack
I20260802 12:21:54.088608 21632 StaDataPropagation.cc:61] the endpoint vertex ram.mem_44_2_7__reg_p:D has negative slack
I20260802 12:21:54.088668 21632 StaDataPropagation.cc:61] the endpoint vertex ram.mem_49_2_7__reg_p:D has negative slack
I20260802 12:21:54.088727 21632 StaDataPropagation.cc:61] the endpoint vertex ram.mem_55_2_7__reg_p:D has negative slack
I20260802 12:21:54.088800 21632 StaDataPropagation.cc:61] the endpoint vertex ram.mem_60_2_7__reg_p:D has negative slack
I20260802 12:21:54.088887 21632 StaDataPropagation.cc:61] the endpoint vertex ram.mem_1_0_3__reg_p:D has negative slack
I20260802 12:21:54.088953 21632 StaDataPropagation.cc:61] the endpoint vertex ram.mem_6_0_3__reg_p:D has negative slack
I20260802 12:21:54.089015 21632 StaDataPropagation.cc:61] the endpoint vertex ram.mem_11_0_3__reg_p:D has negative slack
I20260802 12:21:54.089077 21632 StaDataPropagation.cc:61] the endpoint vertex ram.mem_16_0_3__reg_p:D has negative slack
I20260802 12:21:54.089140 21632 StaDataPropagation.cc:61] the endpoint vertex ram.mem_21_0_3__reg_p:D has negative slack
I20260802 12:21:54.089205 21632 StaDataPropagation.cc:61] the endpoint vertex ram.mem_26_0_3__reg_p:D has negative slack
I20260802 12:21:54.089265 21632 StaDataPropagation.cc:61] the endpoint vertex ram.mem_31_0_3__reg_p:D has negative slack
I20260802 12:21:54.089329 21632 StaDataPropagation.cc:61] the endpoint vertex ram.mem_36_0_3__reg_p:D has negative slack
I20260802 12:21:54.089391 21632 StaDataPropagation.cc:61] the endpoint vertex ram.mem_41_0_3__reg_p:D has negative slack
I20260802 12:21:54.089452 21632 StaDataPropagation.cc:61] the endpoint vertex ram.mem_46_0_3__reg_p:D has negative slack
I20260802 12:21:54.089514 21632 StaDataPropagation.cc:61] the endpoint vertex ram.mem_51_0_3__reg_p:D has negative slack
I20260802 12:21:54.089576 21632 StaDataPropagation.cc:61] the endpoint vertex ram.mem_56_0_3__reg_p:D has negative slack
I20260802 12:21:54.089650 21632 StaDataPropagation.cc:61] the endpoint vertex ram.mem_62_0_3__reg_p:D has negative slack
I20260802 12:21:54.089692 21632 StaDataPropagation.cc:61] the endpoint vertex ram.mem_68_0_3__reg_p:D has negative slack
I20260802 12:21:54.089744 21632 StaDataPropagation.cc:61] the endpoint vertex ram.mem_73_0_3__reg_p:D has negative slack
I20260802 12:21:54.089808 21632 StaDataPropagation.cc:61] the endpoint vertex ram.mem_78_0_3__reg_p:D has negative slack
I20260802 12:21:54.089874 21632 StaDataPropagation.cc:61] the endpoint vertex ram.mem_83_0_3__reg_p:D has negative slack
I20260802 12:21:54.089954 21632 StaDataPropagation.cc:61] the endpoint vertex ram.mem_104_0_3__reg_p:D has negative slack
I20260802 12:21:54.090031 21632 StaDataPropagation.cc:61] the endpoint vertex ram.mem_85_0_3__reg_p:D has negative slack
I20260802 12:21:54.090073 21632 StaDataPropagation.cc:61] the endpoint vertex ram.mem_90_0_3__reg_p:D has negative slack
I20260802 12:21:54.090129 21632 StaDataPropagation.cc:61] the endpoint vertex ram.mem_95_0_3__reg_p:D has negative slack
I20260802 12:21:54.090193 21632 StaDataPropagation.cc:61] the endpoint vertex ram.mem_108_0_3__reg_p:D has negative slack
I20260802 12:21:54.090255 21632 StaDataPropagation.cc:61] the endpoint vertex ram.mem_113_0_3__reg_p:D has negative slack
I20260802 12:21:54.090319 21632 StaDataPropagation.cc:61] the endpoint vertex ram.mem_118_0_3__reg_p:D has negative slack
I20260802 12:21:54.090379 21632 StaDataPropagation.cc:61] the endpoint vertex ram.mem_123_0_3__reg_p:D has negative slack
I20260802 12:21:54.090447 21632 StaDataPropagation.cc:61] the endpoint vertex ram.mem_128_0_3__reg_p:D has negative slack
I20260802 12:21:54.090519 21632 StaDataPropagation.cc:61] the endpoint vertex ram.mem_133_0_3__reg_p:D has negative slack
I20260802 12:21:54.090579 21632 StaDataPropagation.cc:61] the endpoint vertex ram.mem_138_0_3__reg_p:D has negative slack
I20260802 12:21:54.090638 21632 StaDataPropagation.cc:61] the endpoint vertex ram.mem_143_0_3__reg_p:D has negative slack
I20260802 12:21:54.090698 21632 StaDataPropagation.cc:61] the endpoint vertex ram.mem_148_0_3__reg_p:D has negative slack
I20260802 12:21:54.090756 21632 StaDataPropagation.cc:61] the endpoint vertex ram.mem_153_0_3__reg_p:D has negative slack
I20260802 12:21:54.090831 21632 StaDataPropagation.cc:61] the endpoint vertex ram.mem_158_0_3__reg_p:D has negative slack
I20260802 12:21:54.090893 21632 StaDataPropagation.cc:61] the endpoint vertex ram.mem_163_0_3__reg_p:D has negative slack
I20260802 12:21:54.090953 21632 StaDataPropagation.cc:61] the endpoint vertex ram.mem_168_0_3__reg_p:D has negative slack
I20260802 12:21:54.091014 21632 StaDataPropagation.cc:61] the endpoint vertex ram.mem_173_0_3__reg_p:D has negative slack
I20260802 12:21:54.091076 21632 StaDataPropagation.cc:61] the endpoint vertex ram.mem_178_0_3__reg_p:D has negative slack
I20260802 12:21:54.091141 21632 StaDataPropagation.cc:61] the endpoint vertex ram.mem_183_0_3__reg_p:D has negative slack
I20260802 12:21:54.091204 21632 StaDataPropagation.cc:61] the endpoint vertex ram.mem_188_0_3__reg_p:D has negative slack
I20260802 12:21:54.091266 21632 StaDataPropagation.cc:61] the endpoint vertex ram.mem_194_0_3__reg_p:D has negative slack
I20260802 12:21:54.091325 21632 StaDataPropagation.cc:61] the endpoint vertex ram.mem_199_0_3__reg_p:D has negative slack
I20260802 12:21:54.091385 21632 StaDataPropagation.cc:61] the endpoint vertex ram.mem_204_0_3__reg_p:D has negative slack
I20260802 12:21:54.091447 21632 StaDataPropagation.cc:61] the endpoint vertex ram.mem_210_0_3__reg_p:D has negative slack
I20260802 12:21:54.091506 21632 StaDataPropagation.cc:61] the endpoint vertex ram.mem_215_0_3__reg_p:D has negative slack
I20260802 12:21:54.091567 21632 StaDataPropagation.cc:61] the endpoint vertex ram.mem_221_0_3__reg_p:D has negative slack
I20260802 12:21:54.091629 21632 StaDataPropagation.cc:61] the endpoint vertex ram.mem_226_0_3__reg_p:D has negative slack
I20260802 12:21:54.091691 21632 StaDataPropagation.cc:61] the endpoint vertex ram.mem_231_0_3__reg_p:D has negative slack
I20260802 12:21:54.091763 21632 StaDataPropagation.cc:61] the endpoint vertex ram.mem_236_0_3__reg_p:D has negative slack
I20260802 12:21:54.091854 21632 StaDataPropagation.cc:61] the endpoint vertex ram.mem_241_0_3__reg_p:D has negative slack
I20260802 12:21:54.091935 21632 StaDataPropagation.cc:61] the endpoint vertex ram.mem_246_0_3__reg_p:D has negative slack
I20260802 12:21:54.092002 21632 StaDataPropagation.cc:61] the endpoint vertex ram.mem_251_0_3__reg_p:D has negative slack
I20260802 12:21:54.092074 21632 StaDataPropagation.cc:61] the endpoint vertex ram.mem_1_0_6__reg_p:D has negative slack
I20260802 12:21:54.092192 21632 StaDataPropagation.cc:61] the endpoint vertex ram.mem_216_0_6__reg_p:D has negative slack
I20260802 12:21:54.092257 21632 StaDataPropagation.cc:61] the endpoint vertex ram.mem_5_0_6__reg_p:D has negative slack
I20260802 12:21:54.092319 21632 StaDataPropagation.cc:61] the endpoint vertex ram.mem_10_0_6__reg_p:D has negative slack
I20260802 12:21:54.092360 21632 StaDataPropagation.cc:61] the endpoint vertex ram.mem_15_0_6__reg_p:D has negative slack
I20260802 12:21:54.092415 21632 StaDataPropagation.cc:61] the endpoint vertex ram.mem_20_0_6__reg_p:D has negative slack
I20260802 12:21:54.092476 21632 StaDataPropagation.cc:61] the endpoint vertex ram.mem_25_0_6__reg_p:D has negative slack
I20260802 12:21:54.092536 21632 StaDataPropagation.cc:61] the endpoint vertex ram.mem_30_0_6__reg_p:D has negative slack
I20260802 12:21:54.092598 21632 StaDataPropagation.cc:61] the endpoint vertex ram.mem_35_0_6__reg_p:D has negative slack
I20260802 12:21:54.092657 21632 StaDataPropagation.cc:61] the endpoint vertex ram.mem_40_0_6__reg_p:D has negative slack
I20260802 12:21:54.092717 21632 StaDataPropagation.cc:61] the endpoint vertex ram.mem_45_0_6__reg_p:D has negative slack
I20260802 12:21:54.092787 21632 StaDataPropagation.cc:61] the endpoint vertex ram.mem_50_0_6__reg_p:D has negative slack
I20260802 12:21:54.092846 21632 StaDataPropagation.cc:61] the endpoint vertex ram.mem_55_0_6__reg_p:D has negative slack
I20260802 12:21:54.092909 21632 StaDataPropagation.cc:61] the endpoint vertex ram.mem_60_0_6__reg_p:D has negative slack
I20260802 12:21:54.092967 21632 StaDataPropagation.cc:61] the endpoint vertex ram.mem_65_0_6__reg_p:D has negative slack
I20260802 12:21:54.093029 21632 StaDataPropagation.cc:61] the endpoint vertex ram.mem_70_0_6__reg_p:D has negative slack
I20260802 12:21:54.093091 21632 StaDataPropagation.cc:61] the endpoint vertex ram.mem_75_0_6__reg_p:D has negative slack
I20260802 12:21:54.093149 21632 StaDataPropagation.cc:61] the endpoint vertex ram.mem_80_0_6__reg_p:D has negative slack
I20260802 12:21:54.093214 21632 StaDataPropagation.cc:61] the endpoint vertex ram.mem_103_0_6__reg_p:D has negative slack
I20260802 12:21:54.093274 21632 StaDataPropagation.cc:61] the endpoint vertex ram.mem_84_0_6__reg_p:D has negative slack
I20260802 12:21:54.093333 21632 StaDataPropagation.cc:61] the endpoint vertex ram.mem_89_0_6__reg_p:D has negative slack
I20260802 12:21:54.093395 21632 StaDataPropagation.cc:61] the endpoint vertex ram.mem_94_0_6__reg_p:D has negative slack
I20260802 12:21:54.093456 21632 StaDataPropagation.cc:61] the endpoint vertex ram.mem_99_0_6__reg_p:D has negative slack
I20260802 12:21:54.093518 21632 StaDataPropagation.cc:61] the endpoint vertex ram.mem_111_0_6__reg_p:D has negative slack
I20260802 12:21:54.093578 21632 StaDataPropagation.cc:61] the endpoint vertex ram.mem_116_0_6__reg_p:D has negative slack
I20260802 12:21:54.093640 21632 StaDataPropagation.cc:61] the endpoint vertex ram.mem_121_0_6__reg_p:D has negative slack
I20260802 12:21:54.093703 21632 StaDataPropagation.cc:61] the endpoint vertex ram.mem_126_0_6__reg_p:D has negative slack
I20260802 12:21:54.093765 21632 StaDataPropagation.cc:61] the endpoint vertex ram.mem_132_0_6__reg_p:D has negative slack
I20260802 12:21:54.093837 21632 StaDataPropagation.cc:61] the endpoint vertex ram.mem_137_0_6__reg_p:D has negative slack
I20260802 12:21:54.093897 21632 StaDataPropagation.cc:61] the endpoint vertex ram.mem_142_0_6__reg_p:D has negative slack
I20260802 12:21:54.093969 21632 StaDataPropagation.cc:61] the endpoint vertex ram.mem_147_0_6__reg_p:D has negative slack
I20260802 12:21:54.094030 21632 StaDataPropagation.cc:61] the endpoint vertex ram.mem_152_0_6__reg_p:D has negative slack
I20260802 12:21:54.094067 21632 StaDataPropagation.cc:61] the endpoint vertex ram.mem_157_0_6__reg_p:D has negative slack
I20260802 12:21:54.094102 21632 StaDataPropagation.cc:61] the endpoint vertex ram.mem_162_0_6__reg_p:D has negative slack
I20260802 12:21:54.094154 21632 StaDataPropagation.cc:61] the endpoint vertex ram.mem_167_0_6__reg_p:D has negative slack
I20260802 12:21:54.094216 21632 StaDataPropagation.cc:61] the endpoint vertex ram.mem_172_0_6__reg_p:D has negative slack
I20260802 12:21:54.094280 21632 StaDataPropagation.cc:61] the endpoint vertex ram.mem_177_0_6__reg_p:D has negative slack
I20260802 12:21:54.094341 21632 StaDataPropagation.cc:61] the endpoint vertex ram.mem_182_0_6__reg_p:D has negative slack
I20260802 12:21:54.094400 21632 StaDataPropagation.cc:61] the endpoint vertex ram.mem_187_0_6__reg_p:D has negative slack
I20260802 12:21:54.094461 21632 StaDataPropagation.cc:61] the endpoint vertex ram.mem_192_0_6__reg_p:D has negative slack
I20260802 12:21:54.094522 21632 StaDataPropagation.cc:61] the endpoint vertex ram.mem_198_0_6__reg_p:D has negative slack
I20260802 12:21:54.094622 21632 StaDataPropagation.cc:61] the endpoint vertex ram.mem_203_0_6__reg_p:D has negative slack
I20260802 12:21:54.094686 21632 StaDataPropagation.cc:61] the endpoint vertex ram.mem_208_0_6__reg_p:D has negative slack
I20260802 12:21:54.094746 21632 StaDataPropagation.cc:61] the endpoint vertex ram.mem_214_0_6__reg_p:D has negative slack
I20260802 12:21:54.094810 21632 StaDataPropagation.cc:61] the endpoint vertex ram.mem_220_0_6__reg_p:D has negative slack
I20260802 12:21:54.094867 21632 StaDataPropagation.cc:61] the endpoint vertex ram.mem_225_0_6__reg_p:D has negative slack
I20260802 12:21:54.094929 21632 StaDataPropagation.cc:61] the endpoint vertex ram.mem_230_0_6__reg_p:D has negative slack
I20260802 12:21:54.094995 21632 StaDataPropagation.cc:61] the endpoint vertex ram.mem_235_0_6__reg_p:D has negative slack
I20260802 12:21:54.095055 21632 StaDataPropagation.cc:61] the endpoint vertex ram.mem_240_0_6__reg_p:D has negative slack
I20260802 12:21:54.095118 21632 StaDataPropagation.cc:61] the endpoint vertex ram.mem_245_0_6__reg_p:D has negative slack
I20260802 12:21:54.095180 21632 StaDataPropagation.cc:61] the endpoint vertex ram.mem_250_0_6__reg_p:D has negative slack
I20260802 12:21:54.095252 21632 StaDataPropagation.cc:61] the endpoint vertex ram.mem_0_2_0__reg_p:D has negative slack
I20260802 12:21:54.095315 21632 StaDataPropagation.cc:61] the endpoint vertex ram.mem_17_2_0__reg_p:D has negative slack
I20260802 12:21:54.095379 21632 StaDataPropagation.cc:61] the endpoint vertex ram.mem_22_2_0__reg_p:D has negative slack
I20260802 12:21:54.095441 21632 StaDataPropagation.cc:61] the endpoint vertex ram.mem_28_2_0__reg_p:D has negative slack
I20260802 12:21:54.095501 21632 StaDataPropagation.cc:61] the endpoint vertex ram.mem_64_2_0__reg_p:D has negative slack
I20260802 12:21:54.095563 21632 StaDataPropagation.cc:61] the endpoint vertex ram.mem_69_2_0__reg_p:D has negative slack
I20260802 12:21:54.095624 21632 StaDataPropagation.cc:61] the endpoint vertex ram.mem_74_2_0__reg_p:D has negative slack
I20260802 12:21:54.095688 21632 StaDataPropagation.cc:61] the endpoint vertex ram.mem_79_2_0__reg_p:D has negative slack
I20260802 12:21:54.095749 21632 StaDataPropagation.cc:61] the endpoint vertex ram.mem_84_2_0__reg_p:D has negative slack
I20260802 12:21:54.095813 21632 StaDataPropagation.cc:61] the endpoint vertex ram.mem_89_2_0__reg_p:D has negative slack
I20260802 12:21:54.095916 21632 StaDataPropagation.cc:61] the endpoint vertex ram.mem_94_2_0__reg_p:D has negative slack
I20260802 12:21:54.095994 21632 StaDataPropagation.cc:61] the endpoint vertex ram.mem_99_2_0__reg_p:D has negative slack
I20260802 12:21:54.096081 21632 StaDataPropagation.cc:61] the endpoint vertex ram.mem_104_2_0__reg_p:D has negative slack
I20260802 12:21:54.096143 21632 StaDataPropagation.cc:61] the endpoint vertex ram.mem_109_2_0__reg_p:D has negative slack
I20260802 12:21:54.096203 21632 StaDataPropagation.cc:61] the endpoint vertex ram.mem_114_2_0__reg_p:D has negative slack
I20260802 12:21:54.096266 21632 StaDataPropagation.cc:61] the endpoint vertex ram.mem_119_2_0__reg_p:D has negative slack
I20260802 12:21:54.096331 21632 StaDataPropagation.cc:61] the endpoint vertex ram.mem_124_2_0__reg_p:D has negative slack
I20260802 12:21:54.096391 21632 StaDataPropagation.cc:61] the endpoint vertex ram.mem_130_2_0__reg_p:D has negative slack
I20260802 12:21:54.096467 21632 StaDataPropagation.cc:61] the endpoint vertex ram.mem_135_2_0__reg_p:D has negative slack
I20260802 12:21:54.096529 21632 StaDataPropagation.cc:61] the endpoint vertex ram.mem_141_2_0__reg_p:D has negative slack
I20260802 12:21:54.096587 21632 StaDataPropagation.cc:61] the endpoint vertex ram.mem_147_2_0__reg_p:D has negative slack
I20260802 12:21:54.096654 21632 StaDataPropagation.cc:61] the endpoint vertex ram.mem_157_2_0__reg_p:D has negative slack
I20260802 12:21:54.096715 21632 StaDataPropagation.cc:61] the endpoint vertex ram.mem_163_2_0__reg_p:D has negative slack
I20260802 12:21:54.096779 21632 StaDataPropagation.cc:61] the endpoint vertex ram.mem_168_2_0__reg_p:D has negative slack
I20260802 12:21:54.096841 21632 StaDataPropagation.cc:61] the endpoint vertex ram.mem_174_2_0__reg_p:D has negative slack
I20260802 12:21:54.096884 21632 StaDataPropagation.cc:61] the endpoint vertex ram.mem_180_2_0__reg_p:D has negative slack
I20260802 12:21:54.096946 21632 StaDataPropagation.cc:61] the endpoint vertex ram.mem_185_2_0__reg_p:D has negative slack
I20260802 12:21:54.096988 21632 StaDataPropagation.cc:61] the endpoint vertex ram.mem_191_2_0__reg_p:D has negative slack
I20260802 12:21:54.097046 21632 StaDataPropagation.cc:61] the endpoint vertex ram.mem_196_2_0__reg_p:D has negative slack
I20260802 12:21:54.097110 21632 StaDataPropagation.cc:61] the endpoint vertex ram.mem_201_2_0__reg_p:D has negative slack
I20260802 12:21:54.097172 21632 StaDataPropagation.cc:61] the endpoint vertex ram.mem_206_2_0__reg_p:D has negative slack
I20260802 12:21:54.097239 21632 StaDataPropagation.cc:61] the endpoint vertex ram.mem_235_2_0__reg_p:D has negative slack
I20260802 12:21:54.097301 21632 StaDataPropagation.cc:61] the endpoint vertex ram.mem_240_2_0__reg_p:D has negative slack
I20260802 12:21:54.097362 21632 StaDataPropagation.cc:61] the endpoint vertex ram.mem_245_2_0__reg_p:D has negative slack
I20260802 12:21:54.097435 21632 StaDataPropagation.cc:61] the endpoint vertex ram.mem_250_2_0__reg_p:D has negative slack
I20260802 12:21:54.097496 21632 StaDataPropagation.cc:61] the endpoint vertex ram.mem_255_2_0__reg_p:D has negative slack
I20260802 12:21:54.097543 21632 StaDataPropagation.cc:61] the endpoint vertex ram.mem_212_2_0__reg_p:D has negative slack
I20260802 12:21:54.097595 21632 StaDataPropagation.cc:61] the endpoint vertex ram.mem_217_2_0__reg_p:D has negative slack
I20260802 12:21:54.097635 21632 StaDataPropagation.cc:61] the endpoint vertex ram.mem_222_2_0__reg_p:D has negative slack
I20260802 12:21:54.097692 21632 StaDataPropagation.cc:61] the endpoint vertex ram.mem_227_2_0__reg_p:D has negative slack
I20260802 12:21:54.097756 21632 StaDataPropagation.cc:61] the endpoint vertex ram.mem_27_2_0__reg_p:D has negative slack
I20260802 12:21:54.097819 21632 StaDataPropagation.cc:61] the endpoint vertex ram.mem_35_2_0__reg_p:D has negative slack
I20260802 12:21:54.097887 21632 StaDataPropagation.cc:61] the endpoint vertex ram.mem_41_2_0__reg_p:D has negative slack
I20260802 12:21:54.097947 21632 StaDataPropagation.cc:61] the endpoint vertex ram.mem_46_2_0__reg_p:D has negative slack
I20260802 12:21:54.098027 21632 StaDataPropagation.cc:61] the endpoint vertex ram.mem_51_2_0__reg_p:D has negative slack
I20260802 12:21:54.098089 21632 StaDataPropagation.cc:61] the endpoint vertex ram.mem_57_2_0__reg_p:D has negative slack
I20260802 12:21:54.098166 21632 StaDataPropagation.cc:61] the endpoint vertex ram.mem_62_2_0__reg_p:D has negative slack
I20260802 12:21:54.098234 21632 StaDataPropagation.cc:61] the endpoint vertex ram.mem_139_2_0__reg_p:D has negative slack
I20260802 12:21:54.098296 21632 StaDataPropagation.cc:61] the endpoint vertex ram.mem_154_2_0__reg_p:D has negative slack
I20260802 12:21:54.098358 21632 StaDataPropagation.cc:61] the endpoint vertex ram.mem_177_2_0__reg_p:D has negative slack
I20260802 12:21:54.098433 21632 StaDataPropagation.cc:61] the endpoint vertex ram.mem_4_2_0__reg_p:D has negative slack
I20260802 12:21:54.098495 21632 StaDataPropagation.cc:61] the endpoint vertex ram.mem_9_2_0__reg_p:D has negative slack
I20260802 12:21:54.098546 21632 StaDataPropagation.cc:61] the endpoint vertex ram.mem_145_2_1__reg_p:D has negative slack
I20260802 12:21:54.098598 21632 StaDataPropagation.cc:61] the endpoint vertex ram.mem_155_2_1__reg_p:D has negative slack
I20260802 12:21:54.098657 21632 StaDataPropagation.cc:61] the endpoint vertex ram.mem_187_2_1__reg_p:D has negative slack
I20260802 12:21:54.098719 21632 StaDataPropagation.cc:61] the endpoint vertex ram.mem_5_2_1__reg_p:D has negative slack
I20260802 12:21:54.098783 21632 StaDataPropagation.cc:61] the endpoint vertex ram.mem_0_2_1__reg_p:D has negative slack
I20260802 12:21:54.098846 21632 StaDataPropagation.cc:61] the endpoint vertex ram.mem_17_2_1__reg_p:D has negative slack
I20260802 12:21:54.098907 21632 StaDataPropagation.cc:61] the endpoint vertex ram.mem_22_2_1__reg_p:D has negative slack
I20260802 12:21:54.098968 21632 StaDataPropagation.cc:61] the endpoint vertex ram.mem_28_2_1__reg_p:D has negative slack
I20260802 12:21:54.099030 21632 StaDataPropagation.cc:61] the endpoint vertex ram.mem_64_2_1__reg_p:D has negative slack
I20260802 12:21:54.099092 21632 StaDataPropagation.cc:61] the endpoint vertex ram.mem_69_2_1__reg_p:D has negative slack
I20260802 12:21:54.099152 21632 StaDataPropagation.cc:61] the endpoint vertex ram.mem_74_2_1__reg_p:D has negative slack
I20260802 12:21:54.099215 21632 StaDataPropagation.cc:61] the endpoint vertex ram.mem_79_2_1__reg_p:D has negative slack
I20260802 12:21:54.099274 21632 StaDataPropagation.cc:61] the endpoint vertex ram.mem_84_2_1__reg_p:D has negative slack
I20260802 12:21:54.099334 21632 StaDataPropagation.cc:61] the endpoint vertex ram.mem_89_2_1__reg_p:D has negative slack
I20260802 12:21:54.099393 21632 StaDataPropagation.cc:61] the endpoint vertex ram.mem_94_2_1__reg_p:D has negative slack
I20260802 12:21:54.099454 21632 StaDataPropagation.cc:61] the endpoint vertex ram.mem_99_2_1__reg_p:D has negative slack
I20260802 12:21:54.099517 21632 StaDataPropagation.cc:61] the endpoint vertex ram.mem_104_2_1__reg_p:D has negative slack
I20260802 12:21:54.099576 21632 StaDataPropagation.cc:61] the endpoint vertex ram.mem_109_2_1__reg_p:D has negative slack
I20260802 12:21:54.099637 21632 StaDataPropagation.cc:61] the endpoint vertex ram.mem_114_2_1__reg_p:D has negative slack
I20260802 12:21:54.099697 21632 StaDataPropagation.cc:61] the endpoint vertex ram.mem_119_2_1__reg_p:D has negative slack
I20260802 12:21:54.099757 21632 StaDataPropagation.cc:61] the endpoint vertex ram.mem_124_2_1__reg_p:D has negative slack
I20260802 12:21:54.099818 21632 StaDataPropagation.cc:61] the endpoint vertex ram.mem_130_2_1__reg_p:D has negative slack
I20260802 12:21:54.099877 21632 StaDataPropagation.cc:61] the endpoint vertex ram.mem_135_2_1__reg_p:D has negative slack
I20260802 12:21:54.099936 21632 StaDataPropagation.cc:61] the endpoint vertex ram.mem_141_2_1__reg_p:D has negative slack
I20260802 12:21:54.099997 21632 StaDataPropagation.cc:61] the endpoint vertex ram.mem_147_2_1__reg_p:D has negative slack
I20260802 12:21:54.100061 21632 StaDataPropagation.cc:61] the endpoint vertex ram.mem_157_2_1__reg_p:D has negative slack
I20260802 12:21:54.100122 21632 StaDataPropagation.cc:61] the endpoint vertex ram.mem_163_2_1__reg_p:D has negative slack
I20260802 12:21:54.100183 21632 StaDataPropagation.cc:61] the endpoint vertex ram.mem_168_2_1__reg_p:D has negative slack
I20260802 12:21:54.100253 21632 StaDataPropagation.cc:61] the endpoint vertex ram.mem_174_2_1__reg_p:D has negative slack
I20260802 12:21:54.100312 21632 StaDataPropagation.cc:61] the endpoint vertex ram.mem_180_2_1__reg_p:D has negative slack
I20260802 12:21:54.100373 21632 StaDataPropagation.cc:61] the endpoint vertex ram.mem_185_2_1__reg_p:D has negative slack
I20260802 12:21:54.100445 21632 StaDataPropagation.cc:61] the endpoint vertex ram.mem_191_2_1__reg_p:D has negative slack
I20260802 12:21:54.100505 21632 StaDataPropagation.cc:61] the endpoint vertex ram.mem_196_2_1__reg_p:D has negative slack
I20260802 12:21:54.100566 21632 StaDataPropagation.cc:61] the endpoint vertex ram.mem_201_2_1__reg_p:D has negative slack
I20260802 12:21:54.100625 21632 StaDataPropagation.cc:61] the endpoint vertex ram.mem_206_2_1__reg_p:D has negative slack
I20260802 12:21:54.100685 21632 StaDataPropagation.cc:61] the endpoint vertex ram.mem_211_2_1__reg_p:D has negative slack
I20260802 12:21:54.100744 21632 StaDataPropagation.cc:61] the endpoint vertex ram.mem_216_2_1__reg_p:D has negative slack
I20260802 12:21:54.100802 21632 StaDataPropagation.cc:61] the endpoint vertex ram.mem_221_2_1__reg_p:D has negative slack
I20260802 12:21:54.100862 21632 StaDataPropagation.cc:61] the endpoint vertex ram.mem_226_2_1__reg_p:D has negative slack
I20260802 12:21:54.100919 21632 StaDataPropagation.cc:61] the endpoint vertex ram.mem_231_2_1__reg_p:D has negative slack
I20260802 12:21:54.100981 21632 StaDataPropagation.cc:61] the endpoint vertex ram.mem_236_2_1__reg_p:D has negative slack
I20260802 12:21:54.101043 21632 StaDataPropagation.cc:61] the endpoint vertex ram.mem_241_2_1__reg_p:D has negative slack
I20260802 12:21:54.101102 21632 StaDataPropagation.cc:61] the endpoint vertex ram.mem_246_2_1__reg_p:D has negative slack
I20260802 12:21:54.101163 21632 StaDataPropagation.cc:61] the endpoint vertex ram.mem_251_2_1__reg_p:D has negative slack
I20260802 12:21:54.101224 21632 StaDataPropagation.cc:61] the endpoint vertex ram.mem_27_2_1__reg_p:D has negative slack
I20260802 12:21:54.101285 21632 StaDataPropagation.cc:61] the endpoint vertex ram.mem_35_2_1__reg_p:D has negative slack
I20260802 12:21:54.101351 21632 StaDataPropagation.cc:61] the endpoint vertex ram.mem_41_2_1__reg_p:D has negative slack
I20260802 12:21:54.101410 21632 StaDataPropagation.cc:61] the endpoint vertex ram.mem_46_2_1__reg_p:D has negative slack
I20260802 12:21:54.101482 21632 StaDataPropagation.cc:61] the endpoint vertex ram.mem_51_2_1__reg_p:D has negative slack
I20260802 12:21:54.101540 21632 StaDataPropagation.cc:61] the endpoint vertex ram.mem_57_2_1__reg_p:D has negative slack
I20260802 12:21:54.101599 21632 StaDataPropagation.cc:61] the endpoint vertex ram.mem_62_2_1__reg_p:D has negative slack
I20260802 12:21:54.101668 21632 StaDataPropagation.cc:61] the endpoint vertex ram.mem_193_0_1__reg_p:D has negative slack
I20260802 12:21:54.101732 21632 StaDataPropagation.cc:61] the endpoint vertex ram.mem_216_0_1__reg_p:D has negative slack
I20260802 12:21:54.101794 21632 StaDataPropagation.cc:61] the endpoint vertex ram.mem_238_0_1__reg_p:D has negative slack
I20260802 12:21:54.101856 21632 StaDataPropagation.cc:61] the endpoint vertex ram.mem_83_0_1__reg_p:D has negative slack
I20260802 12:21:54.101938 21632 StaDataPropagation.cc:61] the endpoint vertex cpu.idu.gpr.gpr_4_0__reg_p:D has negative slack
I20260802 12:21:54.102030 21632 StaDataPropagation.cc:61] the endpoint vertex cpu.idu.gpr.gpr_11_0__reg_p:D has negative slack
I20260802 12:21:54.102093 21632 StaDataPropagation.cc:61] the endpoint vertex cpu.idu.gpr.gpr_16_0__reg_p:D has negative slack
I20260802 12:21:54.102155 21632 StaDataPropagation.cc:61] the endpoint vertex cpu.idu.gpr.gpr_21_0__reg_p:D has negative slack
I20260802 12:21:54.102216 21632 StaDataPropagation.cc:61] the endpoint vertex cpu.idu.gpr.gpr_26_0__reg_p:D has negative slack
I20260802 12:21:54.102279 21632 StaDataPropagation.cc:61] the endpoint vertex cpu.idu.gpr.gpr_31_0__reg_p:D has negative slack
I20260802 12:21:54.102377 21632 StaDataPropagation.cc:61] the endpoint vertex cpu.idu.gpr.gpr_3_5__reg_p:D has negative slack
I20260802 12:21:54.102452 21632 StaDataPropagation.cc:61] the endpoint vertex cpu.idu.gpr.gpr_10_5__reg_p:D has negative slack
I20260802 12:21:54.102515 21632 StaDataPropagation.cc:61] the endpoint vertex cpu.idu.gpr.gpr_15_5__reg_p:D has negative slack
I20260802 12:21:54.102576 21632 StaDataPropagation.cc:61] the endpoint vertex cpu.idu.gpr.gpr_20_5__reg_p:D has negative slack
I20260802 12:21:54.102636 21632 StaDataPropagation.cc:61] the endpoint vertex cpu.idu.gpr.gpr_25_5__reg_p:D has negative slack
I20260802 12:21:54.102698 21632 StaDataPropagation.cc:61] the endpoint vertex cpu.idu.gpr.gpr_30_5__reg_p:D has negative slack
I20260802 12:21:54.102783 21632 StaDataPropagation.cc:61] the endpoint vertex cpu.idu.gpr.gpr_2_8__reg_p:D has negative slack
I20260802 12:21:54.102845 21632 StaDataPropagation.cc:61] the endpoint vertex cpu.idu.gpr.gpr_7_8__reg_p:D has negative slack
I20260802 12:21:54.102888 21632 StaDataPropagation.cc:61] the endpoint vertex cpu.idu.gpr.gpr_14_8__reg_p:D has negative slack
I20260802 12:21:54.102939 21632 StaDataPropagation.cc:61] the endpoint vertex cpu.idu.gpr.gpr_19_8__reg_p:D has negative slack
I20260802 12:21:54.102977 21632 StaDataPropagation.cc:61] the endpoint vertex cpu.idu.gpr.gpr_24_8__reg_p:D has negative slack
I20260802 12:21:54.103032 21632 StaDataPropagation.cc:61] the endpoint vertex cpu.idu.gpr.gpr_29_8__reg_p:D has negative slack
I20260802 12:21:54.103082 21632 StaDataPropagation.cc:61] the endpoint vertex cpu.idu.gpr.gpr_10_18__reg_p:D has negative slack
I20260802 12:21:54.103137 21632 StaDataPropagation.cc:61] the endpoint vertex cpu.idu.gpr.gpr_7_18__reg_p:D has negative slack
I20260802 12:21:54.103200 21632 StaDataPropagation.cc:61] the endpoint vertex cpu.idu.gpr.gpr_16_18__reg_p:D has negative slack
I20260802 12:21:54.103262 21632 StaDataPropagation.cc:61] the endpoint vertex cpu.idu.gpr.gpr_20_18__reg_p:D has negative slack
I20260802 12:21:54.103325 21632 StaDataPropagation.cc:61] the endpoint vertex cpu.idu.gpr.gpr_25_18__reg_p:D has negative slack
I20260802 12:21:54.103385 21632 StaDataPropagation.cc:61] the endpoint vertex cpu.idu.gpr.gpr_2_18__reg_p:D has negative slack
I20260802 12:21:54.103457 21632 StaDataPropagation.cc:61] the endpoint vertex cpu.idu.gpr.gpr_8_18__reg_p:D has negative slack
I20260802 12:21:54.103533 21632 StaDataPropagation.cc:61] the endpoint vertex cpu.idu.gpr.gpr_5_12__reg_p:D has negative slack
I20260802 12:21:54.103595 21632 StaDataPropagation.cc:61] the endpoint vertex cpu.idu.gpr.gpr_12_12__reg_p:D has negative slack
I20260802 12:21:54.103655 21632 StaDataPropagation.cc:61] the endpoint vertex cpu.idu.gpr.gpr_17_12__reg_p:D has negative slack
I20260802 12:21:54.103716 21632 StaDataPropagation.cc:61] the endpoint vertex cpu.idu.gpr.gpr_22_12__reg_p:D has negative slack
I20260802 12:21:54.103776 21632 StaDataPropagation.cc:61] the endpoint vertex cpu.idu.gpr.gpr_27_12__reg_p:D has negative slack
I20260802 12:21:54.103838 21632 StaDataPropagation.cc:61] the endpoint vertex cpu.idu.gpr.gpr_8_12__reg_p:D has negative slack
I20260802 12:21:54.103905 21632 StaDataPropagation.cc:61] the endpoint vertex cpu.idu.gpr.gpr_4_9__reg_p:D has negative slack
I20260802 12:21:54.103964 21632 StaDataPropagation.cc:61] the endpoint vertex cpu.idu.gpr.gpr_11_9__reg_p:D has negative slack
I20260802 12:21:54.104025 21632 StaDataPropagation.cc:61] the endpoint vertex cpu.idu.gpr.gpr_16_9__reg_p:D has negative slack
I20260802 12:21:54.104084 21632 StaDataPropagation.cc:61] the endpoint vertex cpu.idu.gpr.gpr_21_9__reg_p:D has negative slack
I20260802 12:21:54.104146 21632 StaDataPropagation.cc:61] the endpoint vertex cpu.idu.gpr.gpr_26_9__reg_p:D has negative slack
I20260802 12:21:54.104207 21632 StaDataPropagation.cc:61] the endpoint vertex cpu.idu.gpr.gpr_31_9__reg_p:D has negative slack
I20260802 12:21:54.104280 21632 StaDataPropagation.cc:61] the endpoint vertex cpu.idu.gpr.gpr_13_25__reg_p:D has negative slack
I20260802 12:21:54.104351 21632 StaDataPropagation.cc:61] the endpoint vertex cpu.idu.gpr.gpr_12_25__reg_p:D has negative slack
I20260802 12:21:54.104414 21632 StaDataPropagation.cc:61] the endpoint vertex cpu.idu.gpr.gpr_18_25__reg_p:D has negative slack
I20260802 12:21:54.104487 21632 StaDataPropagation.cc:61] the endpoint vertex cpu.idu.gpr.gpr_22_25__reg_p:D has negative slack
I20260802 12:21:54.104547 21632 StaDataPropagation.cc:61] the endpoint vertex cpu.idu.gpr.gpr_27_25__reg_p:D has negative slack
I20260802 12:21:54.104607 21632 StaDataPropagation.cc:61] the endpoint vertex cpu.idu.gpr.gpr_31_25__reg_p:D has negative slack
I20260802 12:21:54.104683 21632 StaDataPropagation.cc:61] the endpoint vertex cpu.idu.gpr.gpr_2_29__reg_p:D has negative slack
I20260802 12:21:54.104743 21632 StaDataPropagation.cc:61] the endpoint vertex cpu.idu.gpr.gpr_7_29__reg_p:D has negative slack
I20260802 12:21:54.104805 21632 StaDataPropagation.cc:61] the endpoint vertex cpu.idu.gpr.gpr_14_29__reg_p:D has negative slack
I20260802 12:21:54.104866 21632 StaDataPropagation.cc:61] the endpoint vertex cpu.idu.gpr.gpr_19_29__reg_p:D has negative slack
I20260802 12:21:54.104926 21632 StaDataPropagation.cc:61] the endpoint vertex cpu.idu.gpr.gpr_24_29__reg_p:D has negative slack
I20260802 12:21:54.104987 21632 StaDataPropagation.cc:61] the endpoint vertex cpu.idu.gpr.gpr_29_29__reg_p:D has negative slack
I20260802 12:21:54.105062 21632 StaDataPropagation.cc:61] the endpoint vertex cpu.idu.gpr.gpr_1_16__reg_p:D has negative slack
I20260802 12:21:54.105123 21632 StaDataPropagation.cc:61] the endpoint vertex cpu.idu.gpr.gpr_6_16__reg_p:D has negative slack
I20260802 12:21:54.105185 21632 StaDataPropagation.cc:61] the endpoint vertex cpu.idu.gpr.gpr_13_16__reg_p:D has negative slack
I20260802 12:21:54.105245 21632 StaDataPropagation.cc:61] the endpoint vertex cpu.idu.gpr.gpr_18_16__reg_p:D has negative slack
I20260802 12:21:54.105305 21632 StaDataPropagation.cc:61] the endpoint vertex cpu.idu.gpr.gpr_23_16__reg_p:D has negative slack
I20260802 12:21:54.105365 21632 StaDataPropagation.cc:61] the endpoint vertex cpu.idu.gpr.gpr_28_16__reg_p:D has negative slack
I20260802 12:21:54.105436 21632 StaDataPropagation.cc:61] the endpoint vertex cpu.idu.gpr.gpr_9_16__reg_p:D has negative slack
I20260802 12:21:54.105509 21632 StaDataPropagation.cc:61] the endpoint vertex cpu.idu.gpr.gpr_6_23__reg_p:D has negative slack
I20260802 12:21:54.105571 21632 StaDataPropagation.cc:61] the endpoint vertex cpu.idu.gpr.gpr_15_23__reg_p:D has negative slack
I20260802 12:21:54.105631 21632 StaDataPropagation.cc:61] the endpoint vertex cpu.idu.gpr.gpr_1_23__reg_p:D has negative slack
I20260802 12:21:54.105691 21632 StaDataPropagation.cc:61] the endpoint vertex cpu.idu.gpr.gpr_24_23__reg_p:D has negative slack
I20260802 12:21:54.105751 21632 StaDataPropagation.cc:61] the endpoint vertex cpu.idu.gpr.gpr_29_23__reg_p:D has negative slack
I20260802 12:21:54.105808 21632 StaDataPropagation.cc:61] the endpoint vertex cpu.idu.gpr.gpr_4_23__reg_p:D has negative slack
I20260802 12:21:54.105880 21632 StaDataPropagation.cc:61] the endpoint vertex cpu.idu.gpr.gpr_5_27__reg_p:D has negative slack
I20260802 12:21:54.105942 21632 StaDataPropagation.cc:61] the endpoint vertex cpu.idu.gpr.gpr_14_27__reg_p:D has negative slack
I20260802 12:21:54.106010 21632 StaDataPropagation.cc:61] the endpoint vertex cpu.idu.gpr.gpr_19_27__reg_p:D has negative slack
I20260802 12:21:54.106070 21632 StaDataPropagation.cc:61] the endpoint vertex cpu.idu.gpr.gpr_23_27__reg_p:D has negative slack
I20260802 12:21:54.106129 21632 StaDataPropagation.cc:61] the endpoint vertex cpu.idu.gpr.gpr_28_27__reg_p:D has negative slack
I20260802 12:21:54.106189 21632 StaDataPropagation.cc:61] the endpoint vertex cpu.idu.gpr.gpr_3_27__reg_p:D has negative slack
I20260802 12:21:54.106263 21632 StaDataPropagation.cc:61] the endpoint vertex cpu.idu.gpr.gpr_13_11__reg_p:D has negative slack
I20260802 12:21:54.106324 21632 StaDataPropagation.cc:61] the endpoint vertex cpu.idu.gpr.gpr_12_11__reg_p:D has negative slack
I20260802 12:21:54.106397 21632 StaDataPropagation.cc:61] the endpoint vertex cpu.idu.gpr.gpr_18_11__reg_p:D has negative slack
I20260802 12:21:54.106460 21632 StaDataPropagation.cc:61] the endpoint vertex cpu.idu.gpr.gpr_22_11__reg_p:D has negative slack
I20260802 12:21:54.106519 21632 StaDataPropagation.cc:61] the endpoint vertex cpu.idu.gpr.gpr_27_11__reg_p:D has negative slack
I20260802 12:21:54.106578 21632 StaDataPropagation.cc:61] the endpoint vertex cpu.idu.gpr.gpr_31_11__reg_p:D has negative slack
I20260802 12:21:54.106647 21632 StaDataPropagation.cc:61] the endpoint vertex cpu.idu.gpr.gpr_11_13__reg_p:D has negative slack
I20260802 12:21:54.106702 21632 StaDataPropagation.cc:61] the endpoint vertex cpu.idu.gpr.gpr_9_13__reg_p:D has negative slack
I20260802 12:21:54.106765 21632 StaDataPropagation.cc:61] the endpoint vertex cpu.idu.gpr.gpr_17_13__reg_p:D has negative slack
I20260802 12:21:54.106822 21632 StaDataPropagation.cc:61] the endpoint vertex cpu.idu.gpr.gpr_21_13__reg_p:D has negative slack
I20260802 12:21:54.106863 21632 StaDataPropagation.cc:61] the endpoint vertex cpu.idu.gpr.gpr_26_13__reg_p:D has negative slack
I20260802 12:21:54.106912 21632 StaDataPropagation.cc:61] the endpoint vertex cpu.idu.gpr.gpr_30_13__reg_p:D has negative slack
I20260802 12:21:54.106985 21632 StaDataPropagation.cc:61] the endpoint vertex cpu.idu.gpr.gpr_10_26__reg_p:D has negative slack
I20260802 12:21:54.107044 21632 StaDataPropagation.cc:61] the endpoint vertex cpu.idu.gpr.gpr_7_26__reg_p:D has negative slack
I20260802 12:21:54.107105 21632 StaDataPropagation.cc:61] the endpoint vertex cpu.idu.gpr.gpr_16_26__reg_p:D has negative slack
I20260802 12:21:54.107165 21632 StaDataPropagation.cc:61] the endpoint vertex cpu.idu.gpr.gpr_20_26__reg_p:D has negative slack
I20260802 12:21:54.107224 21632 StaDataPropagation.cc:61] the endpoint vertex cpu.idu.gpr.gpr_25_26__reg_p:D has negative slack
I20260802 12:21:54.107283 21632 StaDataPropagation.cc:61] the endpoint vertex cpu.idu.gpr.gpr_2_26__reg_p:D has negative slack
I20260802 12:21:54.107342 21632 StaDataPropagation.cc:61] the endpoint vertex cpu.idu.gpr.gpr_8_26__reg_p:D has negative slack
I20260802 12:21:54.107414 21632 StaDataPropagation.cc:61] the endpoint vertex cpu.idu.gpr.gpr_5_30__reg_p:D has negative slack
I20260802 12:21:54.107486 21632 StaDataPropagation.cc:61] the endpoint vertex cpu.idu.gpr.gpr_12_30__reg_p:D has negative slack
I20260802 12:21:54.107544 21632 StaDataPropagation.cc:61] the endpoint vertex cpu.idu.gpr.gpr_17_30__reg_p:D has negative slack
I20260802 12:21:54.107604 21632 StaDataPropagation.cc:61] the endpoint vertex cpu.idu.gpr.gpr_22_30__reg_p:D has negative slack
I20260802 12:21:54.107661 21632 StaDataPropagation.cc:61] the endpoint vertex cpu.idu.gpr.gpr_27_30__reg_p:D has negative slack
I20260802 12:21:54.107720 21632 StaDataPropagation.cc:61] the endpoint vertex cpu.idu.gpr.gpr_8_30__reg_p:D has negative slack
I20260802 12:21:54.107801 21632 StaDataPropagation.cc:61] the endpoint vertex cpu.idu.gpr.gpr_13_19__reg_p:D has negative slack
I20260802 12:21:54.107879 21632 StaDataPropagation.cc:61] the endpoint vertex cpu.idu.gpr.gpr_17_19__reg_p:D has negative slack
I20260802 12:21:54.107955 21632 StaDataPropagation.cc:61] the endpoint vertex cpu.idu.gpr.gpr_22_19__reg_p:D has negative slack
I20260802 12:21:54.108031 21632 StaDataPropagation.cc:61] the endpoint vertex cpu.idu.gpr.gpr_27_19__reg_p:D has negative slack
I20260802 12:21:54.108108 21632 StaDataPropagation.cc:61] the endpoint vertex cpu.idu.gpr.gpr_31_19__reg_p:D has negative slack
I20260802 12:21:54.108183 21632 StaDataPropagation.cc:61] the endpoint vertex cpu.idu.gpr.gpr_7_19__reg_p:D has negative slack
I20260802 12:21:54.108244 21632 StaDataPropagation.cc:61] the endpoint vertex cpu.idu.gpr.gpr_3_28__reg_p:D has negative slack
I20260802 12:21:54.108294 21632 StaDataPropagation.cc:61] the endpoint vertex cpu.idu.gpr.gpr_10_28__reg_p:D has negative slack
I20260802 12:21:54.108333 21632 StaDataPropagation.cc:61] the endpoint vertex cpu.idu.gpr.gpr_15_28__reg_p:D has negative slack
I20260802 12:21:54.108462 21632 StaDataPropagation.cc:61] the endpoint vertex cpu.idu.gpr.gpr_20_28__reg_p:D has negative slack
I20260802 12:21:54.108522 21632 StaDataPropagation.cc:61] the endpoint vertex cpu.idu.gpr.gpr_25_28__reg_p:D has negative slack
I20260802 12:21:54.108563 21632 StaDataPropagation.cc:61] the endpoint vertex cpu.idu.gpr.gpr_30_28__reg_p:D has negative slack
I20260802 12:21:54.108626 21632 StaDataPropagation.cc:61] the endpoint vertex cpu.idu.gpr.gpr_11_10__reg_p:D has negative slack
I20260802 12:21:54.108666 21632 StaDataPropagation.cc:61] the endpoint vertex cpu.idu.gpr.gpr_9_10__reg_p:D has negative slack
I20260802 12:21:54.108709 21632 StaDataPropagation.cc:61] the endpoint vertex cpu.idu.gpr.gpr_17_10__reg_p:D has negative slack
I20260802 12:21:54.108774 21632 StaDataPropagation.cc:61] the endpoint vertex cpu.idu.gpr.gpr_21_10__reg_p:D has negative slack
I20260802 12:21:54.108831 21632 StaDataPropagation.cc:61] the endpoint vertex cpu.idu.gpr.gpr_26_10__reg_p:D has negative slack
I20260802 12:21:54.108891 21632 StaDataPropagation.cc:61] the endpoint vertex cpu.idu.gpr.gpr_30_10__reg_p:D has negative slack
I20260802 12:21:54.108960 21632 StaDataPropagation.cc:61] the endpoint vertex cpu.idu.gpr.gpr_10_22__reg_p:D has negative slack
I20260802 12:21:54.109021 21632 StaDataPropagation.cc:61] the endpoint vertex cpu.idu.gpr.gpr_7_22__reg_p:D has negative slack
I20260802 12:21:54.109083 21632 StaDataPropagation.cc:61] the endpoint vertex cpu.idu.gpr.gpr_16_22__reg_p:D has negative slack
I20260802 12:21:54.109143 21632 StaDataPropagation.cc:61] the endpoint vertex cpu.idu.gpr.gpr_20_22__reg_p:D has negative slack
I20260802 12:21:54.109180 21632 StaDataPropagation.cc:61] the endpoint vertex cpu.idu.gpr.gpr_25_22__reg_p:D has negative slack
I20260802 12:21:54.109233 21632 StaDataPropagation.cc:61] the endpoint vertex cpu.idu.gpr.gpr_2_22__reg_p:D has negative slack
I20260802 12:21:54.109274 21632 StaDataPropagation.cc:61] the endpoint vertex cpu.idu.gpr.gpr_8_22__reg_p:D has negative slack
I20260802 12:21:54.109336 21632 StaDataPropagation.cc:61] the endpoint vertex cpu.idu.gpr.gpr_6_24__reg_p:D has negative slack
I20260802 12:21:54.109395 21632 StaDataPropagation.cc:61] the endpoint vertex cpu.idu.gpr.gpr_15_24__reg_p:D has negative slack
I20260802 12:21:54.109458 21632 StaDataPropagation.cc:61] the endpoint vertex cpu.idu.gpr.gpr_1_24__reg_p:D has negative slack
I20260802 12:21:54.109516 21632 StaDataPropagation.cc:61] the endpoint vertex cpu.idu.gpr.gpr_24_24__reg_p:D has negative slack
I20260802 12:21:54.109575 21632 StaDataPropagation.cc:61] the endpoint vertex cpu.idu.gpr.gpr_29_24__reg_p:D has negative slack
I20260802 12:21:54.109633 21632 StaDataPropagation.cc:61] the endpoint vertex cpu.idu.gpr.gpr_4_24__reg_p:D has negative slack
I20260802 12:21:54.109704 21632 StaDataPropagation.cc:61] the endpoint vertex cpu.idu.gpr.gpr_4_20__reg_p:D has negative slack
I20260802 12:21:54.109762 21632 StaDataPropagation.cc:61] the endpoint vertex cpu.idu.gpr.gpr_11_20__reg_p:D has negative slack
I20260802 12:21:54.109820 21632 StaDataPropagation.cc:61] the endpoint vertex cpu.idu.gpr.gpr_16_20__reg_p:D has negative slack
I20260802 12:21:54.109881 21632 StaDataPropagation.cc:61] the endpoint vertex cpu.idu.gpr.gpr_21_20__reg_p:D has negative slack
I20260802 12:21:54.109941 21632 StaDataPropagation.cc:61] the endpoint vertex cpu.idu.gpr.gpr_26_20__reg_p:D has negative slack
I20260802 12:21:54.110030 21632 StaDataPropagation.cc:61] the endpoint vertex cpu.idu.gpr.gpr_31_20__reg_p:D has negative slack
I20260802 12:21:54.110101 21632 StaDataPropagation.cc:61] the endpoint vertex cpu.idu.gpr.gpr_13_21__reg_p:D has negative slack
I20260802 12:21:54.110162 21632 StaDataPropagation.cc:61] the endpoint vertex cpu.idu.gpr.gpr_12_21__reg_p:D has negative slack
I20260802 12:21:54.110221 21632 StaDataPropagation.cc:61] the endpoint vertex cpu.idu.gpr.gpr_18_21__reg_p:D has negative slack
I20260802 12:21:54.110280 21632 StaDataPropagation.cc:61] the endpoint vertex cpu.idu.gpr.gpr_22_21__reg_p:D has negative slack
I20260802 12:21:54.110352 21632 StaDataPropagation.cc:61] the endpoint vertex cpu.idu.gpr.gpr_27_21__reg_p:D has negative slack
I20260802 12:21:54.110409 21632 StaDataPropagation.cc:61] the endpoint vertex cpu.idu.gpr.gpr_31_21__reg_p:D has negative slack
I20260802 12:21:54.110518 21632 StaDataPropagation.cc:61] the endpoint vertex cpu.idu.gpr.gpr_2_14__reg_p:D has negative slack
I20260802 12:21:54.110582 21632 StaDataPropagation.cc:61] the endpoint vertex cpu.idu.gpr.gpr_7_14__reg_p:D has negative slack
I20260802 12:21:54.110644 21632 StaDataPropagation.cc:61] the endpoint vertex cpu.idu.gpr.gpr_14_14__reg_p:D has negative slack
I20260802 12:21:54.110702 21632 StaDataPropagation.cc:61] the endpoint vertex cpu.idu.gpr.gpr_19_14__reg_p:D has negative slack
I20260802 12:21:54.110761 21632 StaDataPropagation.cc:61] the endpoint vertex cpu.idu.gpr.gpr_24_14__reg_p:D has negative slack
I20260802 12:21:54.110819 21632 StaDataPropagation.cc:61] the endpoint vertex cpu.idu.gpr.gpr_29_14__reg_p:D has negative slack
I20260802 12:21:54.110888 21632 StaDataPropagation.cc:61] the endpoint vertex cpu.idu.gpr.gpr_10_15__reg_p:D has negative slack
I20260802 12:21:54.110945 21632 StaDataPropagation.cc:61] the endpoint vertex cpu.idu.gpr.gpr_7_15__reg_p:D has negative slack
I20260802 12:21:54.111003 21632 StaDataPropagation.cc:61] the endpoint vertex cpu.idu.gpr.gpr_16_15__reg_p:D has negative slack
I20260802 12:21:54.111060 21632 StaDataPropagation.cc:61] the endpoint vertex cpu.idu.gpr.gpr_20_15__reg_p:D has negative slack
I20260802 12:21:54.111119 21632 StaDataPropagation.cc:61] the endpoint vertex cpu.idu.gpr.gpr_25_15__reg_p:D has negative slack
I20260802 12:21:54.111176 21632 StaDataPropagation.cc:61] the endpoint vertex cpu.idu.gpr.gpr_2_15__reg_p:D has negative slack
I20260802 12:21:54.111232 21632 StaDataPropagation.cc:61] the endpoint vertex cpu.idu.gpr.gpr_8_15__reg_p:D has negative slack
I20260802 12:21:54.111302 21632 StaDataPropagation.cc:61] the endpoint vertex cpu.idu.gpr.gpr_6_17__reg_p:D has negative slack
I20260802 12:21:54.111363 21632 StaDataPropagation.cc:61] the endpoint vertex cpu.idu.gpr.gpr_15_17__reg_p:D has negative slack
I20260802 12:21:54.111433 21632 StaDataPropagation.cc:61] the endpoint vertex cpu.idu.gpr.gpr_1_17__reg_p:D has negative slack
I20260802 12:21:54.111501 21632 StaDataPropagation.cc:61] the endpoint vertex cpu.idu.gpr.gpr_24_17__reg_p:D has negative slack
I20260802 12:21:54.111572 21632 StaDataPropagation.cc:61] the endpoint vertex cpu.idu.gpr.gpr_29_17__reg_p:D has negative slack
I20260802 12:21:54.111634 21632 StaDataPropagation.cc:61] the endpoint vertex cpu.idu.gpr.gpr_4_17__reg_p:D has negative slack
I20260802 12:21:54.111711 21632 StaDataPropagation.cc:61] the endpoint vertex cpu.idu.gpr.gpr_5_7__reg_p:D has negative slack
I20260802 12:21:54.111773 21632 StaDataPropagation.cc:61] the endpoint vertex cpu.idu.gpr.gpr_14_7__reg_p:D has negative slack
I20260802 12:21:54.111832 21632 StaDataPropagation.cc:61] the endpoint vertex cpu.idu.gpr.gpr_19_7__reg_p:D has negative slack
I20260802 12:21:54.111893 21632 StaDataPropagation.cc:61] the endpoint vertex cpu.idu.gpr.gpr_23_7__reg_p:D has negative slack
I20260802 12:21:54.111954 21632 StaDataPropagation.cc:61] the endpoint vertex cpu.idu.gpr.gpr_28_7__reg_p:D has negative slack
I20260802 12:21:54.111992 21632 StaDataPropagation.cc:61] the endpoint vertex cpu.idu.gpr.gpr_3_7__reg_p:D has negative slack
I20260802 12:21:54.112051 21632 StaDataPropagation.cc:61] the endpoint vertex cpu.idu.gpr.gpr_13_3__reg_p:D has negative slack
I20260802 12:21:54.112084 21632 StaDataPropagation.cc:61] the endpoint vertex cpu.idu.gpr.gpr_12_3__reg_p:D has negative slack
I20260802 12:21:54.112116 21632 StaDataPropagation.cc:61] the endpoint vertex cpu.idu.gpr.gpr_18_3__reg_p:D has negative slack
I20260802 12:21:54.112149 21632 StaDataPropagation.cc:61] the endpoint vertex cpu.idu.gpr.gpr_22_3__reg_p:D has negative slack
I20260802 12:21:54.112179 21632 StaDataPropagation.cc:61] the endpoint vertex cpu.idu.gpr.gpr_27_3__reg_p:D has negative slack
I20260802 12:21:54.112210 21632 StaDataPropagation.cc:61] the endpoint vertex cpu.idu.gpr.gpr_31_3__reg_p:D has negative slack
I20260802 12:21:54.112306 21632 StaDataPropagation.cc:61] the endpoint vertex cpu.idu.gpr.gpr_11_6__reg_p:D has negative slack
I20260802 12:21:54.112367 21632 StaDataPropagation.cc:61] the endpoint vertex cpu.idu.gpr.gpr_9_6__reg_p:D has negative slack
I20260802 12:21:54.112440 21632 StaDataPropagation.cc:61] the endpoint vertex cpu.idu.gpr.gpr_17_6__reg_p:D has negative slack
I20260802 12:21:54.112502 21632 StaDataPropagation.cc:61] the endpoint vertex cpu.idu.gpr.gpr_21_6__reg_p:D has negative slack
I20260802 12:21:54.112561 21632 StaDataPropagation.cc:61] the endpoint vertex cpu.idu.gpr.gpr_26_6__reg_p:D has negative slack
I20260802 12:21:54.112623 21632 StaDataPropagation.cc:61] the endpoint vertex cpu.idu.gpr.gpr_30_6__reg_p:D has negative slack
I20260802 12:21:54.112705 21632 StaDataPropagation.cc:61] the endpoint vertex ram.mem_0_0_4__reg_p:D has negative slack
I20260802 12:21:54.112774 21632 StaDataPropagation.cc:61] the endpoint vertex ram.mem_6_0_4__reg_p:D has negative slack
I20260802 12:21:54.112823 21632 StaDataPropagation.cc:61] the endpoint vertex ram.mem_13_0_4__reg_p:D has negative slack
I20260802 12:21:54.112882 21632 StaDataPropagation.cc:61] the endpoint vertex ram.mem_18_0_4__reg_p:D has negative slack
I20260802 12:21:54.112946 21632 StaDataPropagation.cc:61] the endpoint vertex ram.mem_23_0_4__reg_p:D has negative slack
I20260802 12:21:54.112988 21632 StaDataPropagation.cc:61] the endpoint vertex ram.mem_28_0_4__reg_p:D has negative slack
I20260802 12:21:54.113044 21632 StaDataPropagation.cc:61] the endpoint vertex ram.mem_8_0_4__reg_p:D has negative slack
I20260802 12:21:54.113088 21632 StaDataPropagation.cc:61] the endpoint vertex ram.mem_37_0_4__reg_p:D has negative slack
I20260802 12:21:54.113143 21632 StaDataPropagation.cc:61] the endpoint vertex ram.mem_42_0_4__reg_p:D has negative slack
I20260802 12:21:54.113185 21632 StaDataPropagation.cc:61] the endpoint vertex ram.mem_47_0_4__reg_p:D has negative slack
I20260802 12:21:54.113240 21632 StaDataPropagation.cc:61] the endpoint vertex ram.mem_52_0_4__reg_p:D has negative slack
I20260802 12:21:54.113284 21632 StaDataPropagation.cc:61] the endpoint vertex ram.mem_57_0_4__reg_p:D has negative slack
I20260802 12:21:54.113340 21632 StaDataPropagation.cc:61] the endpoint vertex ram.mem_63_0_4__reg_p:D has negative slack
I20260802 12:21:54.113382 21632 StaDataPropagation.cc:61] the endpoint vertex ram.mem_69_0_4__reg_p:D has negative slack
I20260802 12:21:54.113447 21632 StaDataPropagation.cc:61] the endpoint vertex ram.mem_74_0_4__reg_p:D has negative slack
I20260802 12:21:54.113490 21632 StaDataPropagation.cc:61] the endpoint vertex ram.mem_79_0_4__reg_p:D has negative slack
I20260802 12:21:54.113551 21632 StaDataPropagation.cc:61] the endpoint vertex ram.mem_101_0_4__reg_p:D has negative slack
I20260802 12:21:54.113626 21632 StaDataPropagation.cc:61] the endpoint vertex ram.mem_106_0_4__reg_p:D has negative slack
I20260802 12:21:54.113686 21632 StaDataPropagation.cc:61] the endpoint vertex ram.mem_87_0_4__reg_p:D has negative slack
I20260802 12:21:54.113727 21632 StaDataPropagation.cc:61] the endpoint vertex ram.mem_92_0_4__reg_p:D has negative slack
I20260802 12:21:54.113781 21632 StaDataPropagation.cc:61] the endpoint vertex ram.mem_97_0_4__reg_p:D has negative slack
I20260802 12:21:54.113824 21632 StaDataPropagation.cc:61] the endpoint vertex ram.mem_109_0_4__reg_p:D has negative slack
I20260802 12:21:54.113878 21632 StaDataPropagation.cc:61] the endpoint vertex ram.mem_114_0_4__reg_p:D has negative slack
I20260802 12:21:54.113919 21632 StaDataPropagation.cc:61] the endpoint vertex ram.mem_119_0_4__reg_p:D has negative slack
I20260802 12:21:54.113986 21632 StaDataPropagation.cc:61] the endpoint vertex ram.mem_124_0_4__reg_p:D has negative slack
I20260802 12:21:54.114029 21632 StaDataPropagation.cc:61] the endpoint vertex ram.mem_129_0_4__reg_p:D has negative slack
I20260802 12:21:54.114068 21632 StaDataPropagation.cc:61] the endpoint vertex ram.mem_134_0_4__reg_p:D has negative slack
I20260802 12:21:54.114136 21632 StaDataPropagation.cc:61] the endpoint vertex ram.mem_139_0_4__reg_p:D has negative slack
I20260802 12:21:54.114197 21632 StaDataPropagation.cc:61] the endpoint vertex ram.mem_144_0_4__reg_p:D has negative slack
I20260802 12:21:54.114238 21632 StaDataPropagation.cc:61] the endpoint vertex ram.mem_149_0_4__reg_p:D has negative slack
I20260802 12:21:54.114293 21632 StaDataPropagation.cc:61] the endpoint vertex ram.mem_154_0_4__reg_p:D has negative slack
I20260802 12:21:54.114338 21632 StaDataPropagation.cc:61] the endpoint vertex ram.mem_208_0_4__reg_p:D has negative slack
I20260802 12:21:54.114410 21632 StaDataPropagation.cc:61] the endpoint vertex ram.mem_214_0_4__reg_p:D has negative slack
I20260802 12:21:54.114494 21632 StaDataPropagation.cc:61] the endpoint vertex ram.mem_221_0_4__reg_p:D has negative slack
I20260802 12:21:54.114535 21632 StaDataPropagation.cc:61] the endpoint vertex ram.mem_226_0_4__reg_p:D has negative slack
I20260802 12:21:54.114593 21632 StaDataPropagation.cc:61] the endpoint vertex ram.mem_231_0_4__reg_p:D has negative slack
I20260802 12:21:54.114658 21632 StaDataPropagation.cc:61] the endpoint vertex ram.mem_236_0_4__reg_p:D has negative slack
I20260802 12:21:54.114701 21632 StaDataPropagation.cc:61] the endpoint vertex ram.mem_241_0_4__reg_p:D has negative slack
I20260802 12:21:54.114755 21632 StaDataPropagation.cc:61] the endpoint vertex ram.mem_246_0_4__reg_p:D has negative slack
I20260802 12:21:54.114820 21632 StaDataPropagation.cc:61] the endpoint vertex ram.mem_251_0_4__reg_p:D has negative slack
I20260802 12:21:54.114885 21632 StaDataPropagation.cc:61] the endpoint vertex ram.mem_156_0_4__reg_p:D has negative slack
I20260802 12:21:54.114948 21632 StaDataPropagation.cc:61] the endpoint vertex ram.mem_161_0_4__reg_p:D has negative slack
I20260802 12:21:54.115008 21632 StaDataPropagation.cc:61] the endpoint vertex ram.mem_166_0_4__reg_p:D has negative slack
I20260802 12:21:54.115070 21632 StaDataPropagation.cc:61] the endpoint vertex ram.mem_171_0_4__reg_p:D has negative slack
I20260802 12:21:54.115132 21632 StaDataPropagation.cc:61] the endpoint vertex ram.mem_176_0_4__reg_p:D has negative slack
I20260802 12:21:54.115196 21632 StaDataPropagation.cc:61] the endpoint vertex ram.mem_181_0_4__reg_p:D has negative slack
I20260802 12:21:54.115260 21632 StaDataPropagation.cc:61] the endpoint vertex ram.mem_186_0_4__reg_p:D has negative slack
I20260802 12:21:54.115320 21632 StaDataPropagation.cc:61] the endpoint vertex ram.mem_191_0_4__reg_p:D has negative slack
I20260802 12:21:54.115382 21632 StaDataPropagation.cc:61] the endpoint vertex ram.mem_197_0_4__reg_p:D has negative slack
I20260802 12:21:54.115455 21632 StaDataPropagation.cc:61] the endpoint vertex ram.mem_202_0_4__reg_p:D has negative slack
I20260802 12:21:54.115525 21632 StaDataPropagation.cc:61] the endpoint vertex ram.mem_219_0_4__reg_p:D has negative slack
I20260802 12:21:54.115594 21632 StaDataPropagation.cc:61] the endpoint vertex ram.mem_9_0_4__reg_p:D has negative slack
I20260802 12:21:54.115686 21632 StaDataPropagation.cc:61] the endpoint vertex ram.mem_216_0_5__reg_p:D has negative slack
I20260802 12:21:54.115763 21632 StaDataPropagation.cc:61] the endpoint vertex ram.mem_12_2_5__reg_p:D has negative slack
I20260802 12:21:54.115828 21632 StaDataPropagation.cc:61] the endpoint vertex ram.mem_153_2_5__reg_p:D has negative slack
I20260802 12:21:54.115873 21632 StaDataPropagation.cc:61] the endpoint vertex ram.mem_171_2_5__reg_p:D has negative slack
I20260802 12:21:54.115931 21632 StaDataPropagation.cc:61] the endpoint vertex ram.mem_3_2_5__reg_p:D has negative slack
I20260802 12:21:54.115976 21632 StaDataPropagation.cc:61] the endpoint vertex ram.mem_8_2_5__reg_p:D has negative slack
I20260802 12:21:54.116043 21632 StaDataPropagation.cc:61] the endpoint vertex ram.mem_15_2_5__reg_p:D has negative slack
I20260802 12:21:54.116087 21632 StaDataPropagation.cc:61] the endpoint vertex ram.mem_20_2_5__reg_p:D has negative slack
I20260802 12:21:54.116145 21632 StaDataPropagation.cc:61] the endpoint vertex ram.mem_25_2_5__reg_p:D has negative slack
I20260802 12:21:54.116221 21632 StaDataPropagation.cc:61] the endpoint vertex ram.mem_38_2_5__reg_p:D has negative slack
I20260802 12:21:54.116263 21632 StaDataPropagation.cc:61] the endpoint vertex ram.mem_67_2_5__reg_p:D has negative slack
I20260802 12:21:54.116318 21632 StaDataPropagation.cc:61] the endpoint vertex ram.mem_72_2_5__reg_p:D has negative slack
I20260802 12:21:54.116380 21632 StaDataPropagation.cc:61] the endpoint vertex ram.mem_77_2_5__reg_p:D has negative slack
I20260802 12:21:54.116453 21632 StaDataPropagation.cc:61] the endpoint vertex ram.mem_82_2_5__reg_p:D has negative slack
I20260802 12:21:54.116516 21632 StaDataPropagation.cc:61] the endpoint vertex ram.mem_87_2_5__reg_p:D has negative slack
I20260802 12:21:54.116580 21632 StaDataPropagation.cc:61] the endpoint vertex ram.mem_92_2_5__reg_p:D has negative slack
I20260802 12:21:54.116641 21632 StaDataPropagation.cc:61] the endpoint vertex ram.mem_97_2_5__reg_p:D has negative slack
I20260802 12:21:54.116705 21632 StaDataPropagation.cc:61] the endpoint vertex ram.mem_102_2_5__reg_p:D has negative slack
I20260802 12:21:54.116767 21632 StaDataPropagation.cc:61] the endpoint vertex ram.mem_107_2_5__reg_p:D has negative slack
I20260802 12:21:54.116830 21632 StaDataPropagation.cc:61] the endpoint vertex ram.mem_112_2_5__reg_p:D has negative slack
I20260802 12:21:54.116894 21632 StaDataPropagation.cc:61] the endpoint vertex ram.mem_117_2_5__reg_p:D has negative slack
I20260802 12:21:54.116957 21632 StaDataPropagation.cc:61] the endpoint vertex ram.mem_122_2_5__reg_p:D has negative slack
I20260802 12:21:54.117024 21632 StaDataPropagation.cc:61] the endpoint vertex ram.mem_127_2_5__reg_p:D has negative slack
I20260802 12:21:54.117085 21632 StaDataPropagation.cc:61] the endpoint vertex ram.mem_133_2_5__reg_p:D has negative slack
I20260802 12:21:54.117146 21632 StaDataPropagation.cc:61] the endpoint vertex ram.mem_138_2_5__reg_p:D has negative slack
I20260802 12:21:54.117205 21632 StaDataPropagation.cc:61] the endpoint vertex ram.mem_144_2_5__reg_p:D has negative slack
I20260802 12:21:54.117267 21632 StaDataPropagation.cc:61] the endpoint vertex ram.mem_150_2_5__reg_p:D has negative slack
I20260802 12:21:54.117331 21632 StaDataPropagation.cc:61] the endpoint vertex ram.mem_160_2_5__reg_p:D has negative slack
I20260802 12:21:54.117394 21632 StaDataPropagation.cc:61] the endpoint vertex ram.mem_166_2_5__reg_p:D has negative slack
I20260802 12:21:54.117458 21632 StaDataPropagation.cc:61] the endpoint vertex ram.mem_172_2_5__reg_p:D has negative slack
I20260802 12:21:54.117522 21632 StaDataPropagation.cc:61] the endpoint vertex ram.mem_178_2_5__reg_p:D has negative slack
I20260802 12:21:54.117584 21632 StaDataPropagation.cc:61] the endpoint vertex ram.mem_183_2_5__reg_p:D has negative slack
I20260802 12:21:54.117647 21632 StaDataPropagation.cc:61] the endpoint vertex ram.mem_189_2_5__reg_p:D has negative slack
I20260802 12:21:54.117709 21632 StaDataPropagation.cc:61] the endpoint vertex ram.mem_194_2_5__reg_p:D has negative slack
I20260802 12:21:54.117769 21632 StaDataPropagation.cc:61] the endpoint vertex ram.mem_199_2_5__reg_p:D has negative slack
I20260802 12:21:54.117832 21632 StaDataPropagation.cc:61] the endpoint vertex ram.mem_204_2_5__reg_p:D has negative slack
I20260802 12:21:54.117897 21632 StaDataPropagation.cc:61] the endpoint vertex ram.mem_209_2_5__reg_p:D has negative slack
I20260802 12:21:54.117956 21632 StaDataPropagation.cc:61] the endpoint vertex ram.mem_214_2_5__reg_p:D has negative slack
I20260802 12:21:54.118036 21632 StaDataPropagation.cc:61] the endpoint vertex ram.mem_219_2_5__reg_p:D has negative slack
I20260802 12:21:54.118076 21632 StaDataPropagation.cc:61] the endpoint vertex ram.mem_224_2_5__reg_p:D has negative slack
I20260802 12:21:54.118130 21632 StaDataPropagation.cc:61] the endpoint vertex ram.mem_229_2_5__reg_p:D has negative slack
I20260802 12:21:54.118175 21632 StaDataPropagation.cc:61] the endpoint vertex ram.mem_234_2_5__reg_p:D has negative slack
I20260802 12:21:54.118243 21632 StaDataPropagation.cc:61] the endpoint vertex ram.mem_239_2_5__reg_p:D has negative slack
I20260802 12:21:54.118302 21632 StaDataPropagation.cc:61] the endpoint vertex ram.mem_244_2_5__reg_p:D has negative slack
I20260802 12:21:54.118362 21632 StaDataPropagation.cc:61] the endpoint vertex ram.mem_249_2_5__reg_p:D has negative slack
I20260802 12:21:54.118436 21632 StaDataPropagation.cc:61] the endpoint vertex ram.mem_254_2_5__reg_p:D has negative slack
I20260802 12:21:54.118503 21632 StaDataPropagation.cc:61] the endpoint vertex ram.mem_33_2_5__reg_p:D has negative slack
I20260802 12:21:54.118569 21632 StaDataPropagation.cc:61] the endpoint vertex ram.mem_39_2_5__reg_p:D has negative slack
I20260802 12:21:54.118631 21632 StaDataPropagation.cc:61] the endpoint vertex ram.mem_44_2_5__reg_p:D has negative slack
I20260802 12:21:54.118692 21632 StaDataPropagation.cc:61] the endpoint vertex ram.mem_49_2_5__reg_p:D has negative slack
I20260802 12:21:54.118752 21632 StaDataPropagation.cc:61] the endpoint vertex ram.mem_55_2_5__reg_p:D has negative slack
I20260802 12:21:54.118813 21632 StaDataPropagation.cc:61] the endpoint vertex ram.mem_60_2_5__reg_p:D has negative slack
I20260802 12:21:54.118969 21632 StaDataPropagation.cc:61] the endpoint vertex ram.mem_53_2_4__reg_p:D has negative slack
I20260802 12:21:54.119100 21632 StaDataPropagation.cc:61] the endpoint vertex ram.mem_41_2_3__reg_p:D has negative slack
I20260802 12:21:54.119201 21632 StaDataPropagation.cc:61] the endpoint vertex ram.mem_43_2_4__reg_p:D has negative slack
I20260802 12:21:54.119325 21632 StaDataPropagation.cc:61] the endpoint vertex ram.mem_46_2_3__reg_p:D has negative slack
I20260802 12:21:54.119439 21632 StaDataPropagation.cc:61] the endpoint vertex ram.mem_48_2_4__reg_p:D has negative slack
I20260802 12:21:54.119560 21632 StaDataPropagation.cc:61] the endpoint vertex ram.mem_51_2_3__reg_p:D has negative slack
I20260802 12:21:54.119660 21632 StaDataPropagation.cc:61] the endpoint vertex ram.mem_55_2_4__reg_p:D has negative slack
I20260802 12:21:54.119779 21632 StaDataPropagation.cc:61] the endpoint vertex ram.mem_58_2_3__reg_p:D has negative slack
I20260802 12:21:54.119879 21632 StaDataPropagation.cc:61] the endpoint vertex ram.mem_60_2_4__reg_p:D has negative slack
I20260802 12:21:54.119999 21632 StaDataPropagation.cc:61] the endpoint vertex ram.mem_63_2_3__reg_p:D has negative slack
I20260802 12:21:54.120107 21632 StaDataPropagation.cc:61] the endpoint vertex ram.mem_129_2_4__reg_p:D has negative slack
I20260802 12:21:54.120229 21632 StaDataPropagation.cc:61] the endpoint vertex ram.mem_145_2_3__reg_p:D has negative slack
I20260802 12:21:54.120334 21632 StaDataPropagation.cc:61] the endpoint vertex ram.mem_152_2_4__reg_p:D has negative slack
I20260802 12:21:54.120466 21632 StaDataPropagation.cc:61] the endpoint vertex ram.mem_155_2_3__reg_p:D has negative slack
I20260802 12:21:54.120570 21632 StaDataPropagation.cc:61] the endpoint vertex ram.mem_161_2_4__reg_p:D has negative slack
I20260802 12:21:54.120688 21632 StaDataPropagation.cc:61] the endpoint vertex ram.mem_187_2_3__reg_p:D has negative slack
I20260802 12:21:54.120786 21632 StaDataPropagation.cc:61] the endpoint vertex ram.mem_2_2_4__reg_p:D has negative slack
I20260802 12:21:54.120901 21632 StaDataPropagation.cc:61] the endpoint vertex ram.mem_5_2_3__reg_p:D has negative slack
I20260802 12:21:54.121001 21632 StaDataPropagation.cc:61] the endpoint vertex ram.mem_7_2_4__reg_p:D has negative slack
I20260802 12:21:54.121121 21632 StaDataPropagation.cc:61] the endpoint vertex ram.mem_0_2_3__reg_p:D has negative slack
I20260802 12:21:54.121223 21632 StaDataPropagation.cc:61] the endpoint vertex ram.mem_100_2_4__reg_p:D has negative slack
I20260802 12:21:54.121342 21632 StaDataPropagation.cc:61] the endpoint vertex ram.mem_103_2_3__reg_p:D has negative slack
I20260802 12:21:54.121450 21632 StaDataPropagation.cc:61] the endpoint vertex ram.mem_105_2_4__reg_p:D has negative slack
I20260802 12:21:54.121565 21632 StaDataPropagation.cc:61] the endpoint vertex ram.mem_108_2_3__reg_p:D has negative slack
I20260802 12:21:54.121671 21632 StaDataPropagation.cc:61] the endpoint vertex ram.mem_110_2_4__reg_p:D has negative slack
I20260802 12:21:54.121783 21632 StaDataPropagation.cc:61] the endpoint vertex ram.mem_113_2_3__reg_p:D has negative slack
I20260802 12:21:54.121877 21632 StaDataPropagation.cc:61] the endpoint vertex ram.mem_115_2_4__reg_p:D has negative slack
I20260802 12:21:54.122002 21632 StaDataPropagation.cc:61] the endpoint vertex ram.mem_118_2_3__reg_p:D has negative slack
I20260802 12:21:54.122097 21632 StaDataPropagation.cc:61] the endpoint vertex ram.mem_120_2_4__reg_p:D has negative slack
I20260802 12:21:54.122208 21632 StaDataPropagation.cc:61] the endpoint vertex ram.mem_123_2_3__reg_p:D has negative slack
I20260802 12:21:54.122311 21632 StaDataPropagation.cc:61] the endpoint vertex ram.mem_124_2_4__reg_p:D has negative slack
I20260802 12:21:54.122437 21632 StaDataPropagation.cc:61] the endpoint vertex ram.mem_127_2_3__reg_p:D has negative slack
I20260802 12:21:54.122530 21632 StaDataPropagation.cc:61] the endpoint vertex ram.mem_130_2_4__reg_p:D has negative slack
I20260802 12:21:54.122639 21632 StaDataPropagation.cc:61] the endpoint vertex ram.mem_133_2_3__reg_p:D has negative slack
I20260802 12:21:54.122732 21632 StaDataPropagation.cc:61] the endpoint vertex ram.mem_135_2_4__reg_p:D has negative slack
I20260802 12:21:54.122841 21632 StaDataPropagation.cc:61] the endpoint vertex ram.mem_138_2_3__reg_p:D has negative slack
I20260802 12:21:54.122937 21632 StaDataPropagation.cc:61] the endpoint vertex ram.mem_141_2_4__reg_p:D has negative slack
I20260802 12:21:54.123052 21632 StaDataPropagation.cc:61] the endpoint vertex ram.mem_144_2_3__reg_p:D has negative slack
I20260802 12:21:54.123144 21632 StaDataPropagation.cc:61] the endpoint vertex ram.mem_147_2_4__reg_p:D has negative slack
I20260802 12:21:54.123255 21632 StaDataPropagation.cc:61] the endpoint vertex ram.mem_150_2_3__reg_p:D has negative slack
I20260802 12:21:54.123356 21632 StaDataPropagation.cc:61] the endpoint vertex ram.mem_16_2_4__reg_p:D has negative slack
I20260802 12:21:54.123486 21632 StaDataPropagation.cc:61] the endpoint vertex ram.mem_157_2_3__reg_p:D has negative slack
I20260802 12:21:54.123579 21632 StaDataPropagation.cc:61] the endpoint vertex ram.mem_159_2_4__reg_p:D has negative slack
I20260802 12:21:54.123688 21632 StaDataPropagation.cc:61] the endpoint vertex ram.mem_163_2_3__reg_p:D has negative slack
I20260802 12:21:54.123780 21632 StaDataPropagation.cc:61] the endpoint vertex ram.mem_165_2_4__reg_p:D has negative slack
I20260802 12:21:54.123890 21632 StaDataPropagation.cc:61] the endpoint vertex ram.mem_168_2_3__reg_p:D has negative slack
I20260802 12:21:54.123986 21632 StaDataPropagation.cc:61] the endpoint vertex ram.mem_170_2_4__reg_p:D has negative slack
I20260802 12:21:54.124097 21632 StaDataPropagation.cc:61] the endpoint vertex ram.mem_174_2_3__reg_p:D has negative slack
I20260802 12:21:54.124192 21632 StaDataPropagation.cc:61] the endpoint vertex ram.mem_176_2_4__reg_p:D has negative slack
I20260802 12:21:54.124305 21632 StaDataPropagation.cc:61] the endpoint vertex ram.mem_180_2_3__reg_p:D has negative slack
I20260802 12:21:54.124400 21632 StaDataPropagation.cc:61] the endpoint vertex ram.mem_182_2_4__reg_p:D has negative slack
I20260802 12:21:54.124526 21632 StaDataPropagation.cc:61] the endpoint vertex ram.mem_183_2_3__reg_p:D has negative slack
I20260802 12:21:54.124619 21632 StaDataPropagation.cc:61] the endpoint vertex ram.mem_185_2_4__reg_p:D has negative slack
I20260802 12:21:54.124723 21632 StaDataPropagation.cc:61] the endpoint vertex ram.mem_189_2_3__reg_p:D has negative slack
I20260802 12:21:54.124817 21632 StaDataPropagation.cc:61] the endpoint vertex ram.mem_191_2_4__reg_p:D has negative slack
I20260802 12:21:54.124926 21632 StaDataPropagation.cc:61] the endpoint vertex ram.mem_194_2_3__reg_p:D has negative slack
I20260802 12:21:54.125021 21632 StaDataPropagation.cc:61] the endpoint vertex ram.mem_196_2_4__reg_p:D has negative slack
I20260802 12:21:54.125131 21632 StaDataPropagation.cc:61] the endpoint vertex ram.mem_199_2_3__reg_p:D has negative slack
I20260802 12:21:54.125239 21632 StaDataPropagation.cc:61] the endpoint vertex ram.mem_201_2_4__reg_p:D has negative slack
I20260802 12:21:54.125353 21632 StaDataPropagation.cc:61] the endpoint vertex ram.mem_204_2_3__reg_p:D has negative slack
I20260802 12:21:54.125473 21632 StaDataPropagation.cc:61] the endpoint vertex ram.mem_206_2_4__reg_p:D has negative slack
I20260802 12:21:54.125590 21632 StaDataPropagation.cc:61] the endpoint vertex ram.mem_209_2_3__reg_p:D has negative slack
I20260802 12:21:54.125681 21632 StaDataPropagation.cc:61] the endpoint vertex ram.mem_211_2_4__reg_p:D has negative slack
I20260802 12:21:54.125789 21632 StaDataPropagation.cc:61] the endpoint vertex ram.mem_214_2_3__reg_p:D has negative slack
I20260802 12:21:54.125877 21632 StaDataPropagation.cc:61] the endpoint vertex ram.mem_216_2_4__reg_p:D has negative slack
I20260802 12:21:54.126015 21632 StaDataPropagation.cc:61] the endpoint vertex ram.mem_219_2_3__reg_p:D has negative slack
I20260802 12:21:54.126111 21632 StaDataPropagation.cc:61] the endpoint vertex ram.mem_221_2_4__reg_p:D has negative slack
I20260802 12:21:54.126219 21632 StaDataPropagation.cc:61] the endpoint vertex ram.mem_224_2_3__reg_p:D has negative slack
I20260802 12:21:54.126309 21632 StaDataPropagation.cc:61] the endpoint vertex ram.mem_226_2_4__reg_p:D has negative slack
I20260802 12:21:54.126421 21632 StaDataPropagation.cc:61] the endpoint vertex ram.mem_229_2_3__reg_p:D has negative slack
I20260802 12:21:54.126528 21632 StaDataPropagation.cc:61] the endpoint vertex ram.mem_231_2_4__reg_p:D has negative slack
I20260802 12:21:54.126643 21632 StaDataPropagation.cc:61] the endpoint vertex ram.mem_234_2_3__reg_p:D has negative slack
I20260802 12:21:54.126740 21632 StaDataPropagation.cc:61] the endpoint vertex ram.mem_236_2_4__reg_p:D has negative slack
I20260802 12:21:54.126854 21632 StaDataPropagation.cc:61] the endpoint vertex ram.mem_239_2_3__reg_p:D has negative slack
I20260802 12:21:54.126945 21632 StaDataPropagation.cc:61] the endpoint vertex ram.mem_241_2_4__reg_p:D has negative slack
I20260802 12:21:54.127055 21632 StaDataPropagation.cc:61] the endpoint vertex ram.mem_244_2_3__reg_p:D has negative slack
I20260802 12:21:54.127151 21632 StaDataPropagation.cc:61] the endpoint vertex ram.mem_246_2_4__reg_p:D has negative slack
I20260802 12:21:54.127260 21632 StaDataPropagation.cc:61] the endpoint vertex ram.mem_249_2_3__reg_p:D has negative slack
I20260802 12:21:54.127354 21632 StaDataPropagation.cc:61] the endpoint vertex ram.mem_251_2_4__reg_p:D has negative slack
I20260802 12:21:54.127485 21632 StaDataPropagation.cc:61] the endpoint vertex ram.mem_254_2_3__reg_p:D has negative slack
I20260802 12:21:54.127642 21632 StaDataPropagation.cc:61] the endpoint vertex ram.mem_27_2_4__reg_p:D has negative slack
I20260802 12:21:54.127784 21632 StaDataPropagation.cc:61] the endpoint vertex ram.mem_33_2_3__reg_p:D has negative slack
I20260802 12:21:54.127887 21632 StaDataPropagation.cc:61] the endpoint vertex ram.mem_35_2_4__reg_p:D has negative slack
I20260802 12:21:54.128007 21632 StaDataPropagation.cc:61] the endpoint vertex ram.mem_20_2_3__reg_p:D has negative slack
I20260802 12:21:54.128104 21632 StaDataPropagation.cc:61] the endpoint vertex ram.mem_22_2_4__reg_p:D has negative slack
I20260802 12:21:54.128211 21632 StaDataPropagation.cc:61] the endpoint vertex ram.mem_25_2_3__reg_p:D has negative slack
I20260802 12:21:54.128302 21632 StaDataPropagation.cc:61] the endpoint vertex ram.mem_28_2_4__reg_p:D has negative slack
I20260802 12:21:54.128412 21632 StaDataPropagation.cc:61] the endpoint vertex ram.mem_38_2_3__reg_p:D has negative slack
I20260802 12:21:54.128515 21632 StaDataPropagation.cc:61] the endpoint vertex ram.mem_64_2_4__reg_p:D has negative slack
I20260802 12:21:54.128626 21632 StaDataPropagation.cc:61] the endpoint vertex ram.mem_67_2_3__reg_p:D has negative slack
I20260802 12:21:54.128719 21632 StaDataPropagation.cc:61] the endpoint vertex ram.mem_69_2_4__reg_p:D has negative slack
I20260802 12:21:54.128849 21632 StaDataPropagation.cc:61] the endpoint vertex ram.mem_72_2_3__reg_p:D has negative slack
I20260802 12:21:54.128944 21632 StaDataPropagation.cc:61] the endpoint vertex ram.mem_74_2_4__reg_p:D has negative slack
I20260802 12:21:54.129061 21632 StaDataPropagation.cc:61] the endpoint vertex ram.mem_77_2_3__reg_p:D has negative slack
I20260802 12:21:54.129155 21632 StaDataPropagation.cc:61] the endpoint vertex ram.mem_79_2_4__reg_p:D has negative slack
I20260802 12:21:54.129245 21632 StaDataPropagation.cc:61] the endpoint vertex ram.mem_82_2_3__reg_p:D has negative slack
I20260802 12:21:54.129331 21632 StaDataPropagation.cc:61] the endpoint vertex ram.mem_84_2_4__reg_p:D has negative slack
I20260802 12:21:54.129452 21632 StaDataPropagation.cc:61] the endpoint vertex ram.mem_87_2_3__reg_p:D has negative slack
I20260802 12:21:54.129547 21632 StaDataPropagation.cc:61] the endpoint vertex ram.mem_89_2_4__reg_p:D has negative slack
I20260802 12:21:54.129659 21632 StaDataPropagation.cc:61] the endpoint vertex ram.mem_92_2_3__reg_p:D has negative slack
I20260802 12:21:54.129755 21632 StaDataPropagation.cc:61] the endpoint vertex ram.mem_94_2_4__reg_p:D has negative slack
I20260802 12:21:54.129866 21632 StaDataPropagation.cc:61] the endpoint vertex ram.mem_97_2_3__reg_p:D has negative slack
I20260802 12:21:54.129961 21632 StaDataPropagation.cc:61] the endpoint vertex ram.mem_99_2_4__reg_p:D has negative slack
I20260802 12:21:54.130790 21632 StaDataPropagation.cc:61] the endpoint vertex ram.mem_20_3_6__reg_p:D has negative slack
I20260802 12:21:54.130859 21632 StaDataPropagation.cc:61] the endpoint vertex ram.mem_25_3_6__reg_p:D has negative slack
I20260802 12:21:54.130923 21632 StaDataPropagation.cc:61] the endpoint vertex ram.mem_30_3_6__reg_p:D has negative slack
I20260802 12:21:54.130985 21632 StaDataPropagation.cc:61] the endpoint vertex ram.mem_35_3_6__reg_p:D has negative slack
I20260802 12:21:54.131052 21632 StaDataPropagation.cc:61] the endpoint vertex ram.mem_40_3_6__reg_p:D has negative slack
I20260802 12:21:54.131111 21632 StaDataPropagation.cc:61] the endpoint vertex ram.mem_45_3_6__reg_p:D has negative slack
I20260802 12:21:54.131171 21632 StaDataPropagation.cc:61] the endpoint vertex ram.mem_50_3_6__reg_p:D has negative slack
I20260802 12:21:54.131232 21632 StaDataPropagation.cc:61] the endpoint vertex ram.mem_55_3_6__reg_p:D has negative slack
I20260802 12:21:54.131275 21632 StaDataPropagation.cc:61] the endpoint vertex ram.mem_60_3_6__reg_p:D has negative slack
I20260802 12:21:54.131332 21632 StaDataPropagation.cc:61] the endpoint vertex ram.mem_10_3_6__reg_p:D has negative slack
I20260802 12:21:54.131393 21632 StaDataPropagation.cc:61] the endpoint vertex ram.mem_15_3_6__reg_p:D has negative slack
I20260802 12:21:54.131436 21632 StaDataPropagation.cc:61] the endpoint vertex ram.mem_5_3_6__reg_p:D has negative slack
I20260802 12:21:54.131510 21632 StaDataPropagation.cc:61] the endpoint vertex ram.mem_64_3_6__reg_p:D has negative slack
I20260802 12:21:54.131573 21632 StaDataPropagation.cc:61] the endpoint vertex ram.mem_69_3_6__reg_p:D has negative slack
I20260802 12:21:54.131633 21632 StaDataPropagation.cc:61] the endpoint vertex ram.mem_74_3_6__reg_p:D has negative slack
I20260802 12:21:54.131672 21632 StaDataPropagation.cc:61] the endpoint vertex ram.mem_79_3_6__reg_p:D has negative slack
I20260802 12:21:54.131726 21632 StaDataPropagation.cc:61] the endpoint vertex ram.mem_84_3_6__reg_p:D has negative slack
I20260802 12:21:54.131771 21632 StaDataPropagation.cc:61] the endpoint vertex ram.mem_101_3_6__reg_p:D has negative slack
I20260802 12:21:54.131827 21632 StaDataPropagation.cc:61] the endpoint vertex ram.mem_106_3_6__reg_p:D has negative slack
I20260802 12:21:54.131870 21632 StaDataPropagation.cc:61] the endpoint vertex ram.mem_111_3_6__reg_p:D has negative slack
I20260802 12:21:54.131922 21632 StaDataPropagation.cc:61] the endpoint vertex ram.mem_92_3_6__reg_p:D has negative slack
I20260802 12:21:54.131960 21632 StaDataPropagation.cc:61] the endpoint vertex ram.mem_97_3_6__reg_p:D has negative slack
I20260802 12:21:54.132031 21632 StaDataPropagation.cc:61] the endpoint vertex ram.mem_114_3_6__reg_p:D has negative slack
I20260802 12:21:54.132074 21632 StaDataPropagation.cc:61] the endpoint vertex ram.mem_119_3_6__reg_p:D has negative slack
I20260802 12:21:54.132128 21632 StaDataPropagation.cc:61] the endpoint vertex ram.mem_124_3_6__reg_p:D has negative slack
I20260802 12:21:54.132166 21632 StaDataPropagation.cc:61] the endpoint vertex ram.mem_129_3_6__reg_p:D has negative slack
I20260802 12:21:54.132220 21632 StaDataPropagation.cc:61] the endpoint vertex ram.mem_134_3_6__reg_p:D has negative slack
I20260802 12:21:54.132282 21632 StaDataPropagation.cc:61] the endpoint vertex ram.mem_139_3_6__reg_p:D has negative slack
I20260802 12:21:54.132339 21632 StaDataPropagation.cc:61] the endpoint vertex ram.mem_144_3_6__reg_p:D has negative slack
I20260802 12:21:54.132400 21632 StaDataPropagation.cc:61] the endpoint vertex ram.mem_150_3_6__reg_p:D has negative slack
I20260802 12:21:54.132469 21632 StaDataPropagation.cc:61] the endpoint vertex ram.mem_155_3_6__reg_p:D has negative slack
I20260802 12:21:54.132530 21632 StaDataPropagation.cc:61] the endpoint vertex ram.mem_160_3_6__reg_p:D has negative slack
I20260802 12:21:54.132593 21632 StaDataPropagation.cc:61] the endpoint vertex ram.mem_165_3_6__reg_p:D has negative slack
I20260802 12:21:54.132654 21632 StaDataPropagation.cc:61] the endpoint vertex ram.mem_170_3_6__reg_p:D has negative slack
I20260802 12:21:54.132695 21632 StaDataPropagation.cc:61] the endpoint vertex ram.mem_175_3_6__reg_p:D has negative slack
I20260802 12:21:54.132752 21632 StaDataPropagation.cc:61] the endpoint vertex ram.mem_180_3_6__reg_p:D has negative slack
I20260802 12:21:54.132817 21632 StaDataPropagation.cc:61] the endpoint vertex ram.mem_185_3_6__reg_p:D has negative slack
I20260802 12:21:54.132880 21632 StaDataPropagation.cc:61] the endpoint vertex ram.mem_190_3_6__reg_p:D has negative slack
I20260802 12:21:54.132925 21632 StaDataPropagation.cc:61] the endpoint vertex ram.mem_195_3_6__reg_p:D has negative slack
I20260802 12:21:54.132977 21632 StaDataPropagation.cc:61] the endpoint vertex ram.mem_200_3_6__reg_p:D has negative slack
I20260802 12:21:54.133016 21632 StaDataPropagation.cc:61] the endpoint vertex ram.mem_205_3_6__reg_p:D has negative slack
I20260802 12:21:54.133072 21632 StaDataPropagation.cc:61] the endpoint vertex ram.mem_210_3_6__reg_p:D has negative slack
I20260802 12:21:54.133111 21632 StaDataPropagation.cc:61] the endpoint vertex ram.mem_215_3_6__reg_p:D has negative slack
I20260802 12:21:54.133165 21632 StaDataPropagation.cc:61] the endpoint vertex ram.mem_220_3_6__reg_p:D has negative slack
I20260802 12:21:54.133205 21632 StaDataPropagation.cc:61] the endpoint vertex ram.mem_225_3_6__reg_p:D has negative slack
I20260802 12:21:54.133258 21632 StaDataPropagation.cc:61] the endpoint vertex ram.mem_230_3_6__reg_p:D has negative slack
I20260802 12:21:54.133322 21632 StaDataPropagation.cc:61] the endpoint vertex ram.mem_234_3_6__reg_p:D has negative slack
I20260802 12:21:54.133379 21632 StaDataPropagation.cc:61] the endpoint vertex ram.mem_239_3_6__reg_p:D has negative slack
I20260802 12:21:54.133448 21632 StaDataPropagation.cc:61] the endpoint vertex ram.mem_244_3_6__reg_p:D has negative slack
I20260802 12:21:54.133507 21632 StaDataPropagation.cc:61] the endpoint vertex ram.mem_249_3_6__reg_p:D has negative slack
I20260802 12:21:54.133566 21632 StaDataPropagation.cc:61] the endpoint vertex ram.mem_254_3_6__reg_p:D has negative slack
I20260802 12:21:54.133654 21632 StaDataPropagation.cc:61] the endpoint vertex ram.mem_255_0_3__reg_p:D has negative slack
I20260802 12:21:54.133785 21632 StaDataPropagation.cc:61] the endpoint vertex cpu.idu.gpr.gpr_3_1__reg_p:D has negative slack
I20260802 12:21:54.133849 21632 StaDataPropagation.cc:61] the endpoint vertex cpu.idu.gpr.gpr_10_1__reg_p:D has negative slack
I20260802 12:21:54.133914 21632 StaDataPropagation.cc:61] the endpoint vertex cpu.idu.gpr.gpr_15_1__reg_p:D has negative slack
I20260802 12:21:54.133986 21632 StaDataPropagation.cc:61] the endpoint vertex cpu.idu.gpr.gpr_20_1__reg_p:D has negative slack
I20260802 12:21:54.134063 21632 StaDataPropagation.cc:61] the endpoint vertex cpu.idu.gpr.gpr_25_1__reg_p:D has negative slack
I20260802 12:21:54.134130 21632 StaDataPropagation.cc:61] the endpoint vertex cpu.idu.gpr.gpr_30_1__reg_p:D has negative slack
I20260802 12:21:54.134276 21632 StaDataPropagation.cc:61] the endpoint vertex ram.mem_18_1_6__reg_p:D has negative slack
I20260802 12:21:54.134346 21632 StaDataPropagation.cc:61] the endpoint vertex ram.mem_23_1_6__reg_p:D has negative slack
I20260802 12:21:54.134409 21632 StaDataPropagation.cc:61] the endpoint vertex ram.mem_28_1_6__reg_p:D has negative slack
I20260802 12:21:54.134474 21632 StaDataPropagation.cc:61] the endpoint vertex ram.mem_34_1_6__reg_p:D has negative slack
I20260802 12:21:54.134536 21632 StaDataPropagation.cc:61] the endpoint vertex ram.mem_39_1_6__reg_p:D has negative slack
I20260802 12:21:54.134599 21632 StaDataPropagation.cc:61] the endpoint vertex ram.mem_44_1_6__reg_p:D has negative slack
I20260802 12:21:54.134660 21632 StaDataPropagation.cc:61] the endpoint vertex ram.mem_49_1_6__reg_p:D has negative slack
I20260802 12:21:54.134721 21632 StaDataPropagation.cc:61] the endpoint vertex ram.mem_54_1_6__reg_p:D has negative slack
I20260802 12:21:54.134783 21632 StaDataPropagation.cc:61] the endpoint vertex ram.mem_59_1_6__reg_p:D has negative slack
I20260802 12:21:54.134845 21632 StaDataPropagation.cc:61] the endpoint vertex ram.mem_64_1_6__reg_p:D has negative slack
I20260802 12:21:54.134910 21632 StaDataPropagation.cc:61] the endpoint vertex ram.mem_12_1_6__reg_p:D has negative slack
I20260802 12:21:54.134974 21632 StaDataPropagation.cc:61] the endpoint vertex ram.mem_2_1_6__reg_p:D has negative slack
I20260802 12:21:54.135035 21632 StaDataPropagation.cc:61] the endpoint vertex ram.mem_7_1_6__reg_p:D has negative slack
I20260802 12:21:54.135098 21632 StaDataPropagation.cc:61] the endpoint vertex ram.mem_69_1_6__reg_p:D has negative slack
I20260802 12:21:54.135160 21632 StaDataPropagation.cc:61] the endpoint vertex ram.mem_75_1_6__reg_p:D has negative slack
I20260802 12:21:54.135222 21632 StaDataPropagation.cc:61] the endpoint vertex ram.mem_80_1_6__reg_p:D has negative slack
I20260802 12:21:54.135283 21632 StaDataPropagation.cc:61] the endpoint vertex ram.mem_87_1_6__reg_p:D has negative slack
I20260802 12:21:54.135345 21632 StaDataPropagation.cc:61] the endpoint vertex ram.mem_93_1_6__reg_p:D has negative slack
I20260802 12:21:54.135408 21632 StaDataPropagation.cc:61] the endpoint vertex ram.mem_104_1_6__reg_p:D has negative slack
I20260802 12:21:54.135473 21632 StaDataPropagation.cc:61] the endpoint vertex ram.mem_109_1_6__reg_p:D has negative slack
I20260802 12:21:54.135532 21632 StaDataPropagation.cc:61] the endpoint vertex ram.mem_114_1_6__reg_p:D has negative slack
I20260802 12:21:54.135592 21632 StaDataPropagation.cc:61] the endpoint vertex ram.mem_121_1_6__reg_p:D has negative slack
I20260802 12:21:54.135654 21632 StaDataPropagation.cc:61] the endpoint vertex ram.mem_99_1_6__reg_p:D has negative slack
I20260802 12:21:54.135717 21632 StaDataPropagation.cc:61] the endpoint vertex ram.mem_128_1_6__reg_p:D has negative slack
I20260802 12:21:54.135777 21632 StaDataPropagation.cc:61] the endpoint vertex ram.mem_133_1_6__reg_p:D has negative slack
I20260802 12:21:54.135838 21632 StaDataPropagation.cc:61] the endpoint vertex ram.mem_138_1_6__reg_p:D has negative slack
I20260802 12:21:54.135897 21632 StaDataPropagation.cc:61] the endpoint vertex ram.mem_143_1_6__reg_p:D has negative slack
I20260802 12:21:54.135957 21632 StaDataPropagation.cc:61] the endpoint vertex ram.mem_148_1_6__reg_p:D has negative slack
I20260802 12:21:54.136016 21632 StaDataPropagation.cc:61] the endpoint vertex ram.mem_156_1_6__reg_p:D has negative slack
I20260802 12:21:54.136075 21632 StaDataPropagation.cc:61] the endpoint vertex ram.mem_162_1_6__reg_p:D has negative slack
I20260802 12:21:54.136137 21632 StaDataPropagation.cc:61] the endpoint vertex ram.mem_167_1_6__reg_p:D has negative slack
I20260802 12:21:54.136214 21632 StaDataPropagation.cc:61] the endpoint vertex ram.mem_173_1_6__reg_p:D has negative slack
I20260802 12:21:54.136278 21632 StaDataPropagation.cc:61] the endpoint vertex ram.mem_179_1_6__reg_p:D has negative slack
I20260802 12:21:54.136337 21632 StaDataPropagation.cc:61] the endpoint vertex ram.mem_185_1_6__reg_p:D has negative slack
I20260802 12:21:54.136399 21632 StaDataPropagation.cc:61] the endpoint vertex ram.mem_190_1_6__reg_p:D has negative slack
I20260802 12:21:54.136468 21632 StaDataPropagation.cc:61] the endpoint vertex ram.mem_195_1_6__reg_p:D has negative slack
I20260802 12:21:54.136529 21632 StaDataPropagation.cc:61] the endpoint vertex ram.mem_200_1_6__reg_p:D has negative slack
I20260802 12:21:54.136591 21632 StaDataPropagation.cc:61] the endpoint vertex ram.mem_205_1_6__reg_p:D has negative slack
I20260802 12:21:54.136651 21632 StaDataPropagation.cc:61] the endpoint vertex ram.mem_210_1_6__reg_p:D has negative slack
I20260802 12:21:54.136714 21632 StaDataPropagation.cc:61] the endpoint vertex ram.mem_215_1_6__reg_p:D has negative slack
I20260802 12:21:54.136775 21632 StaDataPropagation.cc:61] the endpoint vertex ram.mem_220_1_6__reg_p:D has negative slack
I20260802 12:21:54.136834 21632 StaDataPropagation.cc:61] the endpoint vertex ram.mem_225_1_6__reg_p:D has negative slack
I20260802 12:21:54.136899 21632 StaDataPropagation.cc:61] the endpoint vertex ram.mem_230_1_6__reg_p:D has negative slack
I20260802 12:21:54.136957 21632 StaDataPropagation.cc:61] the endpoint vertex ram.mem_235_1_6__reg_p:D has negative slack
I20260802 12:21:54.137018 21632 StaDataPropagation.cc:61] the endpoint vertex ram.mem_240_1_6__reg_p:D has negative slack
I20260802 12:21:54.137079 21632 StaDataPropagation.cc:61] the endpoint vertex ram.mem_246_1_6__reg_p:D has negative slack
I20260802 12:21:54.137137 21632 StaDataPropagation.cc:61] the endpoint vertex ram.mem_251_1_6__reg_p:D has negative slack
I20260802 12:21:54.137200 21632 StaDataPropagation.cc:61] the endpoint vertex ram.mem_123_1_6__reg_p:D has negative slack
I20260802 12:21:54.137260 21632 StaDataPropagation.cc:61] the endpoint vertex ram.mem_172_1_6__reg_p:D has negative slack
I20260802 12:21:54.137322 21632 StaDataPropagation.cc:61] the endpoint vertex ram.mem_252_1_6__reg_p:D has negative slack
I20260802 12:21:54.137385 21632 StaDataPropagation.cc:61] the endpoint vertex ram.mem_68_1_6__reg_p:D has negative slack
I20260802 12:21:54.137476 21632 StaDataPropagation.cc:61] the endpoint vertex ram.mem_17_1_2__reg_p:D has negative slack
I20260802 12:21:54.137538 21632 StaDataPropagation.cc:61] the endpoint vertex ram.mem_22_1_2__reg_p:D has negative slack
I20260802 12:21:54.137599 21632 StaDataPropagation.cc:61] the endpoint vertex ram.mem_27_1_2__reg_p:D has negative slack
I20260802 12:21:54.137660 21632 StaDataPropagation.cc:61] the endpoint vertex ram.mem_32_1_2__reg_p:D has negative slack
I20260802 12:21:54.137719 21632 StaDataPropagation.cc:61] the endpoint vertex ram.mem_38_1_2__reg_p:D has negative slack
I20260802 12:21:54.137780 21632 StaDataPropagation.cc:61] the endpoint vertex ram.mem_43_1_2__reg_p:D has negative slack
I20260802 12:21:54.137841 21632 StaDataPropagation.cc:61] the endpoint vertex ram.mem_48_1_2__reg_p:D has negative slack
I20260802 12:21:54.137902 21632 StaDataPropagation.cc:61] the endpoint vertex ram.mem_53_1_2__reg_p:D has negative slack
I20260802 12:21:54.137960 21632 StaDataPropagation.cc:61] the endpoint vertex ram.mem_58_1_2__reg_p:D has negative slack
I20260802 12:21:54.138017 21632 StaDataPropagation.cc:61] the endpoint vertex ram.mem_63_1_2__reg_p:D has negative slack
I20260802 12:21:54.138075 21632 StaDataPropagation.cc:61] the endpoint vertex ram.mem_11_1_2__reg_p:D has negative slack
I20260802 12:21:54.138115 21632 StaDataPropagation.cc:61] the endpoint vertex ram.mem_16_1_2__reg_p:D has negative slack
I20260802 12:21:54.138170 21632 StaDataPropagation.cc:61] the endpoint vertex ram.mem_6_1_2__reg_p:D has negative slack
I20260802 12:21:54.138232 21632 StaDataPropagation.cc:61] the endpoint vertex ram.mem_67_1_2__reg_p:D has negative slack
I20260802 12:21:54.138309 21632 StaDataPropagation.cc:61] the endpoint vertex ram.mem_74_1_2__reg_p:D has negative slack
I20260802 12:21:54.138371 21632 StaDataPropagation.cc:61] the endpoint vertex ram.mem_79_1_2__reg_p:D has negative slack
I20260802 12:21:54.138430 21632 StaDataPropagation.cc:61] the endpoint vertex ram.mem_85_1_2__reg_p:D has negative slack
I20260802 12:21:54.138511 21632 StaDataPropagation.cc:61] the endpoint vertex ram.mem_92_1_2__reg_p:D has negative slack
I20260802 12:21:54.138592 21632 StaDataPropagation.cc:61] the endpoint vertex ram.mem_103_1_2__reg_p:D has negative slack
I20260802 12:21:54.138660 21632 StaDataPropagation.cc:61] the endpoint vertex ram.mem_108_1_2__reg_p:D has negative slack
I20260802 12:21:54.138725 21632 StaDataPropagation.cc:61] the endpoint vertex ram.mem_113_1_2__reg_p:D has negative slack
I20260802 12:21:54.138770 21632 StaDataPropagation.cc:61] the endpoint vertex ram.mem_119_1_2__reg_p:D has negative slack
I20260802 12:21:54.138845 21632 StaDataPropagation.cc:61] the endpoint vertex ram.mem_98_1_2__reg_p:D has negative slack
I20260802 12:21:54.138921 21632 StaDataPropagation.cc:61] the endpoint vertex ram.mem_127_1_2__reg_p:D has negative slack
I20260802 12:21:54.138967 21632 StaDataPropagation.cc:61] the endpoint vertex ram.mem_132_1_2__reg_p:D has negative slack
I20260802 12:21:54.139041 21632 StaDataPropagation.cc:61] the endpoint vertex ram.mem_137_1_2__reg_p:D has negative slack
I20260802 12:21:54.139110 21632 StaDataPropagation.cc:61] the endpoint vertex ram.mem_142_1_2__reg_p:D has negative slack
I20260802 12:21:54.139192 21632 StaDataPropagation.cc:61] the endpoint vertex ram.mem_147_1_2__reg_p:D has negative slack
I20260802 12:21:54.139284 21632 StaDataPropagation.cc:61] the endpoint vertex ram.mem_155_1_2__reg_p:D has negative slack
I20260802 12:21:54.139371 21632 StaDataPropagation.cc:61] the endpoint vertex ram.mem_160_1_2__reg_p:D has negative slack
I20260802 12:21:54.139457 21632 StaDataPropagation.cc:61] the endpoint vertex ram.mem_166_1_2__reg_p:D has negative slack
I20260802 12:21:54.139505 21632 StaDataPropagation.cc:61] the endpoint vertex ram.mem_171_1_2__reg_p:D has negative slack
I20260802 12:21:54.139565 21632 StaDataPropagation.cc:61] the endpoint vertex ram.mem_178_1_2__reg_p:D has negative slack
I20260802 12:21:54.139627 21632 StaDataPropagation.cc:61] the endpoint vertex ram.mem_184_1_2__reg_p:D has negative slack
I20260802 12:21:54.139691 21632 StaDataPropagation.cc:61] the endpoint vertex ram.mem_189_1_2__reg_p:D has negative slack
I20260802 12:21:54.139755 21632 StaDataPropagation.cc:61] the endpoint vertex ram.mem_194_1_2__reg_p:D has negative slack
I20260802 12:21:54.139816 21632 StaDataPropagation.cc:61] the endpoint vertex ram.mem_199_1_2__reg_p:D has negative slack
I20260802 12:21:54.139866 21632 StaDataPropagation.cc:61] the endpoint vertex ram.mem_204_1_2__reg_p:D has negative slack
I20260802 12:21:54.139925 21632 StaDataPropagation.cc:61] the endpoint vertex ram.mem_209_1_2__reg_p:D has negative slack
I20260802 12:21:54.139987 21632 StaDataPropagation.cc:61] the endpoint vertex ram.mem_214_1_2__reg_p:D has negative slack
I20260802 12:21:54.140048 21632 StaDataPropagation.cc:61] the endpoint vertex ram.mem_219_1_2__reg_p:D has negative slack
I20260802 12:21:54.140111 21632 StaDataPropagation.cc:61] the endpoint vertex ram.mem_224_1_2__reg_p:D has negative slack
I20260802 12:21:54.140177 21632 StaDataPropagation.cc:61] the endpoint vertex ram.mem_229_1_2__reg_p:D has negative slack
I20260802 12:21:54.140236 21632 StaDataPropagation.cc:61] the endpoint vertex ram.mem_234_1_2__reg_p:D has negative slack
I20260802 12:21:54.140298 21632 StaDataPropagation.cc:61] the endpoint vertex ram.mem_239_1_2__reg_p:D has negative slack
I20260802 12:21:54.140362 21632 StaDataPropagation.cc:61] the endpoint vertex ram.mem_244_1_2__reg_p:D has negative slack
I20260802 12:21:54.140422 21632 StaDataPropagation.cc:61] the endpoint vertex ram.mem_250_1_2__reg_p:D has negative slack
I20260802 12:21:54.140524 21632 StaDataPropagation.cc:61] the endpoint vertex ram.mem_122_1_2__reg_p:D has negative slack
I20260802 12:21:54.140600 21632 StaDataPropagation.cc:61] the endpoint vertex ram.mem_161_1_2__reg_p:D has negative slack
I20260802 12:21:54.140664 21632 StaDataPropagation.cc:61] the endpoint vertex ram.mem_245_1_2__reg_p:D has negative slack
I20260802 12:21:54.140727 21632 StaDataPropagation.cc:61] the endpoint vertex ram.mem_33_1_2__reg_p:D has negative slack
I20260802 12:21:54.140789 21632 StaDataPropagation.cc:61] the endpoint vertex ram.mem_88_1_2__reg_p:D has negative slack
I20260802 12:21:54.140866 21632 StaDataPropagation.cc:61] the endpoint vertex ram.mem_20_3_2__reg_p:D has negative slack
I20260802 12:21:54.140929 21632 StaDataPropagation.cc:61] the endpoint vertex ram.mem_25_3_2__reg_p:D has negative slack
I20260802 12:21:54.140990 21632 StaDataPropagation.cc:61] the endpoint vertex ram.mem_30_3_2__reg_p:D has negative slack
I20260802 12:21:54.141050 21632 StaDataPropagation.cc:61] the endpoint vertex ram.mem_35_3_2__reg_p:D has negative slack
I20260802 12:21:54.141114 21632 StaDataPropagation.cc:61] the endpoint vertex ram.mem_40_3_2__reg_p:D has negative slack
I20260802 12:21:54.141176 21632 StaDataPropagation.cc:61] the endpoint vertex ram.mem_45_3_2__reg_p:D has negative slack
I20260802 12:21:54.141238 21632 StaDataPropagation.cc:61] the endpoint vertex ram.mem_50_3_2__reg_p:D has negative slack
I20260802 12:21:54.141300 21632 StaDataPropagation.cc:61] the endpoint vertex ram.mem_55_3_2__reg_p:D has negative slack
I20260802 12:21:54.141362 21632 StaDataPropagation.cc:61] the endpoint vertex ram.mem_60_3_2__reg_p:D has negative slack
I20260802 12:21:54.141427 21632 StaDataPropagation.cc:61] the endpoint vertex ram.mem_10_3_2__reg_p:D has negative slack
I20260802 12:21:54.141501 21632 StaDataPropagation.cc:61] the endpoint vertex ram.mem_15_3_2__reg_p:D has negative slack
I20260802 12:21:54.141566 21632 StaDataPropagation.cc:61] the endpoint vertex ram.mem_5_3_2__reg_p:D has negative slack
I20260802 12:21:54.141628 21632 StaDataPropagation.cc:61] the endpoint vertex ram.mem_64_3_2__reg_p:D has negative slack
I20260802 12:21:54.141690 21632 StaDataPropagation.cc:61] the endpoint vertex ram.mem_69_3_2__reg_p:D has negative slack
I20260802 12:21:54.141749 21632 StaDataPropagation.cc:61] the endpoint vertex ram.mem_74_3_2__reg_p:D has negative slack
I20260802 12:21:54.141810 21632 StaDataPropagation.cc:61] the endpoint vertex ram.mem_79_3_2__reg_p:D has negative slack
I20260802 12:21:54.141872 21632 StaDataPropagation.cc:61] the endpoint vertex ram.mem_84_3_2__reg_p:D has negative slack
I20260802 12:21:54.141935 21632 StaDataPropagation.cc:61] the endpoint vertex ram.mem_101_3_2__reg_p:D has negative slack
I20260802 12:21:54.142011 21632 StaDataPropagation.cc:61] the endpoint vertex ram.mem_106_3_2__reg_p:D has negative slack
I20260802 12:21:54.142053 21632 StaDataPropagation.cc:61] the endpoint vertex ram.mem_111_3_2__reg_p:D has negative slack
I20260802 12:21:54.142107 21632 StaDataPropagation.cc:61] the endpoint vertex ram.mem_92_3_2__reg_p:D has negative slack
I20260802 12:21:54.142170 21632 StaDataPropagation.cc:61] the endpoint vertex ram.mem_97_3_2__reg_p:D has negative slack
I20260802 12:21:54.142235 21632 StaDataPropagation.cc:61] the endpoint vertex ram.mem_114_3_2__reg_p:D has negative slack
I20260802 12:21:54.142292 21632 StaDataPropagation.cc:61] the endpoint vertex ram.mem_119_3_2__reg_p:D has negative slack
I20260802 12:21:54.142352 21632 StaDataPropagation.cc:61] the endpoint vertex ram.mem_124_3_2__reg_p:D has negative slack
I20260802 12:21:54.142412 21632 StaDataPropagation.cc:61] the endpoint vertex ram.mem_129_3_2__reg_p:D has negative slack
I20260802 12:21:54.142477 21632 StaDataPropagation.cc:61] the endpoint vertex ram.mem_134_3_2__reg_p:D has negative slack
I20260802 12:21:54.142546 21632 StaDataPropagation.cc:61] the endpoint vertex ram.mem_139_3_2__reg_p:D has negative slack
I20260802 12:21:54.142606 21632 StaDataPropagation.cc:61] the endpoint vertex ram.mem_144_3_2__reg_p:D has negative slack
I20260802 12:21:54.142663 21632 StaDataPropagation.cc:61] the endpoint vertex ram.mem_150_3_2__reg_p:D has negative slack
I20260802 12:21:54.142715 21632 StaDataPropagation.cc:61] the endpoint vertex ram.mem_155_3_2__reg_p:D has negative slack
I20260802 12:21:54.142776 21632 StaDataPropagation.cc:61] the endpoint vertex ram.mem_160_3_2__reg_p:D has negative slack
I20260802 12:21:54.142838 21632 StaDataPropagation.cc:61] the endpoint vertex ram.mem_165_3_2__reg_p:D has negative slack
I20260802 12:21:54.142899 21632 StaDataPropagation.cc:61] the endpoint vertex ram.mem_170_3_2__reg_p:D has negative slack
I20260802 12:21:54.142959 21632 StaDataPropagation.cc:61] the endpoint vertex ram.mem_175_3_2__reg_p:D has negative slack
I20260802 12:21:54.143023 21632 StaDataPropagation.cc:61] the endpoint vertex ram.mem_180_3_2__reg_p:D has negative slack
I20260802 12:21:54.143085 21632 StaDataPropagation.cc:61] the endpoint vertex ram.mem_185_3_2__reg_p:D has negative slack
I20260802 12:21:54.143146 21632 StaDataPropagation.cc:61] the endpoint vertex ram.mem_190_3_2__reg_p:D has negative slack
I20260802 12:21:54.143204 21632 StaDataPropagation.cc:61] the endpoint vertex ram.mem_195_3_2__reg_p:D has negative slack
I20260802 12:21:54.143265 21632 StaDataPropagation.cc:61] the endpoint vertex ram.mem_200_3_2__reg_p:D has negative slack
I20260802 12:21:54.143327 21632 StaDataPropagation.cc:61] the endpoint vertex ram.mem_205_3_2__reg_p:D has negative slack
I20260802 12:21:54.143388 21632 StaDataPropagation.cc:61] the endpoint vertex ram.mem_210_3_2__reg_p:D has negative slack
I20260802 12:21:54.143461 21632 StaDataPropagation.cc:61] the endpoint vertex ram.mem_215_3_2__reg_p:D has negative slack
I20260802 12:21:54.143522 21632 StaDataPropagation.cc:61] the endpoint vertex ram.mem_220_3_2__reg_p:D has negative slack
I20260802 12:21:54.143584 21632 StaDataPropagation.cc:61] the endpoint vertex ram.mem_225_3_2__reg_p:D has negative slack
I20260802 12:21:54.143646 21632 StaDataPropagation.cc:61] the endpoint vertex ram.mem_230_3_2__reg_p:D has negative slack
I20260802 12:21:54.143711 21632 StaDataPropagation.cc:61] the endpoint vertex ram.mem_234_3_2__reg_p:D has negative slack
I20260802 12:21:54.143771 21632 StaDataPropagation.cc:61] the endpoint vertex ram.mem_239_3_2__reg_p:D has negative slack
I20260802 12:21:54.143833 21632 StaDataPropagation.cc:61] the endpoint vertex ram.mem_244_3_2__reg_p:D has negative slack
I20260802 12:21:54.143896 21632 StaDataPropagation.cc:61] the endpoint vertex ram.mem_249_3_2__reg_p:D has negative slack
I20260802 12:21:54.143957 21632 StaDataPropagation.cc:61] the endpoint vertex ram.mem_254_3_2__reg_p:D has negative slack
I20260802 12:21:54.144765 21632 StaDataPropagation.cc:61] the endpoint vertex ram.mem_20_1_7__reg_p:D has negative slack
I20260802 12:21:54.144834 21632 StaDataPropagation.cc:61] the endpoint vertex ram.mem_25_1_7__reg_p:D has negative slack
I20260802 12:21:54.144909 21632 StaDataPropagation.cc:61] the endpoint vertex ram.mem_30_1_7__reg_p:D has negative slack
I20260802 12:21:54.144969 21632 StaDataPropagation.cc:61] the endpoint vertex ram.mem_36_1_7__reg_p:D has negative slack
I20260802 12:21:54.145030 21632 StaDataPropagation.cc:61] the endpoint vertex ram.mem_41_1_7__reg_p:D has negative slack
I20260802 12:21:54.145095 21632 StaDataPropagation.cc:61] the endpoint vertex ram.mem_46_1_7__reg_p:D has negative slack
I20260802 12:21:54.145154 21632 StaDataPropagation.cc:61] the endpoint vertex ram.mem_51_1_7__reg_p:D has negative slack
I20260802 12:21:54.145213 21632 StaDataPropagation.cc:61] the endpoint vertex ram.mem_56_1_7__reg_p:D has negative slack
I20260802 12:21:54.145274 21632 StaDataPropagation.cc:61] the endpoint vertex ram.mem_61_1_7__reg_p:D has negative slack
I20260802 12:21:54.145339 21632 StaDataPropagation.cc:61] the endpoint vertex ram.mem_0_1_7__reg_p:D has negative slack
I20260802 12:21:54.145401 21632 StaDataPropagation.cc:61] the endpoint vertex ram.mem_14_1_7__reg_p:D has negative slack
I20260802 12:21:54.145470 21632 StaDataPropagation.cc:61] the endpoint vertex ram.mem_4_1_7__reg_p:D has negative slack
I20260802 12:21:54.145545 21632 StaDataPropagation.cc:61] the endpoint vertex ram.mem_9_1_7__reg_p:D has negative slack
I20260802 12:21:54.145608 21632 StaDataPropagation.cc:61] the endpoint vertex ram.mem_72_1_7__reg_p:D has negative slack
I20260802 12:21:54.145669 21632 StaDataPropagation.cc:61] the endpoint vertex ram.mem_77_1_7__reg_p:D has negative slack
I20260802 12:21:54.145735 21632 StaDataPropagation.cc:61] the endpoint vertex ram.mem_82_1_7__reg_p:D has negative slack
I20260802 12:21:54.145797 21632 StaDataPropagation.cc:61] the endpoint vertex ram.mem_90_1_7__reg_p:D has negative slack
I20260802 12:21:54.145859 21632 StaDataPropagation.cc:61] the endpoint vertex ram.mem_100_1_7__reg_p:D has negative slack
I20260802 12:21:54.145921 21632 StaDataPropagation.cc:61] the endpoint vertex ram.mem_106_1_7__reg_p:D has negative slack
I20260802 12:21:54.146013 21632 StaDataPropagation.cc:61] the endpoint vertex ram.mem_111_1_7__reg_p:D has negative slack
I20260802 12:21:54.146076 21632 StaDataPropagation.cc:61] the endpoint vertex ram.mem_117_1_7__reg_p:D has negative slack
I20260802 12:21:54.146118 21632 StaDataPropagation.cc:61] the endpoint vertex ram.mem_96_1_7__reg_p:D has negative slack
I20260802 12:21:54.146175 21632 StaDataPropagation.cc:61] the endpoint vertex ram.mem_125_1_7__reg_p:D has negative slack
I20260802 12:21:54.146235 21632 StaDataPropagation.cc:61] the endpoint vertex ram.mem_130_1_7__reg_p:D has negative slack
I20260802 12:21:54.146297 21632 StaDataPropagation.cc:61] the endpoint vertex ram.mem_135_1_7__reg_p:D has negative slack
I20260802 12:21:54.146358 21632 StaDataPropagation.cc:61] the endpoint vertex ram.mem_140_1_7__reg_p:D has negative slack
I20260802 12:21:54.146420 21632 StaDataPropagation.cc:61] the endpoint vertex ram.mem_145_1_7__reg_p:D has negative slack
I20260802 12:21:54.146488 21632 StaDataPropagation.cc:61] the endpoint vertex ram.mem_152_1_7__reg_p:D has negative slack
I20260802 12:21:54.146548 21632 StaDataPropagation.cc:61] the endpoint vertex ram.mem_158_1_7__reg_p:D has negative slack
I20260802 12:21:54.146610 21632 StaDataPropagation.cc:61] the endpoint vertex ram.mem_164_1_7__reg_p:D has negative slack
I20260802 12:21:54.146672 21632 StaDataPropagation.cc:61] the endpoint vertex ram.mem_169_1_7__reg_p:D has negative slack
I20260802 12:21:54.146734 21632 StaDataPropagation.cc:61] the endpoint vertex ram.mem_175_1_7__reg_p:D has negative slack
I20260802 12:21:54.146799 21632 StaDataPropagation.cc:61] the endpoint vertex ram.mem_181_1_7__reg_p:D has negative slack
I20260802 12:21:54.146858 21632 StaDataPropagation.cc:61] the endpoint vertex ram.mem_187_1_7__reg_p:D has negative slack
I20260802 12:21:54.146921 21632 StaDataPropagation.cc:61] the endpoint vertex ram.mem_192_1_7__reg_p:D has negative slack
I20260802 12:21:54.146982 21632 StaDataPropagation.cc:61] the endpoint vertex ram.mem_197_1_7__reg_p:D has negative slack
I20260802 12:21:54.147042 21632 StaDataPropagation.cc:61] the endpoint vertex ram.mem_202_1_7__reg_p:D has negative slack
I20260802 12:21:54.147107 21632 StaDataPropagation.cc:61] the endpoint vertex ram.mem_207_1_7__reg_p:D has negative slack
I20260802 12:21:54.147169 21632 StaDataPropagation.cc:61] the endpoint vertex ram.mem_212_1_7__reg_p:D has negative slack
I20260802 12:21:54.147229 21632 StaDataPropagation.cc:61] the endpoint vertex ram.mem_217_1_7__reg_p:D has negative slack
I20260802 12:21:54.147290 21632 StaDataPropagation.cc:61] the endpoint vertex ram.mem_222_1_7__reg_p:D has negative slack
I20260802 12:21:54.147352 21632 StaDataPropagation.cc:61] the endpoint vertex ram.mem_227_1_7__reg_p:D has negative slack
I20260802 12:21:54.147411 21632 StaDataPropagation.cc:61] the endpoint vertex ram.mem_232_1_7__reg_p:D has negative slack
I20260802 12:21:54.147473 21632 StaDataPropagation.cc:61] the endpoint vertex ram.mem_237_1_7__reg_p:D has negative slack
I20260802 12:21:54.147532 21632 StaDataPropagation.cc:61] the endpoint vertex ram.mem_242_1_7__reg_p:D has negative slack
I20260802 12:21:54.147595 21632 StaDataPropagation.cc:61] the endpoint vertex ram.mem_248_1_7__reg_p:D has negative slack
I20260802 12:21:54.147733 21632 StaDataPropagation.cc:61] the endpoint vertex ram.mem_116_1_7__reg_p:D has negative slack
I20260802 12:21:54.147795 21632 StaDataPropagation.cc:61] the endpoint vertex ram.mem_151_1_7__reg_p:D has negative slack
I20260802 12:21:54.147858 21632 StaDataPropagation.cc:61] the endpoint vertex ram.mem_183_1_7__reg_p:D has negative slack
I20260802 12:21:54.147918 21632 StaDataPropagation.cc:61] the endpoint vertex ram.mem_254_1_7__reg_p:D has negative slack
I20260802 12:21:54.147982 21632 StaDataPropagation.cc:61] the endpoint vertex ram.mem_83_1_7__reg_p:D has negative slack
I20260802 12:21:54.148057 21632 StaDataPropagation.cc:61] the endpoint vertex ram.mem_18_3_7__reg_p:D has negative slack
I20260802 12:21:54.148118 21632 StaDataPropagation.cc:61] the endpoint vertex ram.mem_23_3_7__reg_p:D has negative slack
I20260802 12:21:54.148159 21632 StaDataPropagation.cc:61] the endpoint vertex ram.mem_28_3_7__reg_p:D has negative slack
I20260802 12:21:54.148211 21632 StaDataPropagation.cc:61] the endpoint vertex ram.mem_33_3_7__reg_p:D has negative slack
I20260802 12:21:54.148273 21632 StaDataPropagation.cc:61] the endpoint vertex ram.mem_38_3_7__reg_p:D has negative slack
I20260802 12:21:54.148339 21632 StaDataPropagation.cc:61] the endpoint vertex ram.mem_43_3_7__reg_p:D has negative slack
I20260802 12:21:54.148398 21632 StaDataPropagation.cc:61] the endpoint vertex ram.mem_48_3_7__reg_p:D has negative slack
I20260802 12:21:54.148468 21632 StaDataPropagation.cc:61] the endpoint vertex ram.mem_53_3_7__reg_p:D has negative slack
I20260802 12:21:54.148528 21632 StaDataPropagation.cc:61] the endpoint vertex ram.mem_58_3_7__reg_p:D has negative slack
I20260802 12:21:54.148588 21632 StaDataPropagation.cc:61] the endpoint vertex ram.mem_63_3_7__reg_p:D has negative slack
I20260802 12:21:54.148651 21632 StaDataPropagation.cc:61] the endpoint vertex ram.mem_13_3_7__reg_p:D has negative slack
I20260802 12:21:54.148712 21632 StaDataPropagation.cc:61] the endpoint vertex ram.mem_3_3_7__reg_p:D has negative slack
I20260802 12:21:54.148772 21632 StaDataPropagation.cc:61] the endpoint vertex ram.mem_8_3_7__reg_p:D has negative slack
I20260802 12:21:54.148833 21632 StaDataPropagation.cc:61] the endpoint vertex ram.mem_67_3_7__reg_p:D has negative slack
I20260802 12:21:54.148892 21632 StaDataPropagation.cc:61] the endpoint vertex ram.mem_72_3_7__reg_p:D has negative slack
I20260802 12:21:54.148952 21632 StaDataPropagation.cc:61] the endpoint vertex ram.mem_77_3_7__reg_p:D has negative slack
I20260802 12:21:54.149010 21632 StaDataPropagation.cc:61] the endpoint vertex ram.mem_82_3_7__reg_p:D has negative slack
I20260802 12:21:54.149070 21632 StaDataPropagation.cc:61] the endpoint vertex ram.mem_87_3_7__reg_p:D has negative slack
I20260802 12:21:54.149132 21632 StaDataPropagation.cc:61] the endpoint vertex ram.mem_104_3_7__reg_p:D has negative slack
I20260802 12:21:54.149192 21632 StaDataPropagation.cc:61] the endpoint vertex ram.mem_109_3_7__reg_p:D has negative slack
I20260802 12:21:54.149250 21632 StaDataPropagation.cc:61] the endpoint vertex ram.mem_90_3_7__reg_p:D has negative slack
I20260802 12:21:54.149312 21632 StaDataPropagation.cc:61] the endpoint vertex ram.mem_95_3_7__reg_p:D has negative slack
I20260802 12:21:54.149371 21632 StaDataPropagation.cc:61] the endpoint vertex ram.mem_112_3_7__reg_p:D has negative slack
I20260802 12:21:54.149431 21632 StaDataPropagation.cc:61] the endpoint vertex ram.mem_117_3_7__reg_p:D has negative slack
I20260802 12:21:54.149502 21632 StaDataPropagation.cc:61] the endpoint vertex ram.mem_122_3_7__reg_p:D has negative slack
I20260802 12:21:54.149562 21632 StaDataPropagation.cc:61] the endpoint vertex ram.mem_127_3_7__reg_p:D has negative slack
I20260802 12:21:54.149621 21632 StaDataPropagation.cc:61] the endpoint vertex ram.mem_132_3_7__reg_p:D has negative slack
I20260802 12:21:54.149681 21632 StaDataPropagation.cc:61] the endpoint vertex ram.mem_137_3_7__reg_p:D has negative slack
I20260802 12:21:54.149741 21632 StaDataPropagation.cc:61] the endpoint vertex ram.mem_142_3_7__reg_p:D has negative slack
I20260802 12:21:54.149811 21632 StaDataPropagation.cc:61] the endpoint vertex ram.mem_148_3_7__reg_p:D has negative slack
I20260802 12:21:54.149870 21632 StaDataPropagation.cc:61] the endpoint vertex ram.mem_153_3_7__reg_p:D has negative slack
I20260802 12:21:54.149930 21632 StaDataPropagation.cc:61] the endpoint vertex ram.mem_158_3_7__reg_p:D has negative slack
I20260802 12:21:54.150022 21632 StaDataPropagation.cc:61] the endpoint vertex ram.mem_163_3_7__reg_p:D has negative slack
I20260802 12:21:54.150084 21632 StaDataPropagation.cc:61] the endpoint vertex ram.mem_168_3_7__reg_p:D has negative slack
I20260802 12:21:54.150143 21632 StaDataPropagation.cc:61] the endpoint vertex ram.mem_173_3_7__reg_p:D has negative slack
I20260802 12:21:54.150202 21632 StaDataPropagation.cc:61] the endpoint vertex ram.mem_178_3_7__reg_p:D has negative slack
I20260802 12:21:54.150261 21632 StaDataPropagation.cc:61] the endpoint vertex ram.mem_183_3_7__reg_p:D has negative slack
I20260802 12:21:54.150322 21632 StaDataPropagation.cc:61] the endpoint vertex ram.mem_188_3_7__reg_p:D has negative slack
I20260802 12:21:54.150382 21632 StaDataPropagation.cc:61] the endpoint vertex ram.mem_193_3_7__reg_p:D has negative slack
I20260802 12:21:54.150452 21632 StaDataPropagation.cc:61] the endpoint vertex ram.mem_198_3_7__reg_p:D has negative slack
I20260802 12:21:54.150512 21632 StaDataPropagation.cc:61] the endpoint vertex ram.mem_203_3_7__reg_p:D has negative slack
I20260802 12:21:54.150573 21632 StaDataPropagation.cc:61] the endpoint vertex ram.mem_208_3_7__reg_p:D has negative slack
I20260802 12:21:54.150636 21632 StaDataPropagation.cc:61] the endpoint vertex ram.mem_213_3_7__reg_p:D has negative slack
I20260802 12:21:54.150696 21632 StaDataPropagation.cc:61] the endpoint vertex ram.mem_218_3_7__reg_p:D has negative slack
I20260802 12:21:54.150754 21632 StaDataPropagation.cc:61] the endpoint vertex ram.mem_223_3_7__reg_p:D has negative slack
I20260802 12:21:54.150812 21632 StaDataPropagation.cc:61] the endpoint vertex ram.mem_228_3_7__reg_p:D has negative slack
I20260802 12:21:54.150874 21632 StaDataPropagation.cc:61] the endpoint vertex ram.mem_146_3_7__reg_p:D has negative slack
I20260802 12:21:54.150933 21632 StaDataPropagation.cc:61] the endpoint vertex ram.mem_237_3_7__reg_p:D has negative slack
I20260802 12:21:54.150991 21632 StaDataPropagation.cc:61] the endpoint vertex ram.mem_242_3_7__reg_p:D has negative slack
I20260802 12:21:54.151049 21632 StaDataPropagation.cc:61] the endpoint vertex ram.mem_247_3_7__reg_p:D has negative slack
I20260802 12:21:54.151106 21632 StaDataPropagation.cc:61] the endpoint vertex ram.mem_252_3_7__reg_p:D has negative slack
I20260802 12:21:54.151187 21632 StaDataPropagation.cc:61] the endpoint vertex ram.mem_152_0_7__reg_p:D has negative slack
I20260802 12:21:54.151252 21632 StaDataPropagation.cc:61] the endpoint vertex ram.mem_184_0_7__reg_p:D has negative slack
I20260802 12:21:54.151317 21632 StaDataPropagation.cc:61] the endpoint vertex ram.mem_64_0_7__reg_p:D has negative slack
I20260802 12:21:54.151389 21632 StaDataPropagation.cc:61] the endpoint vertex ram.mem_10_0_7__reg_p:D has negative slack
I20260802 12:21:54.151463 21632 StaDataPropagation.cc:61] the endpoint vertex ram.mem_15_0_7__reg_p:D has negative slack
I20260802 12:21:54.151525 21632 StaDataPropagation.cc:61] the endpoint vertex ram.mem_20_0_7__reg_p:D has negative slack
I20260802 12:21:54.151587 21632 StaDataPropagation.cc:61] the endpoint vertex ram.mem_25_0_7__reg_p:D has negative slack
I20260802 12:21:54.151649 21632 StaDataPropagation.cc:61] the endpoint vertex ram.mem_6_0_7__reg_p:D has negative slack
I20260802 12:21:54.151723 21632 StaDataPropagation.cc:61] the endpoint vertex ram.mem_29_0_7__reg_p:D has negative slack
I20260802 12:21:54.151785 21632 StaDataPropagation.cc:61] the endpoint vertex ram.mem_34_0_7__reg_p:D has negative slack
I20260802 12:21:54.151847 21632 StaDataPropagation.cc:61] the endpoint vertex ram.mem_39_0_7__reg_p:D has negative slack
I20260802 12:21:54.151922 21632 StaDataPropagation.cc:61] the endpoint vertex ram.mem_44_0_7__reg_p:D has negative slack
I20260802 12:21:54.151984 21632 StaDataPropagation.cc:61] the endpoint vertex ram.mem_50_0_7__reg_p:D has negative slack
I20260802 12:21:54.152048 21632 StaDataPropagation.cc:61] the endpoint vertex ram.mem_55_0_7__reg_p:D has negative slack
I20260802 12:21:54.152107 21632 StaDataPropagation.cc:61] the endpoint vertex ram.mem_60_0_7__reg_p:D has negative slack
I20260802 12:21:54.152168 21632 StaDataPropagation.cc:61] the endpoint vertex ram.mem_66_0_7__reg_p:D has negative slack
I20260802 12:21:54.152230 21632 StaDataPropagation.cc:61] the endpoint vertex ram.mem_71_0_7__reg_p:D has negative slack
I20260802 12:21:54.152292 21632 StaDataPropagation.cc:61] the endpoint vertex ram.mem_76_0_7__reg_p:D has negative slack
I20260802 12:21:54.152352 21632 StaDataPropagation.cc:61] the endpoint vertex ram.mem_79_0_7__reg_p:D has negative slack
I20260802 12:21:54.152411 21632 StaDataPropagation.cc:61] the endpoint vertex ram.mem_84_0_7__reg_p:D has negative slack
I20260802 12:21:54.152473 21632 StaDataPropagation.cc:61] the endpoint vertex ram.mem_89_0_7__reg_p:D has negative slack
I20260802 12:21:54.152534 21632 StaDataPropagation.cc:61] the endpoint vertex ram.mem_94_0_7__reg_p:D has negative slack
I20260802 12:21:54.152595 21632 StaDataPropagation.cc:61] the endpoint vertex ram.mem_99_0_7__reg_p:D has negative slack
I20260802 12:21:54.152662 21632 StaDataPropagation.cc:61] the endpoint vertex ram.mem_106_0_7__reg_p:D has negative slack
I20260802 12:21:54.152721 21632 StaDataPropagation.cc:61] the endpoint vertex ram.mem_111_0_7__reg_p:D has negative slack
I20260802 12:21:54.152781 21632 StaDataPropagation.cc:61] the endpoint vertex ram.mem_116_0_7__reg_p:D has negative slack
I20260802 12:21:54.152840 21632 StaDataPropagation.cc:61] the endpoint vertex ram.mem_121_0_7__reg_p:D has negative slack
I20260802 12:21:54.152904 21632 StaDataPropagation.cc:61] the endpoint vertex ram.mem_126_0_7__reg_p:D has negative slack
I20260802 12:21:54.152962 21632 StaDataPropagation.cc:61] the endpoint vertex ram.mem_131_0_7__reg_p:D has negative slack
I20260802 12:21:54.153021 21632 StaDataPropagation.cc:61] the endpoint vertex ram.mem_136_0_7__reg_p:D has negative slack
I20260802 12:21:54.153082 21632 StaDataPropagation.cc:61] the endpoint vertex ram.mem_141_0_7__reg_p:D has negative slack
I20260802 12:21:54.153142 21632 StaDataPropagation.cc:61] the endpoint vertex ram.mem_146_0_7__reg_p:D has negative slack
I20260802 12:21:54.153204 21632 StaDataPropagation.cc:61] the endpoint vertex ram.mem_153_0_7__reg_p:D has negative slack
I20260802 12:21:54.153262 21632 StaDataPropagation.cc:61] the endpoint vertex ram.mem_159_0_7__reg_p:D has negative slack
I20260802 12:21:54.153321 21632 StaDataPropagation.cc:61] the endpoint vertex ram.mem_164_0_7__reg_p:D has negative slack
I20260802 12:21:54.153384 21632 StaDataPropagation.cc:61] the endpoint vertex ram.mem_171_0_7__reg_p:D has negative slack
I20260802 12:21:54.153455 21632 StaDataPropagation.cc:61] the endpoint vertex ram.mem_177_0_7__reg_p:D has negative slack
I20260802 12:21:54.153519 21632 StaDataPropagation.cc:61] the endpoint vertex ram.mem_182_0_7__reg_p:D has negative slack
I20260802 12:21:54.153579 21632 StaDataPropagation.cc:61] the endpoint vertex ram.mem_189_0_7__reg_p:D has negative slack
I20260802 12:21:54.153638 21632 StaDataPropagation.cc:61] the endpoint vertex ram.mem_194_0_7__reg_p:D has negative slack
I20260802 12:21:54.153698 21632 StaDataPropagation.cc:61] the endpoint vertex ram.mem_199_0_7__reg_p:D has negative slack
I20260802 12:21:54.153757 21632 StaDataPropagation.cc:61] the endpoint vertex ram.mem_204_0_7__reg_p:D has negative slack
I20260802 12:21:54.153821 21632 StaDataPropagation.cc:61] the endpoint vertex ram.mem_209_0_7__reg_p:D has negative slack
I20260802 12:21:54.153860 21632 StaDataPropagation.cc:61] the endpoint vertex ram.mem_214_0_7__reg_p:D has negative slack
I20260802 12:21:54.153894 21632 StaDataPropagation.cc:61] the endpoint vertex ram.mem_219_0_7__reg_p:D has negative slack
I20260802 12:21:54.153957 21632 StaDataPropagation.cc:61] the endpoint vertex ram.mem_224_0_7__reg_p:D has negative slack
I20260802 12:21:54.154013 21632 StaDataPropagation.cc:61] the endpoint vertex ram.mem_230_0_7__reg_p:D has negative slack
I20260802 12:21:54.154067 21632 StaDataPropagation.cc:61] the endpoint vertex ram.mem_235_0_7__reg_p:D has negative slack
I20260802 12:21:54.154127 21632 StaDataPropagation.cc:61] the endpoint vertex ram.mem_240_0_7__reg_p:D has negative slack
I20260802 12:21:54.154188 21632 StaDataPropagation.cc:61] the endpoint vertex ram.mem_245_0_7__reg_p:D has negative slack
I20260802 12:21:54.154248 21632 StaDataPropagation.cc:61] the endpoint vertex ram.mem_250_0_7__reg_p:D has negative slack
I20260802 12:21:54.154328 21632 StaDataPropagation.cc:61] the endpoint vertex ram.mem_110_0_0__reg_p:D has negative slack
I20260802 12:21:54.154390 21632 StaDataPropagation.cc:61] the endpoint vertex ram.mem_140_0_0__reg_p:D has negative slack
I20260802 12:21:54.154464 21632 StaDataPropagation.cc:61] the endpoint vertex ram.mem_202_0_0__reg_p:D has negative slack
I20260802 12:21:54.154527 21632 StaDataPropagation.cc:61] the endpoint vertex ram.mem_254_0_0__reg_p:D has negative slack
I20260802 12:21:54.154592 21632 StaDataPropagation.cc:61] the endpoint vertex ram.mem_83_0_0__reg_p:D has negative slack
I20260802 12:21:54.154660 21632 StaDataPropagation.cc:61] the endpoint vertex ram.mem_21_0_0__reg_p:D has negative slack
I20260802 12:21:54.154721 21632 StaDataPropagation.cc:61] the endpoint vertex ram.mem_26_0_0__reg_p:D has negative slack
I20260802 12:21:54.154780 21632 StaDataPropagation.cc:61] the endpoint vertex ram.mem_31_0_0__reg_p:D has negative slack
I20260802 12:21:54.154841 21632 StaDataPropagation.cc:61] the endpoint vertex ram.mem_36_0_0__reg_p:D has negative slack
I20260802 12:21:54.154898 21632 StaDataPropagation.cc:61] the endpoint vertex ram.mem_41_0_0__reg_p:D has negative slack
I20260802 12:21:54.154960 21632 StaDataPropagation.cc:61] the endpoint vertex ram.mem_47_0_0__reg_p:D has negative slack
I20260802 12:21:54.155019 21632 StaDataPropagation.cc:61] the endpoint vertex ram.mem_52_0_0__reg_p:D has negative slack
I20260802 12:21:54.155081 21632 StaDataPropagation.cc:61] the endpoint vertex ram.mem_57_0_0__reg_p:D has negative slack
I20260802 12:21:54.155139 21632 StaDataPropagation.cc:61] the endpoint vertex ram.mem_63_0_0__reg_p:D has negative slack
I20260802 12:21:54.155201 21632 StaDataPropagation.cc:61] the endpoint vertex ram.mem_69_0_0__reg_p:D has negative slack
I20260802 12:21:54.155303 21632 StaDataPropagation.cc:61] the endpoint vertex ram.mem_74_0_0__reg_p:D has negative slack
I20260802 12:21:54.155362 21632 StaDataPropagation.cc:61] the endpoint vertex ram.mem_79_0_0__reg_p:D has negative slack
I20260802 12:21:54.155421 21632 StaDataPropagation.cc:61] the endpoint vertex ram.mem_85_0_0__reg_p:D has negative slack
I20260802 12:21:54.155488 21632 StaDataPropagation.cc:61] the endpoint vertex ram.mem_91_0_0__reg_p:D has negative slack
I20260802 12:21:54.155550 21632 StaDataPropagation.cc:61] the endpoint vertex ram.mem_10_0_0__reg_p:D has negative slack
I20260802 12:21:54.155607 21632 StaDataPropagation.cc:61] the endpoint vertex ram.mem_15_0_0__reg_p:D has negative slack
I20260802 12:21:54.155665 21632 StaDataPropagation.cc:61] the endpoint vertex ram.mem_3_0_0__reg_p:D has negative slack
I20260802 12:21:54.155722 21632 StaDataPropagation.cc:61] the endpoint vertex ram.mem_8_0_0__reg_p:D has negative slack
I20260802 12:21:54.155783 21632 StaDataPropagation.cc:61] the endpoint vertex ram.mem_103_0_0__reg_p:D has negative slack
I20260802 12:21:54.155843 21632 StaDataPropagation.cc:61] the endpoint vertex ram.mem_108_0_0__reg_p:D has negative slack
I20260802 12:21:54.155900 21632 StaDataPropagation.cc:61] the endpoint vertex ram.mem_115_0_0__reg_p:D has negative slack
I20260802 12:21:54.155958 21632 StaDataPropagation.cc:61] the endpoint vertex ram.mem_120_0_0__reg_p:D has negative slack
I20260802 12:21:54.156018 21632 StaDataPropagation.cc:61] the endpoint vertex ram.mem_99_0_0__reg_p:D has negative slack
I20260802 12:21:54.156095 21632 StaDataPropagation.cc:61] the endpoint vertex ram.mem_125_0_0__reg_p:D has negative slack
I20260802 12:21:54.156153 21632 StaDataPropagation.cc:61] the endpoint vertex ram.mem_133_0_0__reg_p:D has negative slack
I20260802 12:21:54.156212 21632 StaDataPropagation.cc:61] the endpoint vertex ram.mem_138_0_0__reg_p:D has negative slack
I20260802 12:21:54.156272 21632 StaDataPropagation.cc:61] the endpoint vertex ram.mem_144_0_0__reg_p:D has negative slack
I20260802 12:21:54.156332 21632 StaDataPropagation.cc:61] the endpoint vertex ram.mem_149_0_0__reg_p:D has negative slack
I20260802 12:21:54.156390 21632 StaDataPropagation.cc:61] the endpoint vertex ram.mem_154_0_0__reg_p:D has negative slack
I20260802 12:21:54.156458 21632 StaDataPropagation.cc:61] the endpoint vertex ram.mem_159_0_0__reg_p:D has negative slack
I20260802 12:21:54.156517 21632 StaDataPropagation.cc:61] the endpoint vertex ram.mem_164_0_0__reg_p:D has negative slack
I20260802 12:21:54.156576 21632 StaDataPropagation.cc:61] the endpoint vertex ram.mem_169_0_0__reg_p:D has negative slack
I20260802 12:21:54.156638 21632 StaDataPropagation.cc:61] the endpoint vertex ram.mem_174_0_0__reg_p:D has negative slack
I20260802 12:21:54.156697 21632 StaDataPropagation.cc:61] the endpoint vertex ram.mem_179_0_0__reg_p:D has negative slack
I20260802 12:21:54.156755 21632 StaDataPropagation.cc:61] the endpoint vertex ram.mem_184_0_0__reg_p:D has negative slack
I20260802 12:21:54.156814 21632 StaDataPropagation.cc:61] the endpoint vertex ram.mem_189_0_0__reg_p:D has negative slack
I20260802 12:21:54.156875 21632 StaDataPropagation.cc:61] the endpoint vertex ram.mem_196_0_0__reg_p:D has negative slack
I20260802 12:21:54.156937 21632 StaDataPropagation.cc:61] the endpoint vertex ram.mem_204_0_0__reg_p:D has negative slack
I20260802 12:21:54.156997 21632 StaDataPropagation.cc:61] the endpoint vertex ram.mem_210_0_0__reg_p:D has negative slack
I20260802 12:21:54.157055 21632 StaDataPropagation.cc:61] the endpoint vertex ram.mem_215_0_0__reg_p:D has negative slack
I20260802 12:21:54.157115 21632 StaDataPropagation.cc:61] the endpoint vertex ram.mem_223_0_0__reg_p:D has negative slack
I20260802 12:21:54.157173 21632 StaDataPropagation.cc:61] the endpoint vertex ram.mem_228_0_0__reg_p:D has negative slack
I20260802 12:21:54.157234 21632 StaDataPropagation.cc:61] the endpoint vertex ram.mem_233_0_0__reg_p:D has negative slack
I20260802 12:21:54.157292 21632 StaDataPropagation.cc:61] the endpoint vertex ram.mem_238_0_0__reg_p:D has negative slack
I20260802 12:21:54.157351 21632 StaDataPropagation.cc:61] the endpoint vertex ram.mem_243_0_0__reg_p:D has negative slack
I20260802 12:21:54.157407 21632 StaDataPropagation.cc:61] the endpoint vertex ram.mem_248_0_0__reg_p:D has negative slack
I20260802 12:21:54.157471 21632 StaDataPropagation.cc:61] the endpoint vertex ram.mem_253_0_0__reg_p:D has negative slack
I20260802 12:21:54.157543 21632 StaDataPropagation.cc:61] the endpoint vertex ram.mem_20_3_1__reg_p:D has negative slack
I20260802 12:21:54.157583 21632 StaDataPropagation.cc:61] the endpoint vertex ram.mem_25_3_1__reg_p:D has negative slack
I20260802 12:21:54.157634 21632 StaDataPropagation.cc:61] the endpoint vertex ram.mem_30_3_1__reg_p:D has negative slack
I20260802 12:21:54.157675 21632 StaDataPropagation.cc:61] the endpoint vertex ram.mem_35_3_1__reg_p:D has negative slack
I20260802 12:21:54.157732 21632 StaDataPropagation.cc:61] the endpoint vertex ram.mem_40_3_1__reg_p:D has negative slack
I20260802 12:21:54.157789 21632 StaDataPropagation.cc:61] the endpoint vertex ram.mem_45_3_1__reg_p:D has negative slack
I20260802 12:21:54.157846 21632 StaDataPropagation.cc:61] the endpoint vertex ram.mem_50_3_1__reg_p:D has negative slack
I20260802 12:21:54.157905 21632 StaDataPropagation.cc:61] the endpoint vertex ram.mem_55_3_1__reg_p:D has negative slack
I20260802 12:21:54.157945 21632 StaDataPropagation.cc:61] the endpoint vertex ram.mem_60_3_1__reg_p:D has negative slack
I20260802 12:21:54.158030 21632 StaDataPropagation.cc:61] the endpoint vertex ram.mem_10_3_1__reg_p:D has negative slack
I20260802 12:21:54.158090 21632 StaDataPropagation.cc:61] the endpoint vertex ram.mem_15_3_1__reg_p:D has negative slack
I20260802 12:21:54.158152 21632 StaDataPropagation.cc:61] the endpoint vertex ram.mem_5_3_1__reg_p:D has negative slack
I20260802 12:21:54.158215 21632 StaDataPropagation.cc:61] the endpoint vertex ram.mem_64_3_1__reg_p:D has negative slack
I20260802 12:21:54.158277 21632 StaDataPropagation.cc:61] the endpoint vertex ram.mem_69_3_1__reg_p:D has negative slack
I20260802 12:21:54.158335 21632 StaDataPropagation.cc:61] the endpoint vertex ram.mem_74_3_1__reg_p:D has negative slack
I20260802 12:21:54.158394 21632 StaDataPropagation.cc:61] the endpoint vertex ram.mem_79_3_1__reg_p:D has negative slack
I20260802 12:21:54.158466 21632 StaDataPropagation.cc:61] the endpoint vertex ram.mem_84_3_1__reg_p:D has negative slack
I20260802 12:21:54.158548 21632 StaDataPropagation.cc:61] the endpoint vertex ram.mem_101_3_1__reg_p:D has negative slack
I20260802 12:21:54.158608 21632 StaDataPropagation.cc:61] the endpoint vertex ram.mem_106_3_1__reg_p:D has negative slack
I20260802 12:21:54.158667 21632 StaDataPropagation.cc:61] the endpoint vertex ram.mem_111_3_1__reg_p:D has negative slack
I20260802 12:21:54.158725 21632 StaDataPropagation.cc:61] the endpoint vertex ram.mem_92_3_1__reg_p:D has negative slack
I20260802 12:21:54.158784 21632 StaDataPropagation.cc:61] the endpoint vertex ram.mem_97_3_1__reg_p:D has negative slack
I20260802 12:21:54.158843 21632 StaDataPropagation.cc:61] the endpoint vertex ram.mem_114_3_1__reg_p:D has negative slack
I20260802 12:21:54.158901 21632 StaDataPropagation.cc:61] the endpoint vertex ram.mem_119_3_1__reg_p:D has negative slack
I20260802 12:21:54.158957 21632 StaDataPropagation.cc:61] the endpoint vertex ram.mem_124_3_1__reg_p:D has negative slack
I20260802 12:21:54.159017 21632 StaDataPropagation.cc:61] the endpoint vertex ram.mem_129_3_1__reg_p:D has negative slack
I20260802 12:21:54.159091 21632 StaDataPropagation.cc:61] the endpoint vertex ram.mem_134_3_1__reg_p:D has negative slack
I20260802 12:21:54.159152 21632 StaDataPropagation.cc:61] the endpoint vertex ram.mem_139_3_1__reg_p:D has negative slack
I20260802 12:21:54.159207 21632 StaDataPropagation.cc:61] the endpoint vertex ram.mem_144_3_1__reg_p:D has negative slack
I20260802 12:21:54.159250 21632 StaDataPropagation.cc:61] the endpoint vertex ram.mem_150_3_1__reg_p:D has negative slack
I20260802 12:21:54.159301 21632 StaDataPropagation.cc:61] the endpoint vertex ram.mem_155_3_1__reg_p:D has negative slack
I20260802 12:21:54.159359 21632 StaDataPropagation.cc:61] the endpoint vertex ram.mem_160_3_1__reg_p:D has negative slack
I20260802 12:21:54.159421 21632 StaDataPropagation.cc:61] the endpoint vertex ram.mem_165_3_1__reg_p:D has negative slack
I20260802 12:21:54.159482 21632 StaDataPropagation.cc:61] the endpoint vertex ram.mem_170_3_1__reg_p:D has negative slack
I20260802 12:21:54.159541 21632 StaDataPropagation.cc:61] the endpoint vertex ram.mem_175_3_1__reg_p:D has negative slack
I20260802 12:21:54.159617 21632 StaDataPropagation.cc:61] the endpoint vertex ram.mem_180_3_1__reg_p:D has negative slack
I20260802 12:21:54.159678 21632 StaDataPropagation.cc:61] the endpoint vertex ram.mem_185_3_1__reg_p:D has negative slack
I20260802 12:21:54.159739 21632 StaDataPropagation.cc:61] the endpoint vertex ram.mem_190_3_1__reg_p:D has negative slack
I20260802 12:21:54.159797 21632 StaDataPropagation.cc:61] the endpoint vertex ram.mem_195_3_1__reg_p:D has negative slack
I20260802 12:21:54.159857 21632 StaDataPropagation.cc:61] the endpoint vertex ram.mem_200_3_1__reg_p:D has negative slack
I20260802 12:21:54.159917 21632 StaDataPropagation.cc:61] the endpoint vertex ram.mem_205_3_1__reg_p:D has negative slack
I20260802 12:21:54.159961 21632 StaDataPropagation.cc:61] the endpoint vertex ram.mem_210_3_1__reg_p:D has negative slack
I20260802 12:21:54.160012 21632 StaDataPropagation.cc:61] the endpoint vertex ram.mem_215_3_1__reg_p:D has negative slack
I20260802 12:21:54.160084 21632 StaDataPropagation.cc:61] the endpoint vertex ram.mem_220_3_1__reg_p:D has negative slack
I20260802 12:21:54.160143 21632 StaDataPropagation.cc:61] the endpoint vertex ram.mem_225_3_1__reg_p:D has negative slack
I20260802 12:21:54.160202 21632 StaDataPropagation.cc:61] the endpoint vertex ram.mem_230_3_1__reg_p:D has negative slack
I20260802 12:21:54.160264 21632 StaDataPropagation.cc:61] the endpoint vertex ram.mem_234_3_1__reg_p:D has negative slack
I20260802 12:21:54.160323 21632 StaDataPropagation.cc:61] the endpoint vertex ram.mem_239_3_1__reg_p:D has negative slack
I20260802 12:21:54.160380 21632 StaDataPropagation.cc:61] the endpoint vertex ram.mem_244_3_1__reg_p:D has negative slack
I20260802 12:21:54.160439 21632 StaDataPropagation.cc:61] the endpoint vertex ram.mem_249_3_1__reg_p:D has negative slack
I20260802 12:21:54.160497 21632 StaDataPropagation.cc:61] the endpoint vertex ram.mem_254_3_1__reg_p:D has negative slack
I20260802 12:21:54.160593 21632 StaDataPropagation.cc:61] the endpoint vertex ram.mem_216_0_2__reg_p:D has negative slack
I20260802 12:21:54.160660 21632 StaDataPropagation.cc:61] the endpoint vertex ram.mem_0_0_2__reg_p:D has negative slack
I20260802 12:21:54.160720 21632 StaDataPropagation.cc:61] the endpoint vertex ram.mem_5_0_2__reg_p:D has negative slack
I20260802 12:21:54.160779 21632 StaDataPropagation.cc:61] the endpoint vertex ram.mem_12_0_2__reg_p:D has negative slack
I20260802 12:21:54.160838 21632 StaDataPropagation.cc:61] the endpoint vertex ram.mem_17_0_2__reg_p:D has negative slack
I20260802 12:21:54.160897 21632 StaDataPropagation.cc:61] the endpoint vertex ram.mem_22_0_2__reg_p:D has negative slack
I20260802 12:21:54.160959 21632 StaDataPropagation.cc:61] the endpoint vertex ram.mem_27_0_2__reg_p:D has negative slack
I20260802 12:21:54.161020 21632 StaDataPropagation.cc:61] the endpoint vertex ram.mem_8_0_2__reg_p:D has negative slack
I20260802 12:21:54.161083 21632 StaDataPropagation.cc:61] the endpoint vertex ram.mem_35_0_2__reg_p:D has negative slack
I20260802 12:21:54.161141 21632 StaDataPropagation.cc:61] the endpoint vertex ram.mem_40_0_2__reg_p:D has negative slack
I20260802 12:21:54.161201 21632 StaDataPropagation.cc:61] the endpoint vertex ram.mem_45_0_2__reg_p:D has negative slack
I20260802 12:21:54.161259 21632 StaDataPropagation.cc:61] the endpoint vertex ram.mem_50_0_2__reg_p:D has negative slack
I20260802 12:21:54.161319 21632 StaDataPropagation.cc:61] the endpoint vertex ram.mem_55_0_2__reg_p:D has negative slack
I20260802 12:21:54.161381 21632 StaDataPropagation.cc:61] the endpoint vertex ram.mem_61_0_2__reg_p:D has negative slack
I20260802 12:21:54.161442 21632 StaDataPropagation.cc:61] the endpoint vertex ram.mem_66_0_2__reg_p:D has negative slack
I20260802 12:21:54.161502 21632 StaDataPropagation.cc:61] the endpoint vertex ram.mem_72_0_2__reg_p:D has negative slack
I20260802 12:21:54.161561 21632 StaDataPropagation.cc:61] the endpoint vertex ram.mem_77_0_2__reg_p:D has negative slack
I20260802 12:21:54.161633 21632 StaDataPropagation.cc:61] the endpoint vertex ram.mem_100_0_2__reg_p:D has negative slack
I20260802 12:21:54.161691 21632 StaDataPropagation.cc:61] the endpoint vertex ram.mem_105_0_2__reg_p:D has negative slack
I20260802 12:21:54.161751 21632 StaDataPropagation.cc:61] the endpoint vertex ram.mem_86_0_2__reg_p:D has negative slack
I20260802 12:21:54.161808 21632 StaDataPropagation.cc:61] the endpoint vertex ram.mem_91_0_2__reg_p:D has negative slack
I20260802 12:21:54.161868 21632 StaDataPropagation.cc:61] the endpoint vertex ram.mem_96_0_2__reg_p:D has negative slack
I20260802 12:21:54.161932 21632 StaDataPropagation.cc:61] the endpoint vertex ram.mem_108_0_2__reg_p:D has negative slack
I20260802 12:21:54.162002 21632 StaDataPropagation.cc:61] the endpoint vertex ram.mem_113_0_2__reg_p:D has negative slack
I20260802 12:21:54.162062 21632 StaDataPropagation.cc:61] the endpoint vertex ram.mem_118_0_2__reg_p:D has negative slack
I20260802 12:21:54.162123 21632 StaDataPropagation.cc:61] the endpoint vertex ram.mem_123_0_2__reg_p:D has negative slack
I20260802 12:21:54.162197 21632 StaDataPropagation.cc:61] the endpoint vertex ram.mem_128_0_2__reg_p:D has negative slack
I20260802 12:21:54.162261 21632 StaDataPropagation.cc:61] the endpoint vertex ram.mem_133_0_2__reg_p:D has negative slack
I20260802 12:21:54.162321 21632 StaDataPropagation.cc:61] the endpoint vertex ram.mem_138_0_2__reg_p:D has negative slack
I20260802 12:21:54.162381 21632 StaDataPropagation.cc:61] the endpoint vertex ram.mem_143_0_2__reg_p:D has negative slack
I20260802 12:21:54.162441 21632 StaDataPropagation.cc:61] the endpoint vertex ram.mem_148_0_2__reg_p:D has negative slack
I20260802 12:21:54.162499 21632 StaDataPropagation.cc:61] the endpoint vertex ram.mem_153_0_2__reg_p:D has negative slack
I20260802 12:21:54.162560 21632 StaDataPropagation.cc:61] the endpoint vertex ram.mem_158_0_2__reg_p:D has negative slack
I20260802 12:21:54.162629 21632 StaDataPropagation.cc:61] the endpoint vertex ram.mem_163_0_2__reg_p:D has negative slack
I20260802 12:21:54.162688 21632 StaDataPropagation.cc:61] the endpoint vertex ram.mem_168_0_2__reg_p:D has negative slack
I20260802 12:21:54.162748 21632 StaDataPropagation.cc:61] the endpoint vertex ram.mem_173_0_2__reg_p:D has negative slack
I20260802 12:21:54.162787 21632 StaDataPropagation.cc:61] the endpoint vertex ram.mem_178_0_2__reg_p:D has negative slack
I20260802 12:21:54.162842 21632 StaDataPropagation.cc:61] the endpoint vertex ram.mem_183_0_2__reg_p:D has negative slack
I20260802 12:21:54.162899 21632 StaDataPropagation.cc:61] the endpoint vertex ram.mem_188_0_2__reg_p:D has negative slack
I20260802 12:21:54.162957 21632 StaDataPropagation.cc:61] the endpoint vertex ram.mem_194_0_2__reg_p:D has negative slack
I20260802 12:21:54.163017 21632 StaDataPropagation.cc:61] the endpoint vertex ram.mem_199_0_2__reg_p:D has negative slack
I20260802 12:21:54.163076 21632 StaDataPropagation.cc:61] the endpoint vertex ram.mem_204_0_2__reg_p:D has negative slack
I20260802 12:21:54.163137 21632 StaDataPropagation.cc:61] the endpoint vertex ram.mem_210_0_2__reg_p:D has negative slack
I20260802 12:21:54.163196 21632 StaDataPropagation.cc:61] the endpoint vertex ram.mem_215_0_2__reg_p:D has negative slack
I20260802 12:21:54.163255 21632 StaDataPropagation.cc:61] the endpoint vertex ram.mem_222_0_2__reg_p:D has negative slack
I20260802 12:21:54.163313 21632 StaDataPropagation.cc:61] the endpoint vertex ram.mem_227_0_2__reg_p:D has negative slack
I20260802 12:21:54.163375 21632 StaDataPropagation.cc:61] the endpoint vertex ram.mem_232_0_2__reg_p:D has negative slack
I20260802 12:21:54.163431 21632 StaDataPropagation.cc:61] the endpoint vertex ram.mem_237_0_2__reg_p:D has negative slack
I20260802 12:21:54.163487 21632 StaDataPropagation.cc:61] the endpoint vertex ram.mem_242_0_2__reg_p:D has negative slack
I20260802 12:21:54.163547 21632 StaDataPropagation.cc:61] the endpoint vertex ram.mem_247_0_2__reg_p:D has negative slack
I20260802 12:21:54.163616 21632 StaDataPropagation.cc:61] the endpoint vertex ram.mem_252_0_2__reg_p:D has negative slack
I20260802 12:21:54.163695 21632 StaDataPropagation.cc:61] the endpoint vertex ram.mem_18_3_0__reg_p:D has negative slack
I20260802 12:21:54.163754 21632 StaDataPropagation.cc:61] the endpoint vertex ram.mem_23_3_0__reg_p:D has negative slack
I20260802 12:21:54.163794 21632 StaDataPropagation.cc:61] the endpoint vertex ram.mem_28_3_0__reg_p:D has negative slack
I20260802 12:21:54.163849 21632 StaDataPropagation.cc:61] the endpoint vertex ram.mem_33_3_0__reg_p:D has negative slack
I20260802 12:21:54.163908 21632 StaDataPropagation.cc:61] the endpoint vertex ram.mem_38_3_0__reg_p:D has negative slack
I20260802 12:21:54.163968 21632 StaDataPropagation.cc:61] the endpoint vertex ram.mem_43_3_0__reg_p:D has negative slack
I20260802 12:21:54.164026 21632 StaDataPropagation.cc:61] the endpoint vertex ram.mem_48_3_0__reg_p:D has negative slack
I20260802 12:21:54.164085 21632 StaDataPropagation.cc:61] the endpoint vertex ram.mem_53_3_0__reg_p:D has negative slack
I20260802 12:21:54.164155 21632 StaDataPropagation.cc:61] the endpoint vertex ram.mem_58_3_0__reg_p:D has negative slack
I20260802 12:21:54.164196 21632 StaDataPropagation.cc:61] the endpoint vertex ram.mem_63_3_0__reg_p:D has negative slack
I20260802 12:21:54.164250 21632 StaDataPropagation.cc:61] the endpoint vertex ram.mem_13_3_0__reg_p:D has negative slack
I20260802 12:21:54.164291 21632 StaDataPropagation.cc:61] the endpoint vertex ram.mem_3_3_0__reg_p:D has negative slack
I20260802 12:21:54.164343 21632 StaDataPropagation.cc:61] the endpoint vertex ram.mem_8_3_0__reg_p:D has negative slack
I20260802 12:21:54.164403 21632 StaDataPropagation.cc:61] the endpoint vertex ram.mem_67_3_0__reg_p:D has negative slack
I20260802 12:21:54.164461 21632 StaDataPropagation.cc:61] the endpoint vertex ram.mem_72_3_0__reg_p:D has negative slack
I20260802 12:21:54.164521 21632 StaDataPropagation.cc:61] the endpoint vertex ram.mem_77_3_0__reg_p:D has negative slack
I20260802 12:21:54.164592 21632 StaDataPropagation.cc:61] the endpoint vertex ram.mem_82_3_0__reg_p:D has negative slack
I20260802 12:21:54.164651 21632 StaDataPropagation.cc:61] the endpoint vertex ram.mem_87_3_0__reg_p:D has negative slack
I20260802 12:21:54.164714 21632 StaDataPropagation.cc:61] the endpoint vertex ram.mem_104_3_0__reg_p:D has negative slack
I20260802 12:21:54.164774 21632 StaDataPropagation.cc:61] the endpoint vertex ram.mem_109_3_0__reg_p:D has negative slack
I20260802 12:21:54.164839 21632 StaDataPropagation.cc:61] the endpoint vertex ram.mem_90_3_0__reg_p:D has negative slack
I20260802 12:21:54.164897 21632 StaDataPropagation.cc:61] the endpoint vertex ram.mem_95_3_0__reg_p:D has negative slack
I20260802 12:21:54.164958 21632 StaDataPropagation.cc:61] the endpoint vertex ram.mem_112_3_0__reg_p:D has negative slack
I20260802 12:21:54.165016 21632 StaDataPropagation.cc:61] the endpoint vertex ram.mem_117_3_0__reg_p:D has negative slack
I20260802 12:21:54.165073 21632 StaDataPropagation.cc:61] the endpoint vertex ram.mem_122_3_0__reg_p:D has negative slack
I20260802 12:21:54.165132 21632 StaDataPropagation.cc:61] the endpoint vertex ram.mem_127_3_0__reg_p:D has negative slack
I20260802 12:21:54.165191 21632 StaDataPropagation.cc:61] the endpoint vertex ram.mem_132_3_0__reg_p:D has negative slack
I20260802 12:21:54.165253 21632 StaDataPropagation.cc:61] the endpoint vertex ram.mem_137_3_0__reg_p:D has negative slack
I20260802 12:21:54.165311 21632 StaDataPropagation.cc:61] the endpoint vertex ram.mem_142_3_0__reg_p:D has negative slack
I20260802 12:21:54.165369 21632 StaDataPropagation.cc:61] the endpoint vertex ram.mem_148_3_0__reg_p:D has negative slack
I20260802 12:21:54.165426 21632 StaDataPropagation.cc:61] the endpoint vertex ram.mem_153_3_0__reg_p:D has negative slack
I20260802 12:21:54.165482 21632 StaDataPropagation.cc:61] the endpoint vertex ram.mem_158_3_0__reg_p:D has negative slack
I20260802 12:21:54.165542 21632 StaDataPropagation.cc:61] the endpoint vertex ram.mem_163_3_0__reg_p:D has negative slack
I20260802 12:21:54.165603 21632 StaDataPropagation.cc:61] the endpoint vertex ram.mem_168_3_0__reg_p:D has negative slack
I20260802 12:21:54.165663 21632 StaDataPropagation.cc:61] the endpoint vertex ram.mem_173_3_0__reg_p:D has negative slack
I20260802 12:21:54.165722 21632 StaDataPropagation.cc:61] the endpoint vertex ram.mem_178_3_0__reg_p:D has negative slack
I20260802 12:21:54.165781 21632 StaDataPropagation.cc:61] the endpoint vertex ram.mem_183_3_0__reg_p:D has negative slack
I20260802 12:21:54.165843 21632 StaDataPropagation.cc:61] the endpoint vertex ram.mem_188_3_0__reg_p:D has negative slack
I20260802 12:21:54.165902 21632 StaDataPropagation.cc:61] the endpoint vertex ram.mem_193_3_0__reg_p:D has negative slack
I20260802 12:21:54.165961 21632 StaDataPropagation.cc:61] the endpoint vertex ram.mem_198_3_0__reg_p:D has negative slack
I20260802 12:21:54.166044 21632 StaDataPropagation.cc:61] the endpoint vertex ram.mem_203_3_0__reg_p:D has negative slack
I20260802 12:21:54.166085 21632 StaDataPropagation.cc:61] the endpoint vertex ram.mem_208_3_0__reg_p:D has negative slack
I20260802 12:21:54.166152 21632 StaDataPropagation.cc:61] the endpoint vertex ram.mem_213_3_0__reg_p:D has negative slack
I20260802 12:21:54.166210 21632 StaDataPropagation.cc:61] the endpoint vertex ram.mem_218_3_0__reg_p:D has negative slack
I20260802 12:21:54.166270 21632 StaDataPropagation.cc:61] the endpoint vertex ram.mem_223_3_0__reg_p:D has negative slack
I20260802 12:21:54.166329 21632 StaDataPropagation.cc:61] the endpoint vertex ram.mem_228_3_0__reg_p:D has negative slack
I20260802 12:21:54.166391 21632 StaDataPropagation.cc:61] the endpoint vertex ram.mem_146_3_0__reg_p:D has negative slack
I20260802 12:21:54.166450 21632 StaDataPropagation.cc:61] the endpoint vertex ram.mem_237_3_0__reg_p:D has negative slack
I20260802 12:21:54.166519 21632 StaDataPropagation.cc:61] the endpoint vertex ram.mem_242_3_0__reg_p:D has negative slack
I20260802 12:21:54.166587 21632 StaDataPropagation.cc:61] the endpoint vertex ram.mem_247_3_0__reg_p:D has negative slack
I20260802 12:21:54.166647 21632 StaDataPropagation.cc:61] the endpoint vertex ram.mem_252_3_0__reg_p:D has negative slack
I20260802 12:21:54.166744 21632 StaDataPropagation.cc:61] the endpoint vertex ram.mem_17_3_5__reg_p:D has negative slack
I20260802 12:21:54.166812 21632 StaDataPropagation.cc:61] the endpoint vertex ram.mem_22_3_5__reg_p:D has negative slack
I20260802 12:21:54.166873 21632 StaDataPropagation.cc:61] the endpoint vertex ram.mem_27_3_5__reg_p:D has negative slack
I20260802 12:21:54.166931 21632 StaDataPropagation.cc:61] the endpoint vertex ram.mem_32_3_5__reg_p:D has negative slack
I20260802 12:21:54.166990 21632 StaDataPropagation.cc:61] the endpoint vertex ram.mem_37_3_5__reg_p:D has negative slack
I20260802 12:21:54.167053 21632 StaDataPropagation.cc:61] the endpoint vertex ram.mem_42_3_5__reg_p:D has negative slack
I20260802 12:21:54.167111 21632 StaDataPropagation.cc:61] the endpoint vertex ram.mem_47_3_5__reg_p:D has negative slack
I20260802 12:21:54.167171 21632 StaDataPropagation.cc:61] the endpoint vertex ram.mem_52_3_5__reg_p:D has negative slack
I20260802 12:21:54.167230 21632 StaDataPropagation.cc:61] the endpoint vertex ram.mem_57_3_5__reg_p:D has negative slack
I20260802 12:21:54.167289 21632 StaDataPropagation.cc:61] the endpoint vertex ram.mem_62_3_5__reg_p:D has negative slack
I20260802 12:21:54.167352 21632 StaDataPropagation.cc:61] the endpoint vertex ram.mem_12_3_5__reg_p:D has negative slack
I20260802 12:21:54.167409 21632 StaDataPropagation.cc:61] the endpoint vertex ram.mem_2_3_5__reg_p:D has negative slack
I20260802 12:21:54.167481 21632 StaDataPropagation.cc:61] the endpoint vertex ram.mem_7_3_5__reg_p:D has negative slack
I20260802 12:21:54.167551 21632 StaDataPropagation.cc:61] the endpoint vertex ram.mem_66_3_5__reg_p:D has negative slack
I20260802 12:21:54.167623 21632 StaDataPropagation.cc:61] the endpoint vertex ram.mem_71_3_5__reg_p:D has negative slack
I20260802 12:21:54.167682 21632 StaDataPropagation.cc:61] the endpoint vertex ram.mem_76_3_5__reg_p:D has negative slack
I20260802 12:21:54.167745 21632 StaDataPropagation.cc:61] the endpoint vertex ram.mem_81_3_5__reg_p:D has negative slack
I20260802 12:21:54.167806 21632 StaDataPropagation.cc:61] the endpoint vertex ram.mem_86_3_5__reg_p:D has negative slack
I20260802 12:21:54.167869 21632 StaDataPropagation.cc:61] the endpoint vertex ram.mem_103_3_5__reg_p:D has negative slack
I20260802 12:21:54.167929 21632 StaDataPropagation.cc:61] the endpoint vertex ram.mem_108_3_5__reg_p:D has negative slack
I20260802 12:21:54.167989 21632 StaDataPropagation.cc:61] the endpoint vertex ram.mem_89_3_5__reg_p:D has negative slack
I20260802 12:21:54.168048 21632 StaDataPropagation.cc:61] the endpoint vertex ram.mem_94_3_5__reg_p:D has negative slack
I20260802 12:21:54.168108 21632 StaDataPropagation.cc:61] the endpoint vertex ram.mem_99_3_5__reg_p:D has negative slack
I20260802 12:21:54.168170 21632 StaDataPropagation.cc:61] the endpoint vertex ram.mem_116_3_5__reg_p:D has negative slack
I20260802 12:21:54.168231 21632 StaDataPropagation.cc:61] the endpoint vertex ram.mem_121_3_5__reg_p:D has negative slack
I20260802 12:21:54.168300 21632 StaDataPropagation.cc:61] the endpoint vertex ram.mem_126_3_5__reg_p:D has negative slack
I20260802 12:21:54.168361 21632 StaDataPropagation.cc:61] the endpoint vertex ram.mem_131_3_5__reg_p:D has negative slack
I20260802 12:21:54.168423 21632 StaDataPropagation.cc:61] the endpoint vertex ram.mem_136_3_5__reg_p:D has negative slack
I20260802 12:21:54.168481 21632 StaDataPropagation.cc:61] the endpoint vertex ram.mem_141_3_5__reg_p:D has negative slack
I20260802 12:21:54.168540 21632 StaDataPropagation.cc:61] the endpoint vertex ram.mem_147_3_5__reg_p:D has negative slack
I20260802 12:21:54.168601 21632 StaDataPropagation.cc:61] the endpoint vertex ram.mem_152_3_5__reg_p:D has negative slack
I20260802 12:21:54.168661 21632 StaDataPropagation.cc:61] the endpoint vertex ram.mem_157_3_5__reg_p:D has negative slack
I20260802 12:21:54.168723 21632 StaDataPropagation.cc:61] the endpoint vertex ram.mem_162_3_5__reg_p:D has negative slack
I20260802 12:21:54.168783 21632 StaDataPropagation.cc:61] the endpoint vertex ram.mem_167_3_5__reg_p:D has negative slack
I20260802 12:21:54.168846 21632 StaDataPropagation.cc:61] the endpoint vertex ram.mem_172_3_5__reg_p:D has negative slack
I20260802 12:21:54.168927 21632 StaDataPropagation.cc:61] the endpoint vertex ram.mem_177_3_5__reg_p:D has negative slack
I20260802 12:21:54.168987 21632 StaDataPropagation.cc:61] the endpoint vertex ram.mem_182_3_5__reg_p:D has negative slack
I20260802 12:21:54.169049 21632 StaDataPropagation.cc:61] the endpoint vertex ram.mem_187_3_5__reg_p:D has negative slack
I20260802 12:21:54.169107 21632 StaDataPropagation.cc:61] the endpoint vertex ram.mem_192_3_5__reg_p:D has negative slack
I20260802 12:21:54.169166 21632 StaDataPropagation.cc:61] the endpoint vertex ram.mem_197_3_5__reg_p:D has negative slack
I20260802 12:21:54.169226 21632 StaDataPropagation.cc:61] the endpoint vertex ram.mem_202_3_5__reg_p:D has negative slack
I20260802 12:21:54.169267 21632 StaDataPropagation.cc:61] the endpoint vertex ram.mem_207_3_5__reg_p:D has negative slack
I20260802 12:21:54.169323 21632 StaDataPropagation.cc:61] the endpoint vertex ram.mem_212_3_5__reg_p:D has negative slack
I20260802 12:21:54.169385 21632 StaDataPropagation.cc:61] the endpoint vertex ram.mem_217_3_5__reg_p:D has negative slack
I20260802 12:21:54.169446 21632 StaDataPropagation.cc:61] the endpoint vertex ram.mem_222_3_5__reg_p:D has negative slack
I20260802 12:21:54.169508 21632 StaDataPropagation.cc:61] the endpoint vertex ram.mem_227_3_5__reg_p:D has negative slack
I20260802 12:21:54.169580 21632 StaDataPropagation.cc:61] the endpoint vertex ram.mem_232_3_5__reg_p:D has negative slack
I20260802 12:21:54.169677 21632 StaDataPropagation.cc:61] the endpoint vertex ram.mem_236_3_5__reg_p:D has negative slack
I20260802 12:21:54.169739 21632 StaDataPropagation.cc:61] the endpoint vertex ram.mem_241_3_5__reg_p:D has negative slack
I20260802 12:21:54.169799 21632 StaDataPropagation.cc:61] the endpoint vertex ram.mem_246_3_5__reg_p:D has negative slack
I20260802 12:21:54.169842 21632 StaDataPropagation.cc:61] the endpoint vertex ram.mem_251_3_5__reg_p:D has negative slack
I20260802 12:21:54.169916 21632 StaDataPropagation.cc:61] the endpoint vertex ram.mem_17_1_5__reg_p:D has negative slack
I20260802 12:21:54.169992 21632 StaDataPropagation.cc:61] the endpoint vertex ram.mem_22_1_5__reg_p:D has negative slack
I20260802 12:21:54.170034 21632 StaDataPropagation.cc:61] the endpoint vertex ram.mem_27_1_5__reg_p:D has negative slack
I20260802 12:21:54.170089 21632 StaDataPropagation.cc:61] the endpoint vertex ram.mem_32_1_5__reg_p:D has negative slack
I20260802 12:21:54.170130 21632 StaDataPropagation.cc:61] the endpoint vertex ram.mem_38_1_5__reg_p:D has negative slack
I20260802 12:21:54.170188 21632 StaDataPropagation.cc:61] the endpoint vertex ram.mem_43_1_5__reg_p:D has negative slack
I20260802 12:21:54.170230 21632 StaDataPropagation.cc:61] the endpoint vertex ram.mem_48_1_5__reg_p:D has negative slack
I20260802 12:21:54.170298 21632 StaDataPropagation.cc:61] the endpoint vertex ram.mem_53_1_5__reg_p:D has negative slack
I20260802 12:21:54.170360 21632 StaDataPropagation.cc:61] the endpoint vertex ram.mem_58_1_5__reg_p:D has negative slack
I20260802 12:21:54.170423 21632 StaDataPropagation.cc:61] the endpoint vertex ram.mem_63_1_5__reg_p:D has negative slack
I20260802 12:21:54.170490 21632 StaDataPropagation.cc:61] the endpoint vertex ram.mem_11_1_5__reg_p:D has negative slack
I20260802 12:21:54.170550 21632 StaDataPropagation.cc:61] the endpoint vertex ram.mem_16_1_5__reg_p:D has negative slack
I20260802 12:21:54.170621 21632 StaDataPropagation.cc:61] the endpoint vertex ram.mem_6_1_5__reg_p:D has negative slack
I20260802 12:21:54.170683 21632 StaDataPropagation.cc:61] the endpoint vertex ram.mem_67_1_5__reg_p:D has negative slack
I20260802 12:21:54.170745 21632 StaDataPropagation.cc:61] the endpoint vertex ram.mem_74_1_5__reg_p:D has negative slack
I20260802 12:21:54.170804 21632 StaDataPropagation.cc:61] the endpoint vertex ram.mem_79_1_5__reg_p:D has negative slack
I20260802 12:21:54.170864 21632 StaDataPropagation.cc:61] the endpoint vertex ram.mem_85_1_5__reg_p:D has negative slack
I20260802 12:21:54.170925 21632 StaDataPropagation.cc:61] the endpoint vertex ram.mem_92_1_5__reg_p:D has negative slack
I20260802 12:21:54.170990 21632 StaDataPropagation.cc:61] the endpoint vertex ram.mem_103_1_5__reg_p:D has negative slack
I20260802 12:21:54.171051 21632 StaDataPropagation.cc:61] the endpoint vertex ram.mem_108_1_5__reg_p:D has negative slack
I20260802 12:21:54.171111 21632 StaDataPropagation.cc:61] the endpoint vertex ram.mem_113_1_5__reg_p:D has negative slack
I20260802 12:21:54.171171 21632 StaDataPropagation.cc:61] the endpoint vertex ram.mem_119_1_5__reg_p:D has negative slack
I20260802 12:21:54.171232 21632 StaDataPropagation.cc:61] the endpoint vertex ram.mem_98_1_5__reg_p:D has negative slack
I20260802 12:21:54.171294 21632 StaDataPropagation.cc:61] the endpoint vertex ram.mem_127_1_5__reg_p:D has negative slack
I20260802 12:21:54.171355 21632 StaDataPropagation.cc:61] the endpoint vertex ram.mem_132_1_5__reg_p:D has negative slack
I20260802 12:21:54.171415 21632 StaDataPropagation.cc:61] the endpoint vertex ram.mem_137_1_5__reg_p:D has negative slack
I20260802 12:21:54.171475 21632 StaDataPropagation.cc:61] the endpoint vertex ram.mem_142_1_5__reg_p:D has negative slack
I20260802 12:21:54.171535 21632 StaDataPropagation.cc:61] the endpoint vertex ram.mem_147_1_5__reg_p:D has negative slack
I20260802 12:21:54.171602 21632 StaDataPropagation.cc:61] the endpoint vertex ram.mem_155_1_5__reg_p:D has negative slack
I20260802 12:21:54.171658 21632 StaDataPropagation.cc:61] the endpoint vertex ram.mem_160_1_5__reg_p:D has negative slack
I20260802 12:21:54.171720 21632 StaDataPropagation.cc:61] the endpoint vertex ram.mem_166_1_5__reg_p:D has negative slack
I20260802 12:21:54.171779 21632 StaDataPropagation.cc:61] the endpoint vertex ram.mem_171_1_5__reg_p:D has negative slack
I20260802 12:21:54.171839 21632 StaDataPropagation.cc:61] the endpoint vertex ram.mem_178_1_5__reg_p:D has negative slack
I20260802 12:21:54.171900 21632 StaDataPropagation.cc:61] the endpoint vertex ram.mem_184_1_5__reg_p:D has negative slack
I20260802 12:21:54.171958 21632 StaDataPropagation.cc:61] the endpoint vertex ram.mem_189_1_5__reg_p:D has negative slack
I20260802 12:21:54.172019 21632 StaDataPropagation.cc:61] the endpoint vertex ram.mem_194_1_5__reg_p:D has negative slack
I20260802 12:21:54.172078 21632 StaDataPropagation.cc:61] the endpoint vertex ram.mem_199_1_5__reg_p:D has negative slack
I20260802 12:21:54.172139 21632 StaDataPropagation.cc:61] the endpoint vertex ram.mem_204_1_5__reg_p:D has negative slack
I20260802 12:21:54.172199 21632 StaDataPropagation.cc:61] the endpoint vertex ram.mem_209_1_5__reg_p:D has negative slack
I20260802 12:21:54.172259 21632 StaDataPropagation.cc:61] the endpoint vertex ram.mem_214_1_5__reg_p:D has negative slack
I20260802 12:21:54.172317 21632 StaDataPropagation.cc:61] the endpoint vertex ram.mem_219_1_5__reg_p:D has negative slack
I20260802 12:21:54.172386 21632 StaDataPropagation.cc:61] the endpoint vertex ram.mem_224_1_5__reg_p:D has negative slack
I20260802 12:21:54.172448 21632 StaDataPropagation.cc:61] the endpoint vertex ram.mem_229_1_5__reg_p:D has negative slack
I20260802 12:21:54.172505 21632 StaDataPropagation.cc:61] the endpoint vertex ram.mem_234_1_5__reg_p:D has negative slack
I20260802 12:21:54.172573 21632 StaDataPropagation.cc:61] the endpoint vertex ram.mem_239_1_5__reg_p:D has negative slack
I20260802 12:21:54.172634 21632 StaDataPropagation.cc:61] the endpoint vertex ram.mem_244_1_5__reg_p:D has negative slack
I20260802 12:21:54.172693 21632 StaDataPropagation.cc:61] the endpoint vertex ram.mem_250_1_5__reg_p:D has negative slack
I20260802 12:21:54.172755 21632 StaDataPropagation.cc:61] the endpoint vertex ram.mem_122_1_5__reg_p:D has negative slack
I20260802 12:21:54.172814 21632 StaDataPropagation.cc:61] the endpoint vertex ram.mem_161_1_5__reg_p:D has negative slack
I20260802 12:21:54.172873 21632 StaDataPropagation.cc:61] the endpoint vertex ram.mem_245_1_5__reg_p:D has negative slack
I20260802 12:21:54.172933 21632 StaDataPropagation.cc:61] the endpoint vertex ram.mem_33_1_5__reg_p:D has negative slack
I20260802 12:21:54.172994 21632 StaDataPropagation.cc:61] the endpoint vertex ram.mem_88_1_5__reg_p:D has negative slack
I20260802 12:21:54.173074 21632 StaDataPropagation.cc:61] the endpoint vertex ram.mem_21_1_0__reg_p:D has negative slack
I20260802 12:21:54.173134 21632 StaDataPropagation.cc:61] the endpoint vertex ram.mem_26_1_0__reg_p:D has negative slack
I20260802 12:21:54.173192 21632 StaDataPropagation.cc:61] the endpoint vertex ram.mem_31_1_0__reg_p:D has negative slack
I20260802 12:21:54.173249 21632 StaDataPropagation.cc:61] the endpoint vertex ram.mem_37_1_0__reg_p:D has negative slack
I20260802 12:21:54.173310 21632 StaDataPropagation.cc:61] the endpoint vertex ram.mem_42_1_0__reg_p:D has negative slack
I20260802 12:21:54.173370 21632 StaDataPropagation.cc:61] the endpoint vertex ram.mem_47_1_0__reg_p:D has negative slack
I20260802 12:21:54.173430 21632 StaDataPropagation.cc:61] the endpoint vertex ram.mem_52_1_0__reg_p:D has negative slack
I20260802 12:21:54.173488 21632 StaDataPropagation.cc:61] the endpoint vertex ram.mem_57_1_0__reg_p:D has negative slack
I20260802 12:21:54.173547 21632 StaDataPropagation.cc:61] the endpoint vertex ram.mem_62_1_0__reg_p:D has negative slack
I20260802 12:21:54.173626 21632 StaDataPropagation.cc:61] the endpoint vertex ram.mem_10_1_0__reg_p:D has negative slack
I20260802 12:21:54.173696 21632 StaDataPropagation.cc:61] the endpoint vertex ram.mem_15_1_0__reg_p:D has negative slack
I20260802 12:21:54.173755 21632 StaDataPropagation.cc:61] the endpoint vertex ram.mem_5_1_0__reg_p:D has negative slack
I20260802 12:21:54.173815 21632 StaDataPropagation.cc:61] the endpoint vertex ram.mem_66_1_0__reg_p:D has negative slack
I20260802 12:21:54.173874 21632 StaDataPropagation.cc:61] the endpoint vertex ram.mem_73_1_0__reg_p:D has negative slack
I20260802 12:21:54.173933 21632 StaDataPropagation.cc:61] the endpoint vertex ram.mem_78_1_0__reg_p:D has negative slack
I20260802 12:21:54.174005 21632 StaDataPropagation.cc:61] the endpoint vertex ram.mem_84_1_0__reg_p:D has negative slack
I20260802 12:21:54.174045 21632 StaDataPropagation.cc:61] the endpoint vertex ram.mem_91_1_0__reg_p:D has negative slack
I20260802 12:21:54.174081 21632 StaDataPropagation.cc:61] the endpoint vertex ram.mem_102_1_0__reg_p:D has negative slack
I20260802 12:21:54.174134 21632 StaDataPropagation.cc:61] the endpoint vertex ram.mem_107_1_0__reg_p:D has negative slack
I20260802 12:21:54.174192 21632 StaDataPropagation.cc:61] the endpoint vertex ram.mem_112_1_0__reg_p:D has negative slack
I20260802 12:21:54.174232 21632 StaDataPropagation.cc:61] the endpoint vertex ram.mem_118_1_0__reg_p:D has negative slack
I20260802 12:21:54.174283 21632 StaDataPropagation.cc:61] the endpoint vertex ram.mem_97_1_0__reg_p:D has negative slack
I20260802 12:21:54.174345 21632 StaDataPropagation.cc:61] the endpoint vertex ram.mem_126_1_0__reg_p:D has negative slack
I20260802 12:21:54.174413 21632 StaDataPropagation.cc:61] the endpoint vertex ram.mem_131_1_0__reg_p:D has negative slack
I20260802 12:21:54.174472 21632 StaDataPropagation.cc:61] the endpoint vertex ram.mem_136_1_0__reg_p:D has negative slack
I20260802 12:21:54.174531 21632 StaDataPropagation.cc:61] the endpoint vertex ram.mem_141_1_0__reg_p:D has negative slack
I20260802 12:21:54.174599 21632 StaDataPropagation.cc:61] the endpoint vertex ram.mem_146_1_0__reg_p:D has negative slack
I20260802 12:21:54.174660 21632 StaDataPropagation.cc:61] the endpoint vertex ram.mem_153_1_0__reg_p:D has negative slack
I20260802 12:21:54.174700 21632 StaDataPropagation.cc:61] the endpoint vertex ram.mem_159_1_0__reg_p:D has negative slack
I20260802 12:21:54.174753 21632 StaDataPropagation.cc:61] the endpoint vertex ram.mem_165_1_0__reg_p:D has negative slack
I20260802 12:21:54.174816 21632 StaDataPropagation.cc:61] the endpoint vertex ram.mem_170_1_0__reg_p:D has negative slack
I20260802 12:21:54.174877 21632 StaDataPropagation.cc:61] the endpoint vertex ram.mem_176_1_0__reg_p:D has negative slack
I20260802 12:21:54.174939 21632 StaDataPropagation.cc:61] the endpoint vertex ram.mem_182_1_0__reg_p:D has negative slack
I20260802 12:21:54.174998 21632 StaDataPropagation.cc:61] the endpoint vertex ram.mem_188_1_0__reg_p:D has negative slack
I20260802 12:21:54.175056 21632 StaDataPropagation.cc:61] the endpoint vertex ram.mem_193_1_0__reg_p:D has negative slack
I20260802 12:21:54.175096 21632 StaDataPropagation.cc:61] the endpoint vertex ram.mem_198_1_0__reg_p:D has negative slack
I20260802 12:21:54.175150 21632 StaDataPropagation.cc:61] the endpoint vertex ram.mem_203_1_0__reg_p:D has negative slack
I20260802 12:21:54.175192 21632 StaDataPropagation.cc:61] the endpoint vertex ram.mem_208_1_0__reg_p:D has negative slack
I20260802 12:21:54.175244 21632 StaDataPropagation.cc:61] the endpoint vertex ram.mem_213_1_0__reg_p:D has negative slack
I20260802 12:21:54.175303 21632 StaDataPropagation.cc:61] the endpoint vertex ram.mem_218_1_0__reg_p:D has negative slack
I20260802 12:21:54.175364 21632 StaDataPropagation.cc:61] the endpoint vertex ram.mem_223_1_0__reg_p:D has negative slack
I20260802 12:21:54.175406 21632 StaDataPropagation.cc:61] the endpoint vertex ram.mem_228_1_0__reg_p:D has negative slack
I20260802 12:21:54.175459 21632 StaDataPropagation.cc:61] the endpoint vertex ram.mem_233_1_0__reg_p:D has negative slack
I20260802 12:21:54.175499 21632 StaDataPropagation.cc:61] the endpoint vertex ram.mem_238_1_0__reg_p:D has negative slack
I20260802 12:21:54.175551 21632 StaDataPropagation.cc:61] the endpoint vertex ram.mem_243_1_0__reg_p:D has negative slack
I20260802 12:21:54.175622 21632 StaDataPropagation.cc:61] the endpoint vertex ram.mem_249_1_0__reg_p:D has negative slack
I20260802 12:21:54.175684 21632 StaDataPropagation.cc:61] the endpoint vertex ram.mem_120_1_0__reg_p:D has negative slack
I20260802 12:21:54.175745 21632 StaDataPropagation.cc:61] the endpoint vertex ram.mem_154_1_0__reg_p:D has negative slack
I20260802 12:21:54.175783 21632 StaDataPropagation.cc:61] the endpoint vertex ram.mem_1_1_0__reg_p:D has negative slack
I20260802 12:21:54.175836 21632 StaDataPropagation.cc:61] the endpoint vertex ram.mem_255_1_0__reg_p:D has negative slack
I20260802 12:21:54.175876 21632 StaDataPropagation.cc:61] the endpoint vertex ram.mem_86_1_0__reg_p:D has negative slack
I20260802 12:21:54.175928 21632 StaDataPropagation.cc:61] the endpoint vertex ram.mem_20_1_1__reg_p:D has negative slack
I20260802 12:21:54.175980 21632 StaDataPropagation.cc:61] the endpoint vertex ram.mem_25_1_1__reg_p:D has negative slack
I20260802 12:21:54.176039 21632 StaDataPropagation.cc:61] the endpoint vertex ram.mem_30_1_1__reg_p:D has negative slack
I20260802 12:21:54.176080 21632 StaDataPropagation.cc:61] the endpoint vertex ram.mem_36_1_1__reg_p:D has negative slack
I20260802 12:21:54.176131 21632 StaDataPropagation.cc:61] the endpoint vertex ram.mem_41_1_1__reg_p:D has negative slack
I20260802 12:21:54.176206 21632 StaDataPropagation.cc:61] the endpoint vertex ram.mem_46_1_1__reg_p:D has negative slack
I20260802 12:21:54.176246 21632 StaDataPropagation.cc:61] the endpoint vertex ram.mem_51_1_1__reg_p:D has negative slack
I20260802 12:21:54.176297 21632 StaDataPropagation.cc:61] the endpoint vertex ram.mem_56_1_1__reg_p:D has negative slack
I20260802 12:21:54.176357 21632 StaDataPropagation.cc:61] the endpoint vertex ram.mem_61_1_1__reg_p:D has negative slack
I20260802 12:21:54.176417 21632 StaDataPropagation.cc:61] the endpoint vertex ram.mem_0_1_1__reg_p:D has negative slack
I20260802 12:21:54.176477 21632 StaDataPropagation.cc:61] the endpoint vertex ram.mem_14_1_1__reg_p:D has negative slack
I20260802 12:21:54.176535 21632 StaDataPropagation.cc:61] the endpoint vertex ram.mem_4_1_1__reg_p:D has negative slack
I20260802 12:21:54.176599 21632 StaDataPropagation.cc:61] the endpoint vertex ram.mem_9_1_1__reg_p:D has negative slack
I20260802 12:21:54.176661 21632 StaDataPropagation.cc:61] the endpoint vertex ram.mem_72_1_1__reg_p:D has negative slack
I20260802 12:21:54.176723 21632 StaDataPropagation.cc:61] the endpoint vertex ram.mem_77_1_1__reg_p:D has negative slack
I20260802 12:21:54.176783 21632 StaDataPropagation.cc:61] the endpoint vertex ram.mem_82_1_1__reg_p:D has negative slack
I20260802 12:21:54.176843 21632 StaDataPropagation.cc:61] the endpoint vertex ram.mem_90_1_1__reg_p:D has negative slack
I20260802 12:21:54.176908 21632 StaDataPropagation.cc:61] the endpoint vertex ram.mem_100_1_1__reg_p:D has negative slack
I20260802 12:21:54.176970 21632 StaDataPropagation.cc:61] the endpoint vertex ram.mem_106_1_1__reg_p:D has negative slack
I20260802 12:21:54.177028 21632 StaDataPropagation.cc:61] the endpoint vertex ram.mem_111_1_1__reg_p:D has negative slack
I20260802 12:21:54.177086 21632 StaDataPropagation.cc:61] the endpoint vertex ram.mem_117_1_1__reg_p:D has negative slack
I20260802 12:21:54.177146 21632 StaDataPropagation.cc:61] the endpoint vertex ram.mem_96_1_1__reg_p:D has negative slack
I20260802 12:21:54.177209 21632 StaDataPropagation.cc:61] the endpoint vertex ram.mem_125_1_1__reg_p:D has negative slack
I20260802 12:21:54.177268 21632 StaDataPropagation.cc:61] the endpoint vertex ram.mem_130_1_1__reg_p:D has negative slack
I20260802 12:21:54.177327 21632 StaDataPropagation.cc:61] the endpoint vertex ram.mem_135_1_1__reg_p:D has negative slack
I20260802 12:21:54.177387 21632 StaDataPropagation.cc:61] the endpoint vertex ram.mem_140_1_1__reg_p:D has negative slack
I20260802 12:21:54.177448 21632 StaDataPropagation.cc:61] the endpoint vertex ram.mem_145_1_1__reg_p:D has negative slack
I20260802 12:21:54.177510 21632 StaDataPropagation.cc:61] the endpoint vertex ram.mem_152_1_1__reg_p:D has negative slack
I20260802 12:21:54.177582 21632 StaDataPropagation.cc:61] the endpoint vertex ram.mem_158_1_1__reg_p:D has negative slack
I20260802 12:21:54.177641 21632 StaDataPropagation.cc:61] the endpoint vertex ram.mem_164_1_1__reg_p:D has negative slack
I20260802 12:21:54.177702 21632 StaDataPropagation.cc:61] the endpoint vertex ram.mem_169_1_1__reg_p:D has negative slack
I20260802 12:21:54.177764 21632 StaDataPropagation.cc:61] the endpoint vertex ram.mem_175_1_1__reg_p:D has negative slack
I20260802 12:21:54.177826 21632 StaDataPropagation.cc:61] the endpoint vertex ram.mem_181_1_1__reg_p:D has negative slack
I20260802 12:21:54.177887 21632 StaDataPropagation.cc:61] the endpoint vertex ram.mem_187_1_1__reg_p:D has negative slack
I20260802 12:21:54.177945 21632 StaDataPropagation.cc:61] the endpoint vertex ram.mem_192_1_1__reg_p:D has negative slack
I20260802 12:21:54.178020 21632 StaDataPropagation.cc:61] the endpoint vertex ram.mem_197_1_1__reg_p:D has negative slack
I20260802 12:21:54.178059 21632 StaDataPropagation.cc:61] the endpoint vertex ram.mem_202_1_1__reg_p:D has negative slack
I20260802 12:21:54.178114 21632 StaDataPropagation.cc:61] the endpoint vertex ram.mem_207_1_1__reg_p:D has negative slack
I20260802 12:21:54.178175 21632 StaDataPropagation.cc:61] the endpoint vertex ram.mem_212_1_1__reg_p:D has negative slack
I20260802 12:21:54.178248 21632 StaDataPropagation.cc:61] the endpoint vertex ram.mem_217_1_1__reg_p:D has negative slack
I20260802 12:21:54.178308 21632 StaDataPropagation.cc:61] the endpoint vertex ram.mem_222_1_1__reg_p:D has negative slack
I20260802 12:21:54.178371 21632 StaDataPropagation.cc:61] the endpoint vertex ram.mem_227_1_1__reg_p:D has negative slack
I20260802 12:21:54.178431 21632 StaDataPropagation.cc:61] the endpoint vertex ram.mem_232_1_1__reg_p:D has negative slack
I20260802 12:21:54.178490 21632 StaDataPropagation.cc:61] the endpoint vertex ram.mem_237_1_1__reg_p:D has negative slack
I20260802 12:21:54.178547 21632 StaDataPropagation.cc:61] the endpoint vertex ram.mem_242_1_1__reg_p:D has negative slack
I20260802 12:21:54.178617 21632 StaDataPropagation.cc:61] the endpoint vertex ram.mem_248_1_1__reg_p:D has negative slack
I20260802 12:21:54.178678 21632 StaDataPropagation.cc:61] the endpoint vertex ram.mem_116_1_1__reg_p:D has negative slack
I20260802 12:21:54.178737 21632 StaDataPropagation.cc:61] the endpoint vertex ram.mem_151_1_1__reg_p:D has negative slack
I20260802 12:21:54.178797 21632 StaDataPropagation.cc:61] the endpoint vertex ram.mem_183_1_1__reg_p:D has negative slack
I20260802 12:21:54.178857 21632 StaDataPropagation.cc:61] the endpoint vertex ram.mem_254_1_1__reg_p:D has negative slack
I20260802 12:21:54.178918 21632 StaDataPropagation.cc:61] the endpoint vertex ram.mem_83_1_1__reg_p:D has negative slack
I20260802 12:21:54.179019 21632 StaDataPropagation.cc:61] the endpoint vertex cpu.idu.gpr.gpr_3_4__reg_p:D has negative slack
I20260802 12:21:54.179085 21632 StaDataPropagation.cc:61] the endpoint vertex cpu.idu.gpr.gpr_10_4__reg_p:D has negative slack
I20260802 12:21:54.179152 21632 StaDataPropagation.cc:61] the endpoint vertex cpu.idu.gpr.gpr_15_4__reg_p:D has negative slack
I20260802 12:21:54.179214 21632 StaDataPropagation.cc:61] the endpoint vertex cpu.idu.gpr.gpr_20_4__reg_p:D has negative slack
I20260802 12:21:54.179275 21632 StaDataPropagation.cc:61] the endpoint vertex cpu.idu.gpr.gpr_25_4__reg_p:D has negative slack
I20260802 12:21:54.179337 21632 StaDataPropagation.cc:61] the endpoint vertex cpu.idu.gpr.gpr_30_4__reg_p:D has negative slack
I20260802 12:21:54.179535 21632 StaDataPropagation.cc:61] the endpoint vertex ram.mem_1_0_5__reg_p:D has negative slack
I20260802 12:21:54.179603 21632 StaDataPropagation.cc:61] the endpoint vertex ram.mem_6_0_5__reg_p:D has negative slack
I20260802 12:21:54.179665 21632 StaDataPropagation.cc:61] the endpoint vertex ram.mem_12_0_5__reg_p:D has negative slack
I20260802 12:21:54.179725 21632 StaDataPropagation.cc:61] the endpoint vertex ram.mem_17_0_5__reg_p:D has negative slack
I20260802 12:21:54.179786 21632 StaDataPropagation.cc:61] the endpoint vertex ram.mem_22_0_5__reg_p:D has negative slack
I20260802 12:21:54.179844 21632 StaDataPropagation.cc:61] the endpoint vertex ram.mem_27_0_5__reg_p:D has negative slack
I20260802 12:21:54.179903 21632 StaDataPropagation.cc:61] the endpoint vertex ram.mem_32_0_5__reg_p:D has negative slack
I20260802 12:21:54.179962 21632 StaDataPropagation.cc:61] the endpoint vertex ram.mem_37_0_5__reg_p:D has negative slack
I20260802 12:21:54.180018 21632 StaDataPropagation.cc:61] the endpoint vertex ram.mem_42_0_5__reg_p:D has negative slack
I20260802 12:21:54.180075 21632 StaDataPropagation.cc:61] the endpoint vertex ram.mem_47_0_5__reg_p:D has negative slack
I20260802 12:21:54.180131 21632 StaDataPropagation.cc:61] the endpoint vertex ram.mem_52_0_5__reg_p:D has negative slack
I20260802 12:21:54.180189 21632 StaDataPropagation.cc:61] the endpoint vertex ram.mem_57_0_5__reg_p:D has negative slack
I20260802 12:21:54.180249 21632 StaDataPropagation.cc:61] the endpoint vertex ram.mem_62_0_5__reg_p:D has negative slack
I20260802 12:21:54.180307 21632 StaDataPropagation.cc:61] the endpoint vertex ram.mem_67_0_5__reg_p:D has negative slack
I20260802 12:21:54.180364 21632 StaDataPropagation.cc:61] the endpoint vertex ram.mem_72_0_5__reg_p:D has negative slack
I20260802 12:21:54.180423 21632 StaDataPropagation.cc:61] the endpoint vertex ram.mem_77_0_5__reg_p:D has negative slack
I20260802 12:21:54.180573 21632 StaDataPropagation.cc:61] the endpoint vertex ram.mem_100_0_5__reg_p:D has negative slack
I20260802 12:21:54.180631 21632 StaDataPropagation.cc:61] the endpoint vertex ram.mem_105_0_5__reg_p:D has negative slack
I20260802 12:21:54.180689 21632 StaDataPropagation.cc:61] the endpoint vertex ram.mem_86_0_5__reg_p:D has negative slack
I20260802 12:21:54.180744 21632 StaDataPropagation.cc:61] the endpoint vertex ram.mem_91_0_5__reg_p:D has negative slack
I20260802 12:21:54.180802 21632 StaDataPropagation.cc:61] the endpoint vertex ram.mem_96_0_5__reg_p:D has negative slack
I20260802 12:21:54.180863 21632 StaDataPropagation.cc:61] the endpoint vertex ram.mem_108_0_5__reg_p:D has negative slack
I20260802 12:21:54.180920 21632 StaDataPropagation.cc:61] the endpoint vertex ram.mem_113_0_5__reg_p:D has negative slack
I20260802 12:21:54.180958 21632 StaDataPropagation.cc:61] the endpoint vertex ram.mem_118_0_5__reg_p:D has negative slack
I20260802 12:21:54.181007 21632 StaDataPropagation.cc:61] the endpoint vertex ram.mem_124_0_5__reg_p:D has negative slack
I20260802 12:21:54.181066 21632 StaDataPropagation.cc:61] the endpoint vertex ram.mem_129_0_5__reg_p:D has negative slack
I20260802 12:21:54.181124 21632 StaDataPropagation.cc:61] the endpoint vertex ram.mem_134_0_5__reg_p:D has negative slack
I20260802 12:21:54.181180 21632 StaDataPropagation.cc:61] the endpoint vertex ram.mem_139_0_5__reg_p:D has negative slack
I20260802 12:21:54.181236 21632 StaDataPropagation.cc:61] the endpoint vertex ram.mem_144_0_5__reg_p:D has negative slack
I20260802 12:21:54.181295 21632 StaDataPropagation.cc:61] the endpoint vertex ram.mem_149_0_5__reg_p:D has negative slack
I20260802 12:21:54.181353 21632 StaDataPropagation.cc:61] the endpoint vertex ram.mem_154_0_5__reg_p:D has negative slack
I20260802 12:21:54.181412 21632 StaDataPropagation.cc:61] the endpoint vertex ram.mem_159_0_5__reg_p:D has negative slack
I20260802 12:21:54.181470 21632 StaDataPropagation.cc:61] the endpoint vertex ram.mem_164_0_5__reg_p:D has negative slack
I20260802 12:21:54.181529 21632 StaDataPropagation.cc:61] the endpoint vertex ram.mem_169_0_5__reg_p:D has negative slack
I20260802 12:21:54.181598 21632 StaDataPropagation.cc:61] the endpoint vertex ram.mem_174_0_5__reg_p:D has negative slack
I20260802 12:21:54.181639 21632 StaDataPropagation.cc:61] the endpoint vertex ram.mem_179_0_5__reg_p:D has negative slack
I20260802 12:21:54.181694 21632 StaDataPropagation.cc:61] the endpoint vertex ram.mem_184_0_5__reg_p:D has negative slack
I20260802 12:21:54.181752 21632 StaDataPropagation.cc:61] the endpoint vertex ram.mem_189_0_5__reg_p:D has negative slack
I20260802 12:21:54.181811 21632 StaDataPropagation.cc:61] the endpoint vertex ram.mem_195_0_5__reg_p:D has negative slack
I20260802 12:21:54.181870 21632 StaDataPropagation.cc:61] the endpoint vertex ram.mem_200_0_5__reg_p:D has negative slack
I20260802 12:21:54.181931 21632 StaDataPropagation.cc:61] the endpoint vertex ram.mem_205_0_5__reg_p:D has negative slack
I20260802 12:21:54.182003 21632 StaDataPropagation.cc:61] the endpoint vertex ram.mem_211_0_5__reg_p:D has negative slack
I20260802 12:21:54.182061 21632 StaDataPropagation.cc:61] the endpoint vertex ram.mem_217_0_5__reg_p:D has negative slack
I20260802 12:21:54.182101 21632 StaDataPropagation.cc:61] the endpoint vertex ram.mem_222_0_5__reg_p:D has negative slack
I20260802 12:21:54.182153 21632 StaDataPropagation.cc:61] the endpoint vertex ram.mem_227_0_5__reg_p:D has negative slack
I20260802 12:21:54.182193 21632 StaDataPropagation.cc:61] the endpoint vertex ram.mem_232_0_5__reg_p:D has negative slack
I20260802 12:21:54.182245 21632 StaDataPropagation.cc:61] the endpoint vertex ram.mem_237_0_5__reg_p:D has negative slack
I20260802 12:21:54.182301 21632 StaDataPropagation.cc:61] the endpoint vertex ram.mem_242_0_5__reg_p:D has negative slack
I20260802 12:21:54.182340 21632 StaDataPropagation.cc:61] the endpoint vertex ram.mem_247_0_5__reg_p:D has negative slack
I20260802 12:21:54.182406 21632 StaDataPropagation.cc:61] the endpoint vertex ram.mem_252_0_5__reg_p:D has negative slack
I20260802 12:21:54.182495 21632 StaDataPropagation.cc:61] the endpoint vertex cpu.idu.gpr.gpr_13_2__reg_p:D has negative slack
I20260802 12:21:54.182559 21632 StaDataPropagation.cc:61] the endpoint vertex cpu.idu.gpr.gpr_12_2__reg_p:D has negative slack
I20260802 12:21:54.182636 21632 StaDataPropagation.cc:61] the endpoint vertex cpu.idu.gpr.gpr_18_2__reg_p:D has negative slack
I20260802 12:21:54.182698 21632 StaDataPropagation.cc:61] the endpoint vertex cpu.idu.gpr.gpr_22_2__reg_p:D has negative slack
I20260802 12:21:54.182758 21632 StaDataPropagation.cc:61] the endpoint vertex cpu.idu.gpr.gpr_27_2__reg_p:D has negative slack
I20260802 12:21:54.182821 21632 StaDataPropagation.cc:61] the endpoint vertex cpu.idu.gpr.gpr_31_2__reg_p:D has negative slack
I20260802 12:21:54.251237 21632 StaDataPropagation.cc:61] the endpoint vertex result[19]_reg_p:D has negative slack
I20260802 12:21:54.251386 21632 StaDataPropagation.cc:61] the endpoint vertex result[15]_reg_p:D has negative slack
I20260802 12:21:54.251446 21632 StaDataPropagation.cc:61] the endpoint vertex result[23]_reg_p:D has negative slack
I20260802 12:21:54.251528 21632 StaDataPropagation.cc:61] the endpoint vertex result[2]_reg_p:D has negative slack
I20260802 12:21:54.251616 21632 StaDataPropagation.cc:61] the endpoint vertex result[29]_reg_p:D has negative slack
I20260802 12:21:54.251698 21632 StaDataPropagation.cc:61] the endpoint vertex result[7]_reg_p:D has negative slack
I20260802 12:21:54.266858 21632 StaDataPropagation.cc:249] propagate start vertex cpu.idu.gpr.gpr_0_2__reg_p:CK
I20260802 12:21:54.271392 21632 StaDataPropagation.cc:249] propagate start vertex cpu.idu.gpr.gpr_15_31__reg_p:CK
I20260802 12:21:54.275143 21632 StaDataPropagation.cc:249] propagate start vertex cpu.idu.gpr.gpr_21_0__reg_p:CK
I20260802 12:21:54.278098 21632 StaDataPropagation.cc:249] propagate start vertex cpu.idu.gpr.gpr_26_11__reg_p:CK
I20260802 12:21:54.281150 21632 StaDataPropagation.cc:249] propagate start vertex cpu.idu.gpr.gpr_28_16__reg_p:CK
I20260802 12:21:54.284453 21632 StaDataPropagation.cc:249] propagate start vertex cpu.idu.gpr.gpr_4_23__reg_p:CK
I20260802 12:21:54.287613 21632 StaDataPropagation.cc:249] propagate start vertex ram.mem_0_2_7__reg_p:CK
I20260802 12:21:54.289438 21632 StaDataPropagation.cc:249] propagate start vertex ram.mem_104_3_1__reg_p:CK
I20260802 12:21:54.291272 21632 StaDataPropagation.cc:249] propagate start vertex ram.mem_110_0_1__reg_p:CK
I20260802 12:21:54.292963 21632 StaDataPropagation.cc:249] propagate start vertex ram.mem_164_3_5__reg_p:CK
I20260802 12:21:54.294605 21632 StaDataPropagation.cc:249] propagate start vertex ram.mem_170_0_5__reg_p:CK
I20260802 12:21:54.296214 21632 StaDataPropagation.cc:249] propagate start vertex ram.mem_176_1_5__reg_p:CK
I20260802 12:21:54.297844 21632 StaDataPropagation.cc:249] propagate start vertex ram.mem_181_2_5__reg_p:CK
I20260802 12:21:54.299572 21632 StaDataPropagation.cc:249] propagate start vertex ram.mem_94_3_5__reg_p:CK
I20260802 12:21:54.301285 21632 StaDataPropagation.cc:249] propagate start vertex ram.mem_191_2_3__reg_p:CK
I20260802 12:21:54.303057 21632 StaDataPropagation.cc:249] propagate start vertex ram.mem_197_3_3__reg_p:CK
I20260802 12:21:54.304879 21632 StaDataPropagation.cc:249] propagate start vertex ram.mem_202_0_3__reg_p:CK
I20260802 12:21:54.339799 21632 StaDataPropagation.cc:249] propagate start vertex ram.mem_206_1_5__reg_p:CK
I20260802 12:21:54.341588 21632 StaDataPropagation.cc:249] propagate start vertex ram.mem_211_2_5__reg_p:CK
I20260802 12:21:54.343195 21632 StaDataPropagation.cc:249] propagate start vertex ram.mem_217_3_5__reg_p:CK
I20260802 12:21:54.344868 21632 StaDataPropagation.cc:249] propagate start vertex ram.mem_223_0_5__reg_p:CK
I20260802 12:21:54.346679 21632 StaDataPropagation.cc:249] propagate start vertex ram.mem_229_1_5__reg_p:CK
I20260802 12:21:54.348418 21632 StaDataPropagation.cc:249] propagate start vertex ram.mem_234_2_5__reg_p:CK
I20260802 12:21:54.350143 21632 StaDataPropagation.cc:249] propagate start vertex ram.mem_23_3_5__reg_p:CK
I20260802 12:21:54.351819 21632 StaDataPropagation.cc:249] propagate start vertex ram.mem_246_0_5__reg_p:CK
I20260802 12:21:54.353508 21632 StaDataPropagation.cc:249] propagate start vertex ram.mem_251_1_5__reg_p:CK
I20260802 12:21:54.355242 21632 StaDataPropagation.cc:249] propagate start vertex ram.mem_26_2_5__reg_p:CK
I20260802 12:21:54.356936 21632 StaDataPropagation.cc:249] propagate start vertex ram.mem_31_3_5__reg_p:CK
I20260802 12:21:54.358696 21632 StaDataPropagation.cc:249] propagate start vertex ram.mem_38_0_5__reg_p:CK
I20260802 12:21:54.360347 21632 StaDataPropagation.cc:249] propagate start vertex ram.mem_43_1_5__reg_p:CK
I20260802 12:21:54.361986 21632 StaDataPropagation.cc:249] propagate start vertex ram.mem_49_2_5__reg_p:CK
I20260802 12:21:54.363660 21632 StaDataPropagation.cc:249] propagate start vertex ram.mem_54_3_5__reg_p:CK
I20260802 12:21:54.365322 21632 StaDataPropagation.cc:249] propagate start vertex ram.mem_60_0_5__reg_p:CK
I20260802 12:21:54.367064 21632 StaDataPropagation.cc:249] propagate start vertex ram.mem_66_1_5__reg_p:CK
I20260802 12:21:54.368655 21632 StaDataPropagation.cc:249] propagate start vertex ram.mem_71_2_5__reg_p:CK
I20260802 12:21:54.370405 21632 StaDataPropagation.cc:249] propagate start vertex ram.mem_77_3_5__reg_p:CK
I20260802 12:21:54.372020 21632 StaDataPropagation.cc:249] propagate start vertex ram.mem_83_0_5__reg_p:CK
I20260802 12:21:54.373600 21632 StaDataPropagation.cc:249] propagate start vertex ram.mem_89_1_5__reg_p:CK
I20260802 12:21:54.375861 21632 StaDataPropagation.cc:249] propagate start vertex rom.mem_94_31__reg_p:CK
I20260802 12:21:54.379329 21632 StaDataPropagation.cc:249] propagate start vertex ram.mem_98_1_4__reg_p:CK
I20260802 12:21:54.470966 21632 StaDataPropagation.cc:249] propagate start vertex rom.mem_101_28__reg_p:CK
I20260802 12:21:54.472954 21632 StaDataPropagation.cc:249] propagate start vertex rom.mem_107_6__reg_p:CK
I20260802 12:21:54.475013 21632 StaDataPropagation.cc:249] propagate start vertex rom.mem_117_7__reg_p:CK
I20260802 12:21:54.476919 21632 StaDataPropagation.cc:249] propagate start vertex rom.mem_123_14__reg_p:CK
I20260802 12:21:54.478895 21632 StaDataPropagation.cc:249] propagate start vertex rom.mem_129_21__reg_p:CK
I20260802 12:21:54.480813 21632 StaDataPropagation.cc:249] propagate start vertex rom.mem_134_29__reg_p:CK
I20260802 12:21:54.482574 21632 StaDataPropagation.cc:249] propagate start vertex ram.mem_203_1_5__reg_p:CK
I20260802 12:21:54.484313 21632 StaDataPropagation.cc:249] propagate start vertex ram.mem_120_3_2__reg_p:CK
I20260802 12:21:54.486210 21632 StaDataPropagation.cc:249] propagate start vertex ram.mem_127_0_2__reg_p:CK
I20260802 12:21:54.488734 21632 StaDataPropagation.cc:249] propagate start vertex ram.mem_132_1_2__reg_p:CK
I20260802 12:21:54.491024 21632 StaDataPropagation.cc:249] propagate start vertex ram.mem_138_2_2__reg_p:CK
I20260802 12:21:54.493680 21632 StaDataPropagation.cc:249] propagate start vertex ram.mem_143_3_2__reg_p:CK
I20260802 12:21:54.495548 21632 StaDataPropagation.cc:249] propagate start vertex ram.mem_14_0_2__reg_p:CK
I20260802 12:21:54.497644 21632 StaDataPropagation.cc:249] propagate start vertex ram.mem_155_1_2__reg_p:CK
I20260802 12:21:54.499500 21632 StaDataPropagation.cc:249] propagate start vertex rom.mem_135_4__reg_p:CK
I20260802 12:21:54.502171 21632 StaDataPropagation.cc:249] propagate start vertex rom.mem_141_11__reg_p:CK
I20260802 12:21:54.505107 21632 StaDataPropagation.cc:249] propagate start vertex rom.mem_147_19__reg_p:CK
I20260802 12:21:54.507990 21632 StaDataPropagation.cc:249] propagate start vertex rom.mem_152_26__reg_p:CK
I20260802 12:21:54.511044 21632 StaDataPropagation.cc:249] propagate start vertex rom.mem_158_4__reg_p:CK
I20260802 12:21:54.513464 21632 StaDataPropagation.cc:249] propagate start vertex rom.mem_164_11__reg_p:CK
I20260802 12:21:54.515897 21632 StaDataPropagation.cc:249] propagate start vertex rom.mem_16_19__reg_p:CK
I20260802 12:21:54.518642 21632 StaDataPropagation.cc:249] propagate start vertex rom.mem_175_26__reg_p:CK
I20260802 12:21:54.521872 21632 StaDataPropagation.cc:249] propagate start vertex rom.mem_180_4__reg_p:CK
I20260802 12:21:54.524524 21632 StaDataPropagation.cc:249] propagate start vertex rom.mem_187_11__reg_p:CK
I20260802 12:21:54.526829 21632 StaDataPropagation.cc:249] propagate start vertex rom.mem_192_19__reg_p:CK
I20260802 12:21:54.529461 21632 StaDataPropagation.cc:249] propagate start vertex rom.mem_198_26__reg_p:CK
I20260802 12:21:54.531721 21632 StaDataPropagation.cc:249] propagate start vertex rom.mem_202_4__reg_p:CK
I20260802 12:21:54.533797 21632 StaDataPropagation.cc:249] propagate start vertex rom.mem_209_11__reg_p:CK
I20260802 12:21:54.536015 21632 StaDataPropagation.cc:249] propagate start vertex rom.mem_214_19__reg_p:CK
I20260802 12:21:54.538115 21632 StaDataPropagation.cc:249] propagate start vertex rom.mem_21_26__reg_p:CK
I20260802 12:21:54.540102 21632 StaDataPropagation.cc:249] propagate start vertex rom.mem_225_4__reg_p:CK
I20260802 12:21:54.542119 21632 StaDataPropagation.cc:249] propagate start vertex rom.mem_231_11__reg_p:CK
I20260802 12:21:54.543982 21632 StaDataPropagation.cc:249] propagate start vertex rom.mem_237_19__reg_p:CK
I20260802 12:21:54.546365 21632 StaDataPropagation.cc:249] propagate start vertex rom.mem_242_26__reg_p:CK
I20260802 12:21:54.548403 21632 StaDataPropagation.cc:249] propagate start vertex rom.mem_248_4__reg_p:CK
I20260802 12:21:54.550320 21632 StaDataPropagation.cc:249] propagate start vertex rom.mem_254_11__reg_p:CK
I20260802 12:21:54.552357 21632 StaDataPropagation.cc:249] propagate start vertex rom.mem_29_19__reg_p:CK
I20260802 12:21:54.554401 21632 StaDataPropagation.cc:249] propagate start vertex rom.mem_34_26__reg_p:CK
I20260802 12:21:54.556306 21632 StaDataPropagation.cc:249] propagate start vertex rom.mem_3_4__reg_p:CK
I20260802 12:21:54.558241 21632 StaDataPropagation.cc:249] propagate start vertex rom.mem_46_11__reg_p:CK
I20260802 12:21:54.560143 21632 StaDataPropagation.cc:249] propagate start vertex rom.mem_51_19__reg_p:CK
I20260802 12:21:54.562039 21632 StaDataPropagation.cc:249] propagate start vertex rom.mem_57_26__reg_p:CK
I20260802 12:21:54.563949 21632 StaDataPropagation.cc:249] propagate start vertex rom.mem_62_4__reg_p:CK
I20260802 12:21:54.565797 21632 StaDataPropagation.cc:249] propagate start vertex rom.mem_69_11__reg_p:CK
I20260802 12:21:54.567713 21632 StaDataPropagation.cc:249] propagate start vertex rom.mem_74_19__reg_p:CK
I20260802 12:21:54.569610 21632 StaDataPropagation.cc:249] propagate start vertex rom.mem_7_26__reg_p:CK
I20260802 12:21:54.571544 21632 StaDataPropagation.cc:249] propagate start vertex rom.mem_85_4__reg_p:CK
I20260802 12:21:54.573383 21632 StaDataPropagation.cc:249] propagate start vertex rom.mem_91_11__reg_p:CK
I20260802 12:21:54.575309 21632 StaDataPropagation.cc:703] data bwd propagation end
I20260802 12:21:54.575354 21632 Sta.cc:2895] update timing end
I20260802 12:21:54.575479 21632 Sta.cc:2898] update timing memory usage 1628.14MB
I20260802 12:21:54.575519 21632 Sta.cc:2900] update timing time elapsed 7.29594s
I20260802 12:21:54.575620 21632 Sta.cc:2998] start write sta report.
I20260802 12:21:54.575650 21632 Sta.cc:2999] output sta report path: /tmp/ysyx-sta-report/sta-result/Riscv32ETOP-500MHz
I20260802 12:21:54.589200 21632 StaReport.cc:211] report the clock group core_clock 5 timing paths.
I20260802 12:22:07.058317 21632 StaReport.cc:211] report the clock group core_clock 5 timing paths.
I20260802 12:22:07.106658 21632 StaReport.cc:211] report the clock group core_clock 1 timing paths.
I20260802 12:22:07.117348 21632 StaReport.cc:211] report the clock group core_clock 5 timing paths.
I20260802 12:22:07.148773 21632 StaReport.cc:211] report the clock group core_clock 5 timing paths.
I20260802 12:22:07.171906 21632 StaReport.cc:211] report the clock group core_clock 1 timing paths.
I20260802 12:22:07.171978 21632 Sta.cc:1885] 
+-------------------------------+-------------+------------+------------+---------------+-------+--------+-----------+
| Endpoint                      | Clock Group | Delay Type | Path Delay | Path Required | CPPR  | Slack  | Freq(MHz) |
+-------------------------------+-------------+------------+------------+---------------+-------+--------+-----------+
| cpu.idu.gpr.gpr_30_3__reg_p:D | core_clock  | max        | 2.507r     | 1.959         | 0.000 | -0.548 | 392.510   |
| cpu.idu.gpr.gpr_28_3__reg_p:D | core_clock  | max        | 2.507r     | 1.959         | 0.000 | -0.548 | 392.510   |
| cpu.idu.gpr.gpr_29_3__reg_p:D | core_clock  | max        | 2.507r     | 1.959         | 0.000 | -0.548 | 392.510   |
| cpu.idu.gpr.gpr_21_3__reg_p:D | core_clock  | max        | 2.507r     | 1.959         | 0.000 | -0.548 | 392.510   |
| cpu.idu.gpr.gpr_22_3__reg_p:D | core_clock  | max        | 2.507r     | 1.959         | 0.000 | -0.548 | 392.510   |
| result[2]_reg_p:D             | core_clock  | min        | 0.111f     | 0.002         | 0.000 | 0.109  | NA        |
| cpu.idu.csr.csr_4_0__reg_p:D  | core_clock  | min        | 0.113f     | 0.002         | 0.000 | 0.111  | NA        |
| cpu.idu.gpr.gpr_0_5__reg_p:D  | core_clock  | min        | 0.114f     | 0.002         | 0.000 | 0.113  | NA        |
| cpu.idu.gpr.gpr_0_14__reg_p:D | core_clock  | min        | 0.114f     | 0.002         | 0.000 | 0.113  | NA        |
| cpu.idu.gpr.gpr_0_30__reg_p:D | core_clock  | min        | 0.114f     | 0.002         | 0.000 | 0.113  | NA        |
+-------------------------------+-------------+------------+------------+---------------+-------+--------+-----------+
I20260802 12:22:07.172143 21632 Sta.cc:1886] 
+------------+------------+-----------+
| Clock      | Delay Type | TNS       |
+------------+------------+-----------+
| core_clock | max        | -7446.660 |
| core_clock | min        | 0.000     |
+------------+------------+-----------+
I20260802 12:22:08.057039 21632 NetlistWriter.cc:52] start write verilog file /tmp/ysyx-sta-report/sta-result/Riscv32ETOP-500MHz/Riscv32ETOP.v
I20260802 12:22:08.690866 21632 NetlistWriter.cc:71] finish write verilog file /tmp/ysyx-sta-report/sta-result/Riscv32ETOP-500MHz/Riscv32ETOP.v
I20260802 12:22:08.697846 21632 Sta.cc:3111] used lib: /workspace/YSYX/thirdpartys/yosys-sta/scripts/../pdk/nangate45/lib/Nangate45_typ.lib
I20260802 12:22:08.697897 21632 Sta.cc:3096] The timing engine run success.
