Generate the report at 2026-08-02T12:22:07, GitVersion: aa25008b3778a76ae1975c839d4cc459f7f7b3b7.
+-------------------------------+-------------+------------+------------+---------------+-------+--------+-----------+
| Endpoint                      | Clock Group | Delay Type | Path Delay | Path Required | CPPR  | Slack  | Freq(MHz) |
+-------------------------------+-------------+------------+------------+---------------+-------+--------+-----------+
| cpu.idu.gpr.gpr_30_3__reg_p:D | core_clock  | max        | 2.507r     | 1.959         | 0.000 | -0.548 | 392.510   |
| cpu.idu.gpr.gpr_28_3__reg_p:D | core_clock  | max        | 2.507r     | 1.959         | 0.000 | -0.548 | 392.510   |
| cpu.idu.gpr.gpr_29_3__reg_p:D | core_clock  | max        | 2.507r     | 1.959         | 0.000 | -0.548 | 392.510   |
| cpu.idu.gpr.gpr_21_3__reg_p:D | core_clock  | max        | 2.507r     | 1.959         | 0.000 | -0.548 | 392.510   |
| cpu.idu.gpr.gpr_22_3__reg_p:D | core_clock  | max        | 2.507r     | 1.959         | 0.000 | -0.548 | 392.510   |
| result[2]_reg_p:D             | core_clock  | min        | 0.111f     | 0.002         | 0.000 | 0.109  | NA        |
| cpu.idu.csr.csr_4_0__reg_p:D  | core_clock  | min        | 0.113f     | 0.002         | 0.000 | 0.111  | NA        |
| cpu.idu.gpr.gpr_0_5__reg_p:D  | core_clock  | min        | 0.114f     | 0.002         | 0.000 | 0.113  | NA        |
| cpu.idu.gpr.gpr_0_14__reg_p:D | core_clock  | min        | 0.114f     | 0.002         | 0.000 | 0.113  | NA        |
| cpu.idu.gpr.gpr_0_30__reg_p:D | core_clock  | min        | 0.114f     | 0.002         | 0.000 | 0.113  | NA        |
+-------------------------------+-------------+------------+------------+---------------+-------+--------+-----------+
+------------+------------+-----------+
| Clock      | Delay Type | TNS       |
+------------+------------+-----------+
| core_clock | max        | -7446.660 |
| core_clock | min        | 0.000     |
+------------+------------+-----------+
+--------------------------------------------------------------------------------------------------------------------------------------------------------+--------+-------------+------------+------------+-------------+--------+-----------------+
| Point                                                                                                                                                  | Fanout | Capacitance | Resistance | Transition | Delta Delay | Incr   | Path            |
+--------------------------------------------------------------------------------------------------------------------------------------------------------+--------+-------------+------------+------------+-------------+--------+-----------------+
| clock (port)                                                                                                                                           |        | 16.808      | 0.000      | 0.000      |             | 0.000  | 0.000r          |
| clock (clock net)                                                                                                                                      | 17696  |             |            |            | NA          |        |                 |
| result[3]_reg_p:CK (DFF_X1)                                                                                                                            |        | 0.001       | 0.000      | 0.000      |             | 0.000  | 0.000r          |
| clock core_clock (rise edge)                                                                                                                           |        |             |            |            |             | 0      | 0               |
| clock network delay (ideal)                                                                                                                            |        |             |            |            |             | 0.000  | 0.000           |
| result[3]_reg_p:CK (DFF_X1)                                                                                                                            |        | 0.001       | 0.000      | 0.000      |             | 0.000  | 0.000r          |
| result[3]_reg_p:Q (DFF_X1)                                                                                                                             |        | 0.068       | 0.000      | 0.160      |             | 0.243  | 0.243r          |
| result_3_ (net)                                                                                                                                        | 24     |             |            |            | 0.000       |        |                 |
| rom.mem_15_3__AOI22_X1_B2_B1_NOR3_X2_ZN_A1_NAND4_X1_ZN:A2 (NAND4_X1)                                                                                   |        | 0.002       | 0.000      | 0.160      |             | 0.000  | 0.243r          |
| rom.mem_15_3__AOI22_X1_B2_B1_NOR3_X2_ZN_A1_NAND4_X1_ZN:ZN (NAND4_X1)                                                                                   |        | 0.006       | 0.000      | 0.049      |             | 0.079  | 0.323f          |
| rom.mem_15_3__AOI22_X1_B2_B1_NOR3_X2_ZN_A1 (net)                                                                                                       | 2      |             |            |            | 0.000       |        |                 |
| rom.mem_15_3__AOI22_X1_B2_B1_NOR3_X2_ZN_A1_BUF_X4_A:A (BUF_X4)                                                                                         |        | 0.003       | 0.000      | 0.049      |             | 0.000  | 0.323f          |
| rom.mem_15_3__AOI22_X1_B2_B1_NOR3_X2_ZN_A1_BUF_X4_A:Z (BUF_X4)                                                                                         |        | 0.035       | 0.000      | 0.013      |             | 0.053  | 0.376f          |
| rom.mem_34_8__AOI22_X1_B2_A2_NOR4_X1_ZN_A1 (net)                                                                                                       | 24     |             |            |            | 0.000       |        |                 |
| rom.mem_0_28__AOI22_X1_A1_B1_NOR3_X1_ZN:A1 (NOR3_X1)                                                                                                   |        | 0.002       | 0.000      | 0.013      |             | 0.000  | 0.376f          |
| rom.mem_0_28__AOI22_X1_A1_B1_NOR3_X1_ZN:ZN (NOR3_X1)                                                                                                   |        | 0.014       | 0.000      | 0.120      |             | 0.140  | 0.515r          |
| rom.mem_0_28__AOI22_X1_A1_B1 (net)                                                                                                                     | 9      |             |            |            | 0.000       |        |                 |
| rom.mem_168_31__AOI22_X1_A1:B1 (AOI22_X1)                                                                                                              |        | 0.002       | 0.000      | 0.120      |             | 0.000  | 0.515r          |
| rom.mem_168_31__AOI22_X1_A1:ZN (AOI22_X1)                                                                                                              |        | 0.001       | 0.000      | 0.027      |             | 0.032  | 0.548f          |
| rom.mem_168_31__AOI22_X1_A1_ZN (net)                                                                                                                   | 1      |             |            |            | 0.000       |        |                 |
| rom.mem_177_31__AOI22_X1_A1_ZN_AND4_X1_A1:A2 (AND4_X1)                                                                                                 |        | 0.001       | 0.000      | 0.027      |             | 0.000  | 0.548f          |
| rom.mem_177_31__AOI22_X1_A1_ZN_AND4_X1_A1:ZN (AND4_X1)                                                                                                 |        | 0.002       | 0.000      | 0.009      |             | 0.047  | 0.595f          |
| rom.mem_177_31__AOI22_X1_A1_ZN_AND4_X1_A1_ZN (net)                                                                                                     | 2      |             |            |            | 0.000       |        |                 |
| rom.mem_177_31__AOI22_X1_A1_ZN_AND4_X1_A1_ZN_NAND4_X1_A1:A1 (NAND4_X1)                                                                                 |        | 0.002       | 0.000      | 0.009      |             | 0.000  | 0.595f          |
| rom.mem_177_31__AOI22_X1_A1_ZN_AND4_X1_A1_ZN_NAND4_X1_A1:ZN (NAND4_X1)                                                                                 |        | 0.002       | 0.000      | 0.015      |             | 0.018  | 0.613r          |
| rom.mem_177_31__AOI22_X1_A1_ZN_AND4_X1_A1_ZN_NAND4_X1_A1_ZN (net)                                                                                      | 1      |             |            |            | 0.000       |        |                 |
| rom.mem_217_31__AND4_X1_A1_ZN_NOR4_X1_A3_ZN_NAND4_X1_A2_ZN_NOR2_X1_A1:A2 (NOR2_X1)                                                                     |        | 0.002       | 0.000      | 0.015      |             | 0.000  | 0.613r          |
| rom.mem_217_31__AND4_X1_A1_ZN_NOR4_X1_A3_ZN_NAND4_X1_A2_ZN_NOR2_X1_A1:ZN (NOR2_X1)                                                                     |        | 0.004       | 0.000      | 0.009      |             | 0.017  | 0.630f          |
| rom.mem_58_31__AOI22_X1_A1_ZN_AND4_X1_A3_ZN_NAND3_X2_A3_A1 (net)                                                                                       | 2      |             |            |            | 0.000       |        |                 |
| rom.mem_58_31__AOI22_X1_A1_ZN_AND4_X1_A3_ZN_NAND3_X2_A3:A1 (NAND3_X2)                                                                                  |        | 0.003       | 0.000      | 0.009      |             | 0.000  | 0.630f          |
| rom.mem_58_31__AOI22_X1_A1_ZN_AND4_X1_A3_ZN_NAND3_X2_A3:ZN (NAND3_X2)                                                                                  |        | 0.017       | 0.000      | 0.028      |             | 0.033  | 0.663r          |
| rom.mem_58_31__AOI22_X1_A1_ZN_AND4_X1_A3_ZN_NAND3_X2_A3_ZN (net)                                                                                       | 11     |             |            |            | 0.000       |        |                 |
| rom.mem_68_31__AOI22_X1_A1_ZN_AND4_X1_A1_ZN_NAND4_X2_A1_ZN_OAI21_X1_B1:B2 (OAI21_X1)                                                                   |        | 0.002       | 0.000      | 0.028      |             | 0.000  | 0.663r          |
| rom.mem_68_31__AOI22_X1_A1_ZN_AND4_X1_A1_ZN_NAND4_X2_A1_ZN_OAI21_X1_B1:ZN (OAI21_X1)                                                                   |        | 0.003       | 0.000      | 0.020      |             | 0.027  | 0.690f          |
| cpu.idu.csr.csr_1_28__AOI221_X1_B2_ZN_OAI221_X1_C1_B1_BUF_X4_Z_A (net)                                                                                 | 1      |             |            |            | 0.000       |        |                 |
| cpu.idu.csr.csr_1_28__AOI221_X1_B2_ZN_OAI221_X1_C1_B1_BUF_X4_Z:A (BUF_X4)                                                                              |        | 0.003       | 0.000      | 0.020      |             | 0.000  | 0.690f          |
| cpu.idu.csr.csr_1_28__AOI221_X1_B2_ZN_OAI221_X1_C1_B1_BUF_X4_Z:Z (BUF_X4)                                                                              |        | 0.033       | 0.000      | 0.012      |             | 0.040  | 0.730f          |
| cpu.idu.csr.csr_1_28__AOI221_X1_B2_ZN_OAI221_X1_C1_B1 (net)                                                                                            | 20     |             |            |            | 0.000       |        |                 |
| cpu.idu.csr.csr_3_8__AOI211_X1_C1_ZN_OAI221_X1_C1_B1_NOR4_X4_A4:A2 (NOR4_X4)                                                                           |        | 0.006       | 0.000      | 0.012      |             | 0.000  | 0.730f          |
| cpu.idu.csr.csr_3_8__AOI211_X1_C1_ZN_OAI221_X1_C1_B1_NOR4_X4_A4:ZN (NOR4_X4)                                                                           |        | 0.026       | 0.000      | 0.092      |             | 0.122  | 0.852r          |
| cpu.idu.csr.csr_6_1__NAND4_X1_A3_ZN_AND3_X1_A2_A3_NAND4_X1_ZN_A4 (net)                                                                                 | 16     |             |            |            | 0.000       |        |                 |
| cpu.idu.csr.csr_2_1__NAND4_X1_A3_ZN_AND3_X1_A1_A2_NAND4_X1_ZN_A4_NAND4_X1_A4:A1 (NAND4_X1)                                                             |        | 0.002       | 0.000      | 0.092      |             | 0.000  | 0.852r          |
| cpu.idu.csr.csr_2_1__NAND4_X1_A3_ZN_AND3_X1_A1_A2_NAND4_X1_ZN_A4_NAND4_X1_A4:ZN (NAND4_X1)                                                             |        | 0.002       | 0.000      | 0.031      |             | 0.043  | 0.895f          |
| cpu.idu.csr.csr_2_1__NAND4_X1_A3_ZN_AND3_X1_A1_A2_NAND4_X1_ZN_A4_NAND4_X1_A4_ZN (net)                                                                  | 1      |             |            |            | 0.000       |        |                 |
| cpu.idu.csr.csr_2_1__NAND4_X1_A3_ZN_AND3_X1_A1_A2_NAND4_X1_ZN_A4_NAND4_X1_A4_ZN_BUF_X2_A:A (BUF_X2)                                                    |        | 0.002       | 0.000      | 0.031      |             | 0.000  | 0.895f          |
| cpu.idu.csr.csr_2_1__NAND4_X1_A3_ZN_AND3_X1_A1_A2_NAND4_X1_ZN_A4_NAND4_X1_A4_ZN_BUF_X2_A:Z (BUF_X2)                                                    |        | 0.028       | 0.000      | 0.018      |             | 0.055  | 0.950f          |
| cpu.idu.csr.csr_6_4__AND4_X1_A3_A4 (net)                                                                                                               | 21     |             |            |            | 0.000       |        |                 |
| rom.mem_255_28__$_NOT__A_Y_NAND4_X1_A1_ZN_OAI211_X1_B_ZN_AOI222_X1_B1_C2_AND4_X1_A1_ZN_NAND4_X1_A4_A3_NAND4_X1_A4_ZN_AND3_X1_A2:A3 (AND3_X1)           |        | 0.001       | 0.000      | 0.018      |             | 0.000  | 0.950f          |
| rom.mem_255_28__$_NOT__A_Y_NAND4_X1_A1_ZN_OAI211_X1_B_ZN_AOI222_X1_B1_C2_AND4_X1_A1_ZN_NAND4_X1_A4_A3_NAND4_X1_A4_ZN_AND3_X1_A2:ZN (AND3_X1)           |        | 0.003       | 0.000      | 0.009      |             | 0.044  | 0.994f          |
| rom.mem_255_28__$_NOT__A_Y_NAND4_X1_A1_ZN_OAI211_X1_B_ZN_AOI222_X1_B1_C2_AND4_X1_A1_ZN_NAND4_X1_A4_A3_NAND4_X1_A4_ZN_AND3_X1_A2_ZN (net)               | 1      |             |            |            | 0.000       |        |                 |
| rom.mem_255_28__$_NOT__A_Y_NAND4_X1_A1_ZN_OAI211_X1_B_ZN_AOI222_X1_B1_C2_AND4_X1_A1_ZN_NAND4_X1_A4_A3_NAND4_X1_A4_ZN_AND3_X1_A2_ZN_BUF_X4_A:A (BUF_X4) |        | 0.003       | 0.000      | 0.009      |             | 0.000  | 0.994f          |
| rom.mem_255_28__$_NOT__A_Y_NAND4_X1_A1_ZN_OAI211_X1_B_ZN_AOI222_X1_B1_C2_AND4_X1_A1_ZN_NAND4_X1_A4_A3_NAND4_X1_A4_ZN_AND3_X1_A2_ZN_BUF_X4_A:Z (BUF_X4) |        | 0.033       | 0.000      | 0.012      |             | 0.035  | 1.029f          |
| cpu.idu.csr.csr_0_3__AND4_X1_A1_A3 (net)                                                                                                               | 23     |             |            |            | 0.000       |        |                 |
| cpu.idu.csr.csr_0_3__AND4_X1_A1:A3 (AND4_X1)                                                                                                           |        | 0.001       | 0.000      | 0.012      |             | 0.000  | 1.029f          |
| cpu.idu.csr.csr_0_3__AND4_X1_A1:ZN (AND4_X1)                                                                                                           |        | 0.001       | 0.000      | 0.008      |             | 0.039  | 1.069f          |
| cpu.idu.csr.csr_0_3__AND4_X1_A1_ZN (net)                                                                                                               | 1      |             |            |            | 0.000       |        |                 |
| cpu.idu.csr.csr_0_3__AND4_X1_A1_ZN_OAI33_X1_A1:A1 (OAI33_X1)                                                                                           |        | 0.002       | 0.000      | 0.008      |             | 0.000  | 1.069f          |
| cpu.idu.csr.csr_0_3__AND4_X1_A1_ZN_OAI33_X1_A1:ZN (OAI33_X1)                                                                                           |        | 0.003       | 0.000      | 0.075      |             | 0.059  | 1.127r          |
| cpu.idu.csr.csr_0_3__AND4_X1_A1_ZN_OAI33_X1_A1_ZN (net)                                                                                                | 2      |             |            |            | 0.000       |        |                 |
| cpu.idu.csr.csr_3_3__AOI22_X1_A1_ZN_OAI21_X1_A:B1 (OAI21_X1)                                                                                           |        | 0.002       | 0.000      | 0.075      |             | 0.000  | 1.127r          |
| cpu.idu.csr.csr_3_3__AOI22_X1_A1_ZN_OAI21_X1_A:ZN (OAI21_X1)                                                                                           |        | 0.005       | 0.000      | 0.026      |             | 0.035  | 1.162f          |
| cpu.idu.csr.csr_3_3__AOI22_X1_A1_ZN_OAI21_X1_A_ZN (net)                                                                                                | 2      |             |            |            | 0.000       |        |                 |
| cpu.idu.csr.csr_3_3__AOI22_X1_A1_ZN_OAI21_X1_A_ZN_NAND3_X1_A2:A2 (NAND3_X1)                                                                            |        | 0.002       | 0.000      | 0.026      |             | 0.000  | 1.162f          |
| cpu.idu.csr.csr_3_3__AOI22_X1_A1_ZN_OAI21_X1_A_ZN_NAND3_X1_A2:ZN (NAND3_X1)                                                                            |        | 0.003       | 0.000      | 0.018      |             | 0.032  | 1.194r          |
| cpu.idu.csr.csr_3_3__AOI22_X1_A1_ZN_OAI21_X1_A_ZN_NAND3_X1_A2_ZN (net)                                                                                 | 1      |             |            |            | 0.000       |        |                 |
| rom.mem_255_10__$_NOT__A_Y_NAND4_X1_A1_ZN_OAI211_X1_B_1_ZN_OAI211_X2_A:B (OAI211_X2)                                                                   |        | 0.003       | 0.000      | 0.018      |             | 0.000  | 1.194r          |
| rom.mem_255_10__$_NOT__A_Y_NAND4_X1_A1_ZN_OAI211_X1_B_1_ZN_OAI211_X2_A:ZN (OAI211_X2)                                                                  |        | 0.013       | 0.000      | 0.027      |             | 0.044  | 1.238f          |
| rom.mem_255_10__$_NOT__A_Y_NAND4_X1_A1_ZN_OAI211_X1_B_1_ZN_OAI211_X2_A_ZN (net)                                                                        | 9      |             |            |            | 0.000       |        |                 |
| result[4]_reg_p_D_AOI211_X1_ZN_B_AOI211_X1_ZN_A_OAI33_X1_ZN_A2_AOI21_X2_ZN_B2_OAI221_X1_ZN_C1_NOR2_X1_A1:A2 (NOR2_X1)                                  |        | 0.002       | 0.000      | 0.027      |             | 0.000  | 1.238f          |
| result[4]_reg_p_D_AOI211_X1_ZN_B_AOI211_X1_ZN_A_OAI33_X1_ZN_A2_AOI21_X2_ZN_B2_OAI221_X1_ZN_C1_NOR2_X1_A1:ZN (NOR2_X1)                                  |        | 0.001       | 0.000      | 0.019      |             | 0.037  | 1.275r          |
| result[4]_reg_p_D_AOI211_X1_ZN_B_AOI211_X1_ZN_A_OAI33_X1_ZN_A2_AOI21_X2_ZN_B2_OAI221_X1_ZN_C1_NOR2_X1_A1_ZN (net)                                      | 1      |             |            |            | 0.000       |        |                 |
| result[4]_reg_p_D_AOI211_X1_ZN_B_AOI211_X1_ZN_A_OAI33_X1_ZN_A2_AOI21_X2_ZN_B2_OAI221_X1_ZN_C1_NOR2_X1_A1_ZN_CLKBUF_X3_A:A (CLKBUF_X3)                  |        | 0.001       | 0.000      | 0.019      |             | 0.000  | 1.275r          |
| result[4]_reg_p_D_AOI211_X1_ZN_B_AOI211_X1_ZN_A_OAI33_X1_ZN_A2_AOI21_X2_ZN_B2_OAI221_X1_ZN_C1_NOR2_X1_A1_ZN_CLKBUF_X3_A:Z (CLKBUF_X3)                  |        | 0.030       | 0.000      | 0.026      |             | 0.056  | 1.331r          |
| cpu.idu.csr.csr_3_1__AND4_X1_A4_A1_AOI211_X1_C2_B_OAI211_X1_ZN_C2_NOR4_X1_A2_A1_AOI21_X1_ZN_A (net)                                                    | 19     |             |            |            | 0.000       |        |                 |
| result[0]_reg_p_D_NOR2_X1_ZN_A2_AOI221_X1_ZN_C1_NAND2_X1_ZN_A1_AOI21_X1_B2_ZN_OAI211_X1_C1_B_NAND2_X1_ZN:A1 (NAND2_X1)                                 |        | 0.002       | 0.000      | 0.026      |             | 0.000  | 1.331r          |
| result[0]_reg_p_D_NOR2_X1_ZN_A2_AOI221_X1_ZN_C1_NAND2_X1_ZN_A1_AOI21_X1_B2_ZN_OAI211_X1_C1_B_NAND2_X1_ZN:ZN (NAND2_X1)                                 |        | 0.003       | 0.000      | 0.014      |             | 0.023  | 1.354f          |
| result[0]_reg_p_D_NOR2_X1_ZN_A2_AOI221_X1_ZN_C1_NAND2_X1_ZN_A1_AOI21_X1_B2_ZN_OAI211_X1_C1_B (net)                                                     | 2      |             |            |            | 0.000       |        |                 |
| result[0]_reg_p_D_NOR2_X1_ZN_A2_AOI221_X1_ZN_C1_NOR4_X1_A4_ZN_AND4_X1_A3_A4_NAND3_X1_A1_A3_NAND2_X1_A2:A1 (NAND2_X1)                                   |        | 0.002       | 0.000      | 0.014      |             | 0.000  | 1.354f          |
| result[0]_reg_p_D_NOR2_X1_ZN_A2_AOI221_X1_ZN_C1_NOR4_X1_A4_ZN_AND4_X1_A3_A4_NAND3_X1_A1_A3_NAND2_X1_A2:ZN (NAND2_X1)                                   |        | 0.007       | 0.000      | 0.022      |             | 0.030  | 1.384r          |
| result[0]_reg_p_D_NOR2_X1_ZN_A2_AOI221_X1_ZN_C1_NOR4_X1_A4_A3 (net)                                                                                    | 5      |             |            |            | 0.000       |        |                 |
| cpu.idu.csr.csr_3_3__AOI22_X1_A1_ZN_OAI211_X1_B_A_OAI211_X1_ZN_A_NAND3_X1_ZN:A3 (NAND3_X1)                                                             |        | 0.002       | 0.000      | 0.022      |             | 0.000  | 1.384r          |
| cpu.idu.csr.csr_3_3__AOI22_X1_A1_ZN_OAI211_X1_B_A_OAI211_X1_ZN_A_NAND3_X1_ZN:ZN (NAND3_X1)                                                             |        | 0.006       | 0.000      | 0.023      |             | 0.036  | 1.420f          |
| cpu.idu.csr.csr_3_3__AOI22_X1_A1_ZN_OAI211_X1_B_A_OAI211_X1_ZN_A (net)                                                                                 | 3      |             |            |            | 0.000       |        |                 |
| result[4]_reg_p_D_AOI211_X1_ZN_B_AOI211_X1_ZN_A_OAI33_X1_ZN_A2_AOI21_X2_ZN:B1 (AOI21_X2)                                                               |        | 0.003       | 0.000      | 0.023      |             | 0.000  | 1.420f          |
| result[4]_reg_p_D_AOI211_X1_ZN_B_AOI211_X1_ZN_A_OAI33_X1_ZN_A2_AOI21_X2_ZN:ZN (AOI21_X2)                                                               |        | 0.006       | 0.000      | 0.030      |             | 0.041  | 1.461r          |
| result[4]_reg_p_D_AOI211_X1_ZN_B_AOI211_X1_ZN_A_OAI33_X1_ZN_A2 (net)                                                                                   | 3      |             |            |            | 0.000       |        |                 |
| result[4]_reg_p_D_AOI211_X1_ZN_B_AOI211_X1_ZN_A_OAI33_X1_ZN_A2_OAI21_X2_B1:B1 (OAI21_X2)                                                               |        | 0.003       | 0.000      | 0.030      |             | 0.000  | 1.461r          |
| result[4]_reg_p_D_AOI211_X1_ZN_B_AOI211_X1_ZN_A_OAI33_X1_ZN_A2_OAI21_X2_B1:ZN (OAI21_X2)                                                               |        | 0.007       | 0.000      | 0.019      |             | 0.024  | 1.485f          |
| result[5]_reg_p_D_AOI21_X1_ZN_A_OAI21_X1_ZN_B2_NAND2_X1_ZN_A1_OAI211_X1_ZN_A (net)                                                                     | 5      |             |            |            | 0.000       |        |                 |
| result[6]_reg_p_D_AND2_X1_ZN_A1_MUX2_X1_Z_A_OAI221_X1_ZN_A_OR3_X1_ZN_A3_AND3_X1_ZN:A3 (AND3_X1)                                                        |        | 0.001       | 0.000      | 0.019      |             | 0.000  | 1.485f          |
| result[6]_reg_p_D_AND2_X1_ZN_A1_MUX2_X1_Z_A_OAI221_X1_ZN_A_OR3_X1_ZN_A3_AND3_X1_ZN:ZN (AND3_X1)                                                        |        | 0.002       | 0.000      | 0.008      |             | 0.043  | 1.528f          |
| result[6]_reg_p_D_AND2_X1_ZN_A1_MUX2_X1_Z_A_OAI221_X1_ZN_A_OR3_X1_ZN_A3 (net)                                                                          | 2      |             |            |            | 0.000       |        |                 |
| result[6]_reg_p_D_AND2_X1_ZN_A1_MUX2_X1_Z_A_OAI221_X1_ZN_A_OR3_X1_ZN_A3_OAI33_X1_A1:A1 (OAI33_X1)                                                      |        | 0.002       | 0.000      | 0.008      |             | 0.000  | 1.528f          |
| result[6]_reg_p_D_AND2_X1_ZN_A1_MUX2_X1_Z_A_OAI221_X1_ZN_A_OR3_X1_ZN_A3_OAI33_X1_A1:ZN (OAI33_X1)                                                      |        | 0.015       | 0.000      | 0.167      |             | 0.154  | 1.682r          |
| ram.mem_207_3_7__NAND4_X1_A1_A4_NOR4_X2_ZN_A4 (net)                                                                                                    | 6      |             |            |            | 0.000       |        |                 |
| ram.mem_207_3_7__NAND4_X1_A1_A4_NOR4_X2_ZN_A3_OR2_X2_A1:A2 (OR2_X2)                                                                                    |        | 0.002       | 0.000      | 0.167      |             | 0.000  | 1.682r          |
| ram.mem_207_3_7__NAND4_X1_A1_A4_NOR4_X2_ZN_A3_OR2_X2_A1:ZN (OR2_X2)                                                                                    |        | 0.007       | 0.000      | 0.015      |             | 0.042  | 1.725r          |
| ram.mem_207_3_7__NAND4_X1_A1_A4_NOR4_X2_ZN_A3_OR2_X2_A1_ZN (net)                                                                                       | 1      |             |            |            | 0.000       |        |                 |
| result[7]_reg_p_D_AOI211_X1_ZN_B_AOI211_X1_ZN_A_OAI22_X1_ZN_A1_OAI211_X1_C2_B_BUF_X8_Z:A (BUF_X8)                                                      |        | 0.007       | 0.000      | 0.015      |             | 0.000  | 1.725r          |
| result[7]_reg_p_D_AOI211_X1_ZN_B_AOI211_X1_ZN_A_OAI22_X1_ZN_A1_OAI211_X1_C2_B_BUF_X8_Z:Z (BUF_X8)                                                      |        | 0.042       | 0.000      | 0.015      |             | 0.033  | 1.758r          |
| result[7]_reg_p_D_AOI211_X1_ZN_B_AOI211_X1_ZN_A_OAI22_X1_ZN_A1_OAI211_X1_C2_B (net)                                                                    | 6      |             |            |            | 0.000       |        |                 |
| result[7]_reg_p_D_AOI211_X1_ZN_B_AOI211_X1_ZN_A_OAI22_X1_ZN_A1_OAI211_X1_C2:B (OAI211_X1)                                                              |        | 0.002       | 0.000      | 0.015      |             | 0.000  | 1.758r          |
| result[7]_reg_p_D_AOI211_X1_ZN_B_AOI211_X1_ZN_A_OAI22_X1_ZN_A1_OAI211_X1_C2:ZN (OAI211_X1)                                                             |        | 0.003       | 0.000      | 0.022      |             | 0.036  | 1.793f          |
| result[7]_reg_p_D_AOI211_X1_ZN_B_AOI211_X1_ZN_A_OAI22_X1_ZN_A1_OAI211_X1_C2_ZN (net)                                                                   | 1      |             |            |            | 0.000       |        |                 |
| result[7]_reg_p_D_AOI211_X1_ZN_B_AOI211_X1_ZN_A_OAI22_X1_ZN_A1_OAI211_X1_C2_ZN_BUF_X4_A:A (BUF_X4)                                                     |        | 0.003       | 0.000      | 0.022      |             | 0.000  | 1.793f          |
| result[7]_reg_p_D_AOI211_X1_ZN_B_AOI211_X1_ZN_A_OAI22_X1_ZN_A1_OAI211_X1_C2_ZN_BUF_X4_A:Z (BUF_X4)                                                     |        | 0.029       | 0.000      | 0.011      |             | 0.040  | 1.833f          |
| result[7]_reg_p_D_AOI211_X1_ZN_B_AOI211_X1_ZN_A_OAI22_X1_ZN_A1_OAI211_X1_C2_ZN_BUF_X4_A_Z (net)                                                        | 5      |             |            |            | 0.000       |        |                 |
| result[7]_reg_p_D_AOI211_X1_ZN_B_AOI211_X1_ZN_A_OAI22_X1_ZN_A1_OAI211_X1_C2_ZN_BUF_X4_A_Z_BUF_X16_A:A (BUF_X16)                                        |        | 0.012       | 0.000      | 0.011      |             | 0.000  | 1.833f          |
| result[7]_reg_p_D_AOI211_X1_ZN_B_AOI211_X1_ZN_A_OAI22_X1_ZN_A1_OAI211_X1_C2_ZN_BUF_X4_A_Z_BUF_X16_A:Z (BUF_X16)                                        |        | 0.115       | 0.000      | 0.011      |             | 0.036  | 1.869f          |
| ram.mem_9_3_7__AOI22_X1_B2_A2_NOR4_X4_ZN_A3 (net)                                                                                                      | 24     |             |            |            | 0.000       |        |                 |
| ram.mem_83_3_0__AOI22_X1_A1_B1_NOR4_X2_ZN:A2 (NOR4_X2)                                                                                                 |        | 0.003       | 0.000      | 0.011      |             | 0.000  | 1.869f          |
| ram.mem_83_3_0__AOI22_X1_A1_B1_NOR4_X2_ZN:ZN (NOR4_X2)                                                                                                 |        | 0.013       | 0.000      | 0.093      |             | 0.122  | 1.991r          |
| ram.mem_83_3_0__AOI22_X1_A1_B1 (net)                                                                                                                   | 8      |             |            |            | 0.000       |        |                 |
| ram.mem_83_3_0__AOI22_X1_A1_B1_BUF_X2_A:A (BUF_X2)                                                                                                     |        | 0.002       | 0.000      | 0.093      |             | 0.000  | 1.991r          |
| ram.mem_83_3_0__AOI22_X1_A1_B1_BUF_X2_A:Z (BUF_X2)                                                                                                     |        | 0.038       | 0.000      | 0.048      |             | 0.076  | 2.066r          |
| ram.mem_88_2_0__AOI22_X1_B2_B1 (net)                                                                                                                   | 24     |             |            |            | 0.000       |        |                 |
| ram.mem_88_1_3__AOI22_X1_B2:B1 (AOI22_X1)                                                                                                              |        | 0.002       | 0.000      | 0.048      |             | 0.000  | 2.066r          |
| ram.mem_88_1_3__AOI22_X1_B2:ZN (AOI22_X1)                                                                                                              |        | 0.001       | 0.000      | 0.020      |             | 0.028  | 2.094f          |
| ram.mem_88_1_3__AOI22_X1_B2_ZN (net)                                                                                                                   | 1      |             |            |            | 0.000       |        |                 |
| ram.mem_89_1_3__AOI22_X1_B2_ZN_AND4_X1_A1:A4 (AND4_X1)                                                                                                 |        | 0.001       | 0.000      | 0.020      |             | 0.000  | 2.094f          |
| ram.mem_89_1_3__AOI22_X1_B2_ZN_AND4_X1_A1:ZN (AND4_X1)                                                                                                 |        | 0.001       | 0.000      | 0.007      |             | 0.042  | 2.136f          |
| ram.mem_89_1_3__AOI22_X1_B2_ZN_AND4_X1_A1_ZN (net)                                                                                                     | 1      |             |            |            | 0.000       |        |                 |
| ram.mem_92_1_3__AOI22_X1_A1_ZN_AND4_X1_A2:A4 (AND4_X1)                                                                                                 |        | 0.001       | 0.000      | 0.007      |             | 0.000  | 2.136f          |
| ram.mem_92_1_3__AOI22_X1_A1_ZN_AND4_X1_A2:ZN (AND4_X1)                                                                                                 |        | 0.001       | 0.000      | 0.008      |             | 0.038  | 2.175f          |
| ram.mem_92_1_3__AOI22_X1_A1_ZN_AND4_X1_A2_ZN (net)                                                                                                     | 1      |             |            |            | 0.000       |        |                 |
| ram.mem_177_1_3__AOI221_X1_B2_ZN_NAND4_X1_A3:A4 (NAND4_X1)                                                                                             |        | 0.002       | 0.000      | 0.008      |             | 0.000  | 2.175f          |
| ram.mem_177_1_3__AOI221_X1_B2_ZN_NAND4_X1_A3:ZN (NAND4_X1)                                                                                             |        | 0.001       | 0.000      | 0.013      |             | 0.020  | 2.195r          |
| ram.mem_255_1_3__OAI221_X1_B2_C2_OR4_X1_ZN_A4 (net)                                                                                                    | 1      |             |            |            | 0.000       |        |                 |
| ram.mem_255_1_3__OAI221_X1_B2_C2_OR4_X1_ZN:A4 (OR4_X1)                                                                                                 |        | 0.001       | 0.000      | 0.013      |             | 0.000  | 2.195r          |
| ram.mem_255_1_3__OAI221_X1_B2_C2_OR4_X1_ZN:ZN (OR4_X1)                                                                                                 |        | 0.002       | 0.000      | 0.009      |             | 0.030  | 2.225r          |
| ram.mem_255_1_3__OAI221_X1_B2_C2 (net)                                                                                                                 | 1      |             |            |            | 0.000       |        |                 |
| ram.mem_255_1_3__OAI221_X1_B2:C2 (OAI221_X1)                                                                                                           |        | 0.002       | 0.000      | 0.009      |             | 0.000  | 2.225r          |
| ram.mem_255_1_3__OAI221_X1_B2:ZN (OAI221_X1)                                                                                                           |        | 0.003       | 0.000      | 0.036      |             | 0.033  | 2.258f          |
| ram.mem_255_1_3__OAI221_X1_B2_ZN (net)                                                                                                                 | 2      |             |            |            | 0.000       |        |                 |
| ram.mem_255_0_3__OAI211_X1_C2_ZN_OAI221_X1_C2:B2 (OAI221_X1)                                                                                           |        | 0.002       | 0.000      | 0.036      |             | 0.000  | 2.258f          |
| ram.mem_255_0_3__OAI211_X1_C2_ZN_OAI221_X1_C2:ZN (OAI221_X1)                                                                                           |        | 0.002       | 0.000      | 0.037      |             | 0.061  | 2.319r          |
| ram.mem_255_0_3__OAI211_X1_C2_ZN_OAI221_X1_C2_ZN (net)                                                                                                 | 1      |             |            |            | 0.000       |        |                 |
| ram.mem_255_0_3__OAI211_X1_C2_ZN_OAI221_X1_C2_ZN_OAI211_X1_A:A (OAI211_X1)                                                                             |        | 0.002       | 0.000      | 0.037      |             | 0.000  | 2.319r          |
| ram.mem_255_0_3__OAI211_X1_C2_ZN_OAI221_X1_C2_ZN_OAI211_X1_A:ZN (OAI211_X1)                                                                            |        | 0.002       | 0.000      | 0.019      |             | 0.036  | 2.354f          |
| ram.mem_255_0_3__OAI211_X1_C2_ZN_OAI221_X1_C2_ZN_OAI211_X1_A_ZN (net)                                                                                  | 1      |             |            |            | 0.000       |        |                 |
| result[3]_reg_p_D_AOI21_X1_ZN_B1_OAI22_X1_B2_ZN_NAND2_X1_A2_ZN_OAI211_X1_B:A (OAI211_X1)                                                               |        | 0.002       | 0.000      | 0.019      |             | 0.000  | 2.354f          |
| result[3]_reg_p_D_AOI21_X1_ZN_B1_OAI22_X1_B2_ZN_NAND2_X1_A2_ZN_OAI211_X1_B:ZN (OAI211_X1)                                                              |        | 0.003       | 0.000      | 0.036      |             | 0.031  | 2.386r          |
| cpu.idu.csr.csr_3_3__AOI22_X1_A1_ZN_OAI21_X1_A_ZN_OAI21_X2_B2_A (net)                                                                                  | 1      |             |            |            | 0.000       |        |                 |
| cpu.idu.csr.csr_3_3__AOI22_X1_A1_ZN_OAI21_X1_A_ZN_OAI21_X2_B2:A (OAI21_X2)                                                                             |        | 0.003       | 0.000      | 0.036      |             | 0.000  | 2.386r          |
| cpu.idu.csr.csr_3_3__AOI22_X1_A1_ZN_OAI21_X1_A_ZN_OAI21_X2_B2:ZN (OAI21_X2)                                                                            |        | 0.013       | 0.000      | 0.025      |             | 0.037  | 2.422f          |
| cpu.idu.gpr.gpr_9_3__reg_p_D_AOI211_X1_ZN_C1 (net)                                                                                                     | 8      |             |            |            | 0.000       |        |                 |
| cpu.idu.gpr.gpr_9_3__reg_p_D_AOI211_X1_ZN_C1_BUF_X4_A:A (BUF_X4)                                                                                       |        | 0.003       | 0.000      | 0.025      |             | 0.000  | 2.422f          |
| cpu.idu.gpr.gpr_9_3__reg_p_D_AOI211_X1_ZN_C1_BUF_X4_A:Z (BUF_X4)                                                                                       |        | 0.034       | 0.000      | 0.012      |             | 0.043  | 2.466f          |
| cpu.idu.gpr.gpr_8_3__reg_p_D_AOI21_X1_ZN_B1 (net)                                                                                                      | 24     |             |            |            | 0.000       |        |                 |
| cpu.idu.gpr.gpr_30_3__reg_p_D_AOI211_X1_ZN:C1 (AOI211_X1)                                                                                              |        | 0.002       | 0.000      | 0.012      |             | 0.000  | 2.466f          |
| cpu.idu.gpr.gpr_30_3__reg_p_D_AOI211_X1_ZN:ZN (AOI211_X1)                                                                                              |        | 0.001       | 0.000      | 0.044      |             | 0.041  | 2.507r          |
| cpu.idu.gpr.gpr_30_3__reg_p_D (net)                                                                                                                    | 1      |             |            |            | 0.000       |        |                 |
| cpu.idu.gpr.gpr_30_3__reg_p:D (DFF_X1)                                                                                                                 |        | 0.001       | 0.000      | 0.044      |             | 0.000  | 2.507r          |
|                                                                                                                                                        |        |             |            |            |             |        |                 |
| clock (port)                                                                                                                                           |        | 16.808      | 0.000      | 0.000      |             | 0.000  | 0.000r          |
| clock (clock net)                                                                                                                                      | 17696  |             |            |            | NA          |        |                 |
| cpu.idu.gpr.gpr_30_3__reg_p:CK (DFF_X1)                                                                                                                |        | 0.001       | 0.000      | 0.000      |             | 0.000  | 0.000r          |
| clock core_clock (rise edge)                                                                                                                           |        |             |            |            |             | 2      | 2               |
| clock network delay (ideal)                                                                                                                            |        |             |            |            |             | 0.000  | 2.000           |
| cpu.idu.gpr.gpr_30_3__reg_p:CK (DFF_X1)                                                                                                                |        |             |            |            |             |        | 2.000r          |
| library setup time                                                                                                                                     |        |             |            |            |             | -0.041 | 1.959           |
| clock reconvergence pessimism                                                                                                                          |        |             |            |            |             | 0.000  | 1.959           |
|                                                                                                                                                        |        |             |            |            |             |        |                 |
| path cell delay                                                                                                                                        |        |             |            |            |             |        | 2.507(100.000%) |
| path net delay                                                                                                                                         |        |             |            |            |             |        | 0.000(0.000%)   |
|                                                                                                                                                        |        |             |            |            |             |        |                 |
| data require time                                                                                                                                      |        |             |            |            |             |        | 1.959           |
| data arrival time                                                                                                                                      |        |             |            |            |             |        | 2.507           |
| slack (VIOLATED)                                                                                                                                       |        |             |            |            |             |        | -0.548          |
+--------------------------------------------------------------------------------------------------------------------------------------------------------+--------+-------------+------------+------------+-------------+--------+-----------------+
+--------------------------------------------------------------------------------------------------------------------------------------------------------+--------+-------------+------------+------------+-------------+--------+-----------------+
| Point                                                                                                                                                  | Fanout | Capacitance | Resistance | Transition | Delta Delay | Incr   | Path            |
+--------------------------------------------------------------------------------------------------------------------------------------------------------+--------+-------------+------------+------------+-------------+--------+-----------------+
| clock (port)                                                                                                                                           |        | 16.808      | 0.000      | 0.000      |             | 0.000  | 0.000r          |
| clock (clock net)                                                                                                                                      | 17696  |             |            |            | NA          |        |                 |
| result[3]_reg_p:CK (DFF_X1)                                                                                                                            |        | 0.001       | 0.000      | 0.000      |             | 0.000  | 0.000r          |
| clock core_clock (rise edge)                                                                                                                           |        |             |            |            |             | 0      | 0               |
| clock network delay (ideal)                                                                                                                            |        |             |            |            |             | 0.000  | 0.000           |
| result[3]_reg_p:CK (DFF_X1)                                                                                                                            |        | 0.001       | 0.000      | 0.000      |             | 0.000  | 0.000r          |
| result[3]_reg_p:Q (DFF_X1)                                                                                                                             |        | 0.068       | 0.000      | 0.160      |             | 0.243  | 0.243r          |
| result_3_ (net)                                                                                                                                        | 24     |             |            |            | 0.000       |        |                 |
| rom.mem_15_3__AOI22_X1_B2_B1_NOR3_X2_ZN_A1_NAND4_X1_ZN:A2 (NAND4_X1)                                                                                   |        | 0.002       | 0.000      | 0.160      |             | 0.000  | 0.243r          |
| rom.mem_15_3__AOI22_X1_B2_B1_NOR3_X2_ZN_A1_NAND4_X1_ZN:ZN (NAND4_X1)                                                                                   |        | 0.006       | 0.000      | 0.049      |             | 0.079  | 0.323f          |
| rom.mem_15_3__AOI22_X1_B2_B1_NOR3_X2_ZN_A1 (net)                                                                                                       | 2      |             |            |            | 0.000       |        |                 |
| rom.mem_15_3__AOI22_X1_B2_B1_NOR3_X2_ZN_A1_BUF_X4_A:A (BUF_X4)                                                                                         |        | 0.003       | 0.000      | 0.049      |             | 0.000  | 0.323f          |
| rom.mem_15_3__AOI22_X1_B2_B1_NOR3_X2_ZN_A1_BUF_X4_A:Z (BUF_X4)                                                                                         |        | 0.035       | 0.000      | 0.013      |             | 0.053  | 0.376f          |
| rom.mem_34_8__AOI22_X1_B2_A2_NOR4_X1_ZN_A1 (net)                                                                                                       | 24     |             |            |            | 0.000       |        |                 |
| rom.mem_0_28__AOI22_X1_A1_B1_NOR3_X1_ZN:A1 (NOR3_X1)                                                                                                   |        | 0.002       | 0.000      | 0.013      |             | 0.000  | 0.376f          |
| rom.mem_0_28__AOI22_X1_A1_B1_NOR3_X1_ZN:ZN (NOR3_X1)                                                                                                   |        | 0.014       | 0.000      | 0.120      |             | 0.140  | 0.515r          |
| rom.mem_0_28__AOI22_X1_A1_B1 (net)                                                                                                                     | 9      |             |            |            | 0.000       |        |                 |
| rom.mem_168_31__AOI22_X1_A1:B1 (AOI22_X1)                                                                                                              |        | 0.002       | 0.000      | 0.120      |             | 0.000  | 0.515r          |
| rom.mem_168_31__AOI22_X1_A1:ZN (AOI22_X1)                                                                                                              |        | 0.001       | 0.000      | 0.027      |             | 0.032  | 0.548f          |
| rom.mem_168_31__AOI22_X1_A1_ZN (net)                                                                                                                   | 1      |             |            |            | 0.000       |        |                 |
| rom.mem_177_31__AOI22_X1_A1_ZN_AND4_X1_A1:A2 (AND4_X1)                                                                                                 |        | 0.001       | 0.000      | 0.027      |             | 0.000  | 0.548f          |
| rom.mem_177_31__AOI22_X1_A1_ZN_AND4_X1_A1:ZN (AND4_X1)                                                                                                 |        | 0.002       | 0.000      | 0.009      |             | 0.047  | 0.595f          |
| rom.mem_177_31__AOI22_X1_A1_ZN_AND4_X1_A1_ZN (net)                                                                                                     | 2      |             |            |            | 0.000       |        |                 |
| rom.mem_177_31__AOI22_X1_A1_ZN_AND4_X1_A1_ZN_NAND4_X1_A1:A1 (NAND4_X1)                                                                                 |        | 0.002       | 0.000      | 0.009      |             | 0.000  | 0.595f          |
| rom.mem_177_31__AOI22_X1_A1_ZN_AND4_X1_A1_ZN_NAND4_X1_A1:ZN (NAND4_X1)                                                                                 |        | 0.002       | 0.000      | 0.015      |             | 0.018  | 0.613r          |
| rom.mem_177_31__AOI22_X1_A1_ZN_AND4_X1_A1_ZN_NAND4_X1_A1_ZN (net)                                                                                      | 1      |             |            |            | 0.000       |        |                 |
| rom.mem_217_31__AND4_X1_A1_ZN_NOR4_X1_A3_ZN_NAND4_X1_A2_ZN_NOR2_X1_A1:A2 (NOR2_X1)                                                                     |        | 0.002       | 0.000      | 0.015      |             | 0.000  | 0.613r          |
| rom.mem_217_31__AND4_X1_A1_ZN_NOR4_X1_A3_ZN_NAND4_X1_A2_ZN_NOR2_X1_A1:ZN (NOR2_X1)                                                                     |        | 0.004       | 0.000      | 0.009      |             | 0.017  | 0.630f          |
| rom.mem_58_31__AOI22_X1_A1_ZN_AND4_X1_A3_ZN_NAND3_X2_A3_A1 (net)                                                                                       | 2      |             |            |            | 0.000       |        |                 |
| rom.mem_58_31__AOI22_X1_A1_ZN_AND4_X1_A3_ZN_NAND3_X2_A3:A1 (NAND3_X2)                                                                                  |        | 0.003       | 0.000      | 0.009      |             | 0.000  | 0.630f          |
| rom.mem_58_31__AOI22_X1_A1_ZN_AND4_X1_A3_ZN_NAND3_X2_A3:ZN (NAND3_X2)                                                                                  |        | 0.017       | 0.000      | 0.028      |             | 0.033  | 0.663r          |
| rom.mem_58_31__AOI22_X1_A1_ZN_AND4_X1_A3_ZN_NAND3_X2_A3_ZN (net)                                                                                       | 11     |             |            |            | 0.000       |        |                 |
| rom.mem_68_31__AOI22_X1_A1_ZN_AND4_X1_A1_ZN_NAND4_X2_A1_ZN_OAI21_X1_B1:B2 (OAI21_X1)                                                                   |        | 0.002       | 0.000      | 0.028      |             | 0.000  | 0.663r          |
| rom.mem_68_31__AOI22_X1_A1_ZN_AND4_X1_A1_ZN_NAND4_X2_A1_ZN_OAI21_X1_B1:ZN (OAI21_X1)                                                                   |        | 0.003       | 0.000      | 0.020      |             | 0.027  | 0.690f          |
| cpu.idu.csr.csr_1_28__AOI221_X1_B2_ZN_OAI221_X1_C1_B1_BUF_X4_Z_A (net)                                                                                 | 1      |             |            |            | 0.000       |        |                 |
| cpu.idu.csr.csr_1_28__AOI221_X1_B2_ZN_OAI221_X1_C1_B1_BUF_X4_Z:A (BUF_X4)                                                                              |        | 0.003       | 0.000      | 0.020      |             | 0.000  | 0.690f          |
| cpu.idu.csr.csr_1_28__AOI221_X1_B2_ZN_OAI221_X1_C1_B1_BUF_X4_Z:Z (BUF_X4)                                                                              |        | 0.033       | 0.000      | 0.012      |             | 0.040  | 0.730f          |
| cpu.idu.csr.csr_1_28__AOI221_X1_B2_ZN_OAI221_X1_C1_B1 (net)                                                                                            | 20     |             |            |            | 0.000       |        |                 |
| cpu.idu.csr.csr_3_8__AOI211_X1_C1_ZN_OAI221_X1_C1_B1_NOR4_X4_A4:A2 (NOR4_X4)                                                                           |        | 0.006       | 0.000      | 0.012      |             | 0.000  | 0.730f          |
| cpu.idu.csr.csr_3_8__AOI211_X1_C1_ZN_OAI221_X1_C1_B1_NOR4_X4_A4:ZN (NOR4_X4)                                                                           |        | 0.026       | 0.000      | 0.092      |             | 0.122  | 0.852r          |
| cpu.idu.csr.csr_6_1__NAND4_X1_A3_ZN_AND3_X1_A2_A3_NAND4_X1_ZN_A4 (net)                                                                                 | 16     |             |            |            | 0.000       |        |                 |
| cpu.idu.csr.csr_2_1__NAND4_X1_A3_ZN_AND3_X1_A1_A2_NAND4_X1_ZN_A4_NAND4_X1_A4:A1 (NAND4_X1)                                                             |        | 0.002       | 0.000      | 0.092      |             | 0.000  | 0.852r          |
| cpu.idu.csr.csr_2_1__NAND4_X1_A3_ZN_AND3_X1_A1_A2_NAND4_X1_ZN_A4_NAND4_X1_A4:ZN (NAND4_X1)                                                             |        | 0.002       | 0.000      | 0.031      |             | 0.043  | 0.895f          |
| cpu.idu.csr.csr_2_1__NAND4_X1_A3_ZN_AND3_X1_A1_A2_NAND4_X1_ZN_A4_NAND4_X1_A4_ZN (net)                                                                  | 1      |             |            |            | 0.000       |        |                 |
| cpu.idu.csr.csr_2_1__NAND4_X1_A3_ZN_AND3_X1_A1_A2_NAND4_X1_ZN_A4_NAND4_X1_A4_ZN_BUF_X2_A:A (BUF_X2)                                                    |        | 0.002       | 0.000      | 0.031      |             | 0.000  | 0.895f          |
| cpu.idu.csr.csr_2_1__NAND4_X1_A3_ZN_AND3_X1_A1_A2_NAND4_X1_ZN_A4_NAND4_X1_A4_ZN_BUF_X2_A:Z (BUF_X2)                                                    |        | 0.028       | 0.000      | 0.018      |             | 0.055  | 0.950f          |
| cpu.idu.csr.csr_6_4__AND4_X1_A3_A4 (net)                                                                                                               | 21     |             |            |            | 0.000       |        |                 |
| rom.mem_255_28__$_NOT__A_Y_NAND4_X1_A1_ZN_OAI211_X1_B_ZN_AOI222_X1_B1_C2_AND4_X1_A1_ZN_NAND4_X1_A4_A3_NAND4_X1_A4_ZN_AND3_X1_A2:A3 (AND3_X1)           |        | 0.001       | 0.000      | 0.018      |             | 0.000  | 0.950f          |
| rom.mem_255_28__$_NOT__A_Y_NAND4_X1_A1_ZN_OAI211_X1_B_ZN_AOI222_X1_B1_C2_AND4_X1_A1_ZN_NAND4_X1_A4_A3_NAND4_X1_A4_ZN_AND3_X1_A2:ZN (AND3_X1)           |        | 0.003       | 0.000      | 0.009      |             | 0.044  | 0.994f          |
| rom.mem_255_28__$_NOT__A_Y_NAND4_X1_A1_ZN_OAI211_X1_B_ZN_AOI222_X1_B1_C2_AND4_X1_A1_ZN_NAND4_X1_A4_A3_NAND4_X1_A4_ZN_AND3_X1_A2_ZN (net)               | 1      |             |            |            | 0.000       |        |                 |
| rom.mem_255_28__$_NOT__A_Y_NAND4_X1_A1_ZN_OAI211_X1_B_ZN_AOI222_X1_B1_C2_AND4_X1_A1_ZN_NAND4_X1_A4_A3_NAND4_X1_A4_ZN_AND3_X1_A2_ZN_BUF_X4_A:A (BUF_X4) |        | 0.003       | 0.000      | 0.009      |             | 0.000  | 0.994f          |
| rom.mem_255_28__$_NOT__A_Y_NAND4_X1_A1_ZN_OAI211_X1_B_ZN_AOI222_X1_B1_C2_AND4_X1_A1_ZN_NAND4_X1_A4_A3_NAND4_X1_A4_ZN_AND3_X1_A2_ZN_BUF_X4_A:Z (BUF_X4) |        | 0.033       | 0.000      | 0.012      |             | 0.035  | 1.029f          |
| cpu.idu.csr.csr_0_3__AND4_X1_A1_A3 (net)                                                                                                               | 23     |             |            |            | 0.000       |        |                 |
| cpu.idu.csr.csr_0_3__AND4_X1_A1:A3 (AND4_X1)                                                                                                           |        | 0.001       | 0.000      | 0.012      |             | 0.000  | 1.029f          |
| cpu.idu.csr.csr_0_3__AND4_X1_A1:ZN (AND4_X1)                                                                                                           |        | 0.001       | 0.000      | 0.008      |             | 0.039  | 1.069f          |
| cpu.idu.csr.csr_0_3__AND4_X1_A1_ZN (net)                                                                                                               | 1      |             |            |            | 0.000       |        |                 |
| cpu.idu.csr.csr_0_3__AND4_X1_A1_ZN_OAI33_X1_A1:A1 (OAI33_X1)                                                                                           |        | 0.002       | 0.000      | 0.008      |             | 0.000  | 1.069f          |
| cpu.idu.csr.csr_0_3__AND4_X1_A1_ZN_OAI33_X1_A1:ZN (OAI33_X1)                                                                                           |        | 0.003       | 0.000      | 0.075      |             | 0.059  | 1.127r          |
| cpu.idu.csr.csr_0_3__AND4_X1_A1_ZN_OAI33_X1_A1_ZN (net)                                                                                                | 2      |             |            |            | 0.000       |        |                 |
| cpu.idu.csr.csr_3_3__AOI22_X1_A1_ZN_OAI21_X1_A:B1 (OAI21_X1)                                                                                           |        | 0.002       | 0.000      | 0.075      |             | 0.000  | 1.127r          |
| cpu.idu.csr.csr_3_3__AOI22_X1_A1_ZN_OAI21_X1_A:ZN (OAI21_X1)                                                                                           |        | 0.005       | 0.000      | 0.026      |             | 0.035  | 1.162f          |
| cpu.idu.csr.csr_3_3__AOI22_X1_A1_ZN_OAI21_X1_A_ZN (net)                                                                                                | 2      |             |            |            | 0.000       |        |                 |
| cpu.idu.csr.csr_3_3__AOI22_X1_A1_ZN_OAI21_X1_A_ZN_NAND3_X1_A2:A2 (NAND3_X1)                                                                            |        | 0.002       | 0.000      | 0.026      |             | 0.000  | 1.162f          |
| cpu.idu.csr.csr_3_3__AOI22_X1_A1_ZN_OAI21_X1_A_ZN_NAND3_X1_A2:ZN (NAND3_X1)                                                                            |        | 0.003       | 0.000      | 0.018      |             | 0.032  | 1.194r          |
| cpu.idu.csr.csr_3_3__AOI22_X1_A1_ZN_OAI21_X1_A_ZN_NAND3_X1_A2_ZN (net)                                                                                 | 1      |             |            |            | 0.000       |        |                 |
| rom.mem_255_10__$_NOT__A_Y_NAND4_X1_A1_ZN_OAI211_X1_B_1_ZN_OAI211_X2_A:B (OAI211_X2)                                                                   |        | 0.003       | 0.000      | 0.018      |             | 0.000  | 1.194r          |
| rom.mem_255_10__$_NOT__A_Y_NAND4_X1_A1_ZN_OAI211_X1_B_1_ZN_OAI211_X2_A:ZN (OAI211_X2)                                                                  |        | 0.013       | 0.000      | 0.027      |             | 0.044  | 1.238f          |
| rom.mem_255_10__$_NOT__A_Y_NAND4_X1_A1_ZN_OAI211_X1_B_1_ZN_OAI211_X2_A_ZN (net)                                                                        | 9      |             |            |            | 0.000       |        |                 |
| result[4]_reg_p_D_AOI211_X1_ZN_B_AOI211_X1_ZN_A_OAI33_X1_ZN_A2_AOI21_X2_ZN_B2_OAI221_X1_ZN_C1_NOR2_X1_A1:A2 (NOR2_X1)                                  |        | 0.002       | 0.000      | 0.027      |             | 0.000  | 1.238f          |
| result[4]_reg_p_D_AOI211_X1_ZN_B_AOI211_X1_ZN_A_OAI33_X1_ZN_A2_AOI21_X2_ZN_B2_OAI221_X1_ZN_C1_NOR2_X1_A1:ZN (NOR2_X1)                                  |        | 0.001       | 0.000      | 0.019      |             | 0.037  | 1.275r          |
| result[4]_reg_p_D_AOI211_X1_ZN_B_AOI211_X1_ZN_A_OAI33_X1_ZN_A2_AOI21_X2_ZN_B2_OAI221_X1_ZN_C1_NOR2_X1_A1_ZN (net)                                      | 1      |             |            |            | 0.000       |        |                 |
| result[4]_reg_p_D_AOI211_X1_ZN_B_AOI211_X1_ZN_A_OAI33_X1_ZN_A2_AOI21_X2_ZN_B2_OAI221_X1_ZN_C1_NOR2_X1_A1_ZN_CLKBUF_X3_A:A (CLKBUF_X3)                  |        | 0.001       | 0.000      | 0.019      |             | 0.000  | 1.275r          |
| result[4]_reg_p_D_AOI211_X1_ZN_B_AOI211_X1_ZN_A_OAI33_X1_ZN_A2_AOI21_X2_ZN_B2_OAI221_X1_ZN_C1_NOR2_X1_A1_ZN_CLKBUF_X3_A:Z (CLKBUF_X3)                  |        | 0.030       | 0.000      | 0.026      |             | 0.056  | 1.331r          |
| cpu.idu.csr.csr_3_1__AND4_X1_A4_A1_AOI211_X1_C2_B_OAI211_X1_ZN_C2_NOR4_X1_A2_A1_AOI21_X1_ZN_A (net)                                                    | 19     |             |            |            | 0.000       |        |                 |
| result[0]_reg_p_D_NOR2_X1_ZN_A2_AOI221_X1_ZN_C1_NAND2_X1_ZN_A1_AOI21_X1_B2_ZN_OAI211_X1_C1_B_NAND2_X1_ZN:A1 (NAND2_X1)                                 |        | 0.002       | 0.000      | 0.026      |             | 0.000  | 1.331r          |
| result[0]_reg_p_D_NOR2_X1_ZN_A2_AOI221_X1_ZN_C1_NAND2_X1_ZN_A1_AOI21_X1_B2_ZN_OAI211_X1_C1_B_NAND2_X1_ZN:ZN (NAND2_X1)                                 |        | 0.003       | 0.000      | 0.014      |             | 0.023  | 1.354f          |
| result[0]_reg_p_D_NOR2_X1_ZN_A2_AOI221_X1_ZN_C1_NAND2_X1_ZN_A1_AOI21_X1_B2_ZN_OAI211_X1_C1_B (net)                                                     | 2      |             |            |            | 0.000       |        |                 |
| result[0]_reg_p_D_NOR2_X1_ZN_A2_AOI221_X1_ZN_C1_NOR4_X1_A4_ZN_AND4_X1_A3_A4_NAND3_X1_A1_A3_NAND2_X1_A2:A1 (NAND2_X1)                                   |        | 0.002       | 0.000      | 0.014      |             | 0.000  | 1.354f          |
| result[0]_reg_p_D_NOR2_X1_ZN_A2_AOI221_X1_ZN_C1_NOR4_X1_A4_ZN_AND4_X1_A3_A4_NAND3_X1_A1_A3_NAND2_X1_A2:ZN (NAND2_X1)                                   |        | 0.007       | 0.000      | 0.022      |             | 0.030  | 1.384r          |
| result[0]_reg_p_D_NOR2_X1_ZN_A2_AOI221_X1_ZN_C1_NOR4_X1_A4_A3 (net)                                                                                    | 5      |             |            |            | 0.000       |        |                 |
| cpu.idu.csr.csr_3_3__AOI22_X1_A1_ZN_OAI211_X1_B_A_OAI211_X1_ZN_A_NAND3_X1_ZN:A3 (NAND3_X1)                                                             |        | 0.002       | 0.000      | 0.022      |             | 0.000  | 1.384r          |
| cpu.idu.csr.csr_3_3__AOI22_X1_A1_ZN_OAI211_X1_B_A_OAI211_X1_ZN_A_NAND3_X1_ZN:ZN (NAND3_X1)                                                             |        | 0.006       | 0.000      | 0.023      |             | 0.036  | 1.420f          |
| cpu.idu.csr.csr_3_3__AOI22_X1_A1_ZN_OAI211_X1_B_A_OAI211_X1_ZN_A (net)                                                                                 | 3      |             |            |            | 0.000       |        |                 |
| result[4]_reg_p_D_AOI211_X1_ZN_B_AOI211_X1_ZN_A_OAI33_X1_ZN_A2_AOI21_X2_ZN:B1 (AOI21_X2)                                                               |        | 0.003       | 0.000      | 0.023      |             | 0.000  | 1.420f          |
| result[4]_reg_p_D_AOI211_X1_ZN_B_AOI211_X1_ZN_A_OAI33_X1_ZN_A2_AOI21_X2_ZN:ZN (AOI21_X2)                                                               |        | 0.006       | 0.000      | 0.030      |             | 0.041  | 1.461r          |
| result[4]_reg_p_D_AOI211_X1_ZN_B_AOI211_X1_ZN_A_OAI33_X1_ZN_A2 (net)                                                                                   | 3      |             |            |            | 0.000       |        |                 |
| result[4]_reg_p_D_AOI211_X1_ZN_B_AOI211_X1_ZN_A_OAI33_X1_ZN_A2_OAI21_X2_B1:B1 (OAI21_X2)                                                               |        | 0.003       | 0.000      | 0.030      |             | 0.000  | 1.461r          |
| result[4]_reg_p_D_AOI211_X1_ZN_B_AOI211_X1_ZN_A_OAI33_X1_ZN_A2_OAI21_X2_B1:ZN (OAI21_X2)                                                               |        | 0.007       | 0.000      | 0.019      |             | 0.024  | 1.485f          |
| result[5]_reg_p_D_AOI21_X1_ZN_A_OAI21_X1_ZN_B2_NAND2_X1_ZN_A1_OAI211_X1_ZN_A (net)                                                                     | 5      |             |            |            | 0.000       |        |                 |
| result[6]_reg_p_D_AND2_X1_ZN_A1_MUX2_X1_Z_A_OAI221_X1_ZN_A_OR3_X1_ZN_A3_AND3_X1_ZN:A3 (AND3_X1)                                                        |        | 0.001       | 0.000      | 0.019      |             | 0.000  | 1.485f          |
| result[6]_reg_p_D_AND2_X1_ZN_A1_MUX2_X1_Z_A_OAI221_X1_ZN_A_OR3_X1_ZN_A3_AND3_X1_ZN:ZN (AND3_X1)                                                        |        | 0.002       | 0.000      | 0.008      |             | 0.043  | 1.528f          |
| result[6]_reg_p_D_AND2_X1_ZN_A1_MUX2_X1_Z_A_OAI221_X1_ZN_A_OR3_X1_ZN_A3 (net)                                                                          | 2      |             |            |            | 0.000       |        |                 |
| result[6]_reg_p_D_AND2_X1_ZN_A1_MUX2_X1_Z_A_OAI221_X1_ZN_A_OR3_X1_ZN_A3_OAI33_X1_A1:A1 (OAI33_X1)                                                      |        | 0.002       | 0.000      | 0.008      |             | 0.000  | 1.528f          |
| result[6]_reg_p_D_AND2_X1_ZN_A1_MUX2_X1_Z_A_OAI221_X1_ZN_A_OR3_X1_ZN_A3_OAI33_X1_A1:ZN (OAI33_X1)                                                      |        | 0.015       | 0.000      | 0.167      |             | 0.154  | 1.682r          |
| ram.mem_207_3_7__NAND4_X1_A1_A4_NOR4_X2_ZN_A4 (net)                                                                                                    | 6      |             |            |            | 0.000       |        |                 |
| ram.mem_207_3_7__NAND4_X1_A1_A4_NOR4_X2_ZN_A3_OR2_X2_A1:A2 (OR2_X2)                                                                                    |        | 0.002       | 0.000      | 0.167      |             | 0.000  | 1.682r          |
| ram.mem_207_3_7__NAND4_X1_A1_A4_NOR4_X2_ZN_A3_OR2_X2_A1:ZN (OR2_X2)                                                                                    |        | 0.007       | 0.000      | 0.015      |             | 0.042  | 1.725r          |
| ram.mem_207_3_7__NAND4_X1_A1_A4_NOR4_X2_ZN_A3_OR2_X2_A1_ZN (net)                                                                                       | 1      |             |            |            | 0.000       |        |                 |
| result[7]_reg_p_D_AOI211_X1_ZN_B_AOI211_X1_ZN_A_OAI22_X1_ZN_A1_OAI211_X1_C2_B_BUF_X8_Z:A (BUF_X8)                                                      |        | 0.007       | 0.000      | 0.015      |             | 0.000  | 1.725r          |
| result[7]_reg_p_D_AOI211_X1_ZN_B_AOI211_X1_ZN_A_OAI22_X1_ZN_A1_OAI211_X1_C2_B_BUF_X8_Z:Z (BUF_X8)                                                      |        | 0.042       | 0.000      | 0.015      |             | 0.033  | 1.758r          |
| result[7]_reg_p_D_AOI211_X1_ZN_B_AOI211_X1_ZN_A_OAI22_X1_ZN_A1_OAI211_X1_C2_B (net)                                                                    | 6      |             |            |            | 0.000       |        |                 |
| result[7]_reg_p_D_AOI211_X1_ZN_B_AOI211_X1_ZN_A_OAI22_X1_ZN_A1_OAI211_X1_C2:B (OAI211_X1)                                                              |        | 0.002       | 0.000      | 0.015      |             | 0.000  | 1.758r          |
| result[7]_reg_p_D_AOI211_X1_ZN_B_AOI211_X1_ZN_A_OAI22_X1_ZN_A1_OAI211_X1_C2:ZN (OAI211_X1)                                                             |        | 0.003       | 0.000      | 0.022      |             | 0.036  | 1.793f          |
| result[7]_reg_p_D_AOI211_X1_ZN_B_AOI211_X1_ZN_A_OAI22_X1_ZN_A1_OAI211_X1_C2_ZN (net)                                                                   | 1      |             |            |            | 0.000       |        |                 |
| result[7]_reg_p_D_AOI211_X1_ZN_B_AOI211_X1_ZN_A_OAI22_X1_ZN_A1_OAI211_X1_C2_ZN_BUF_X4_A:A (BUF_X4)                                                     |        | 0.003       | 0.000      | 0.022      |             | 0.000  | 1.793f          |
| result[7]_reg_p_D_AOI211_X1_ZN_B_AOI211_X1_ZN_A_OAI22_X1_ZN_A1_OAI211_X1_C2_ZN_BUF_X4_A:Z (BUF_X4)                                                     |        | 0.029       | 0.000      | 0.011      |             | 0.040  | 1.833f          |
| result[7]_reg_p_D_AOI211_X1_ZN_B_AOI211_X1_ZN_A_OAI22_X1_ZN_A1_OAI211_X1_C2_ZN_BUF_X4_A_Z (net)                                                        | 5      |             |            |            | 0.000       |        |                 |
| result[7]_reg_p_D_AOI211_X1_ZN_B_AOI211_X1_ZN_A_OAI22_X1_ZN_A1_OAI211_X1_C2_ZN_BUF_X4_A_Z_BUF_X16_A:A (BUF_X16)                                        |        | 0.012       | 0.000      | 0.011      |             | 0.000  | 1.833f          |
| result[7]_reg_p_D_AOI211_X1_ZN_B_AOI211_X1_ZN_A_OAI22_X1_ZN_A1_OAI211_X1_C2_ZN_BUF_X4_A_Z_BUF_X16_A:Z (BUF_X16)                                        |        | 0.115       | 0.000      | 0.011      |             | 0.036  | 1.869f          |
| ram.mem_9_3_7__AOI22_X1_B2_A2_NOR4_X4_ZN_A3 (net)                                                                                                      | 24     |             |            |            | 0.000       |        |                 |
| ram.mem_83_3_0__AOI22_X1_A1_B1_NOR4_X2_ZN:A2 (NOR4_X2)                                                                                                 |        | 0.003       | 0.000      | 0.011      |             | 0.000  | 1.869f          |
| ram.mem_83_3_0__AOI22_X1_A1_B1_NOR4_X2_ZN:ZN (NOR4_X2)                                                                                                 |        | 0.013       | 0.000      | 0.093      |             | 0.122  | 1.991r          |
| ram.mem_83_3_0__AOI22_X1_A1_B1 (net)                                                                                                                   | 8      |             |            |            | 0.000       |        |                 |
| ram.mem_83_3_0__AOI22_X1_A1_B1_BUF_X2_A:A (BUF_X2)                                                                                                     |        | 0.002       | 0.000      | 0.093      |             | 0.000  | 1.991r          |
| ram.mem_83_3_0__AOI22_X1_A1_B1_BUF_X2_A:Z (BUF_X2)                                                                                                     |        | 0.038       | 0.000      | 0.048      |             | 0.076  | 2.066r          |
| ram.mem_88_2_0__AOI22_X1_B2_B1 (net)                                                                                                                   | 24     |             |            |            | 0.000       |        |                 |
| ram.mem_88_1_3__AOI22_X1_B2:B1 (AOI22_X1)                                                                                                              |        | 0.002       | 0.000      | 0.048      |             | 0.000  | 2.066r          |
| ram.mem_88_1_3__AOI22_X1_B2:ZN (AOI22_X1)                                                                                                              |        | 0.001       | 0.000      | 0.020      |             | 0.028  | 2.094f          |
| ram.mem_88_1_3__AOI22_X1_B2_ZN (net)                                                                                                                   | 1      |             |            |            | 0.000       |        |                 |
| ram.mem_89_1_3__AOI22_X1_B2_ZN_AND4_X1_A1:A4 (AND4_X1)                                                                                                 |        | 0.001       | 0.000      | 0.020      |             | 0.000  | 2.094f          |
| ram.mem_89_1_3__AOI22_X1_B2_ZN_AND4_X1_A1:ZN (AND4_X1)                                                                                                 |        | 0.001       | 0.000      | 0.007      |             | 0.042  | 2.136f          |
| ram.mem_89_1_3__AOI22_X1_B2_ZN_AND4_X1_A1_ZN (net)                                                                                                     | 1      |             |            |            | 0.000       |        |                 |
| ram.mem_92_1_3__AOI22_X1_A1_ZN_AND4_X1_A2:A4 (AND4_X1)                                                                                                 |        | 0.001       | 0.000      | 0.007      |             | 0.000  | 2.136f          |
| ram.mem_92_1_3__AOI22_X1_A1_ZN_AND4_X1_A2:ZN (AND4_X1)                                                                                                 |        | 0.001       | 0.000      | 0.008      |             | 0.038  | 2.175f          |
| ram.mem_92_1_3__AOI22_X1_A1_ZN_AND4_X1_A2_ZN (net)                                                                                                     | 1      |             |            |            | 0.000       |        |                 |
| ram.mem_177_1_3__AOI221_X1_B2_ZN_NAND4_X1_A3:A4 (NAND4_X1)                                                                                             |        | 0.002       | 0.000      | 0.008      |             | 0.000  | 2.175f          |
| ram.mem_177_1_3__AOI221_X1_B2_ZN_NAND4_X1_A3:ZN (NAND4_X1)                                                                                             |        | 0.001       | 0.000      | 0.013      |             | 0.020  | 2.195r          |
| ram.mem_255_1_3__OAI221_X1_B2_C2_OR4_X1_ZN_A4 (net)                                                                                                    | 1      |             |            |            | 0.000       |        |                 |
| ram.mem_255_1_3__OAI221_X1_B2_C2_OR4_X1_ZN:A4 (OR4_X1)                                                                                                 |        | 0.001       | 0.000      | 0.013      |             | 0.000  | 2.195r          |
| ram.mem_255_1_3__OAI221_X1_B2_C2_OR4_X1_ZN:ZN (OR4_X1)                                                                                                 |        | 0.002       | 0.000      | 0.009      |             | 0.030  | 2.225r          |
| ram.mem_255_1_3__OAI221_X1_B2_C2 (net)                                                                                                                 | 1      |             |            |            | 0.000       |        |                 |
| ram.mem_255_1_3__OAI221_X1_B2:C2 (OAI221_X1)                                                                                                           |        | 0.002       | 0.000      | 0.009      |             | 0.000  | 2.225r          |
| ram.mem_255_1_3__OAI221_X1_B2:ZN (OAI221_X1)                                                                                                           |        | 0.003       | 0.000      | 0.036      |             | 0.033  | 2.258f          |
| ram.mem_255_1_3__OAI221_X1_B2_ZN (net)                                                                                                                 | 2      |             |            |            | 0.000       |        |                 |
| ram.mem_255_0_3__OAI211_X1_C2_ZN_OAI221_X1_C2:B2 (OAI221_X1)                                                                                           |        | 0.002       | 0.000      | 0.036      |             | 0.000  | 2.258f          |
| ram.mem_255_0_3__OAI211_X1_C2_ZN_OAI221_X1_C2:ZN (OAI221_X1)                                                                                           |        | 0.002       | 0.000      | 0.037      |             | 0.061  | 2.319r          |
| ram.mem_255_0_3__OAI211_X1_C2_ZN_OAI221_X1_C2_ZN (net)                                                                                                 | 1      |             |            |            | 0.000       |        |                 |
| ram.mem_255_0_3__OAI211_X1_C2_ZN_OAI221_X1_C2_ZN_OAI211_X1_A:A (OAI211_X1)                                                                             |        | 0.002       | 0.000      | 0.037      |             | 0.000  | 2.319r          |
| ram.mem_255_0_3__OAI211_X1_C2_ZN_OAI221_X1_C2_ZN_OAI211_X1_A:ZN (OAI211_X1)                                                                            |        | 0.002       | 0.000      | 0.019      |             | 0.036  | 2.354f          |
| ram.mem_255_0_3__OAI211_X1_C2_ZN_OAI221_X1_C2_ZN_OAI211_X1_A_ZN (net)                                                                                  | 1      |             |            |            | 0.000       |        |                 |
| result[3]_reg_p_D_AOI21_X1_ZN_B1_OAI22_X1_B2_ZN_NAND2_X1_A2_ZN_OAI211_X1_B:A (OAI211_X1)                                                               |        | 0.002       | 0.000      | 0.019      |             | 0.000  | 2.354f          |
| result[3]_reg_p_D_AOI21_X1_ZN_B1_OAI22_X1_B2_ZN_NAND2_X1_A2_ZN_OAI211_X1_B:ZN (OAI211_X1)                                                              |        | 0.003       | 0.000      | 0.036      |             | 0.031  | 2.386r          |
| cpu.idu.csr.csr_3_3__AOI22_X1_A1_ZN_OAI21_X1_A_ZN_OAI21_X2_B2_A (net)                                                                                  | 1      |             |            |            | 0.000       |        |                 |
| cpu.idu.csr.csr_3_3__AOI22_X1_A1_ZN_OAI21_X1_A_ZN_OAI21_X2_B2:A (OAI21_X2)                                                                             |        | 0.003       | 0.000      | 0.036      |             | 0.000  | 2.386r          |
| cpu.idu.csr.csr_3_3__AOI22_X1_A1_ZN_OAI21_X1_A_ZN_OAI21_X2_B2:ZN (OAI21_X2)                                                                            |        | 0.013       | 0.000      | 0.025      |             | 0.037  | 2.422f          |
| cpu.idu.gpr.gpr_9_3__reg_p_D_AOI211_X1_ZN_C1 (net)                                                                                                     | 8      |             |            |            | 0.000       |        |                 |
| cpu.idu.gpr.gpr_9_3__reg_p_D_AOI211_X1_ZN_C1_BUF_X4_A:A (BUF_X4)                                                                                       |        | 0.003       | 0.000      | 0.025      |             | 0.000  | 2.422f          |
| cpu.idu.gpr.gpr_9_3__reg_p_D_AOI211_X1_ZN_C1_BUF_X4_A:Z (BUF_X4)                                                                                       |        | 0.034       | 0.000      | 0.012      |             | 0.043  | 2.466f          |
| cpu.idu.gpr.gpr_8_3__reg_p_D_AOI21_X1_ZN_B1 (net)                                                                                                      | 24     |             |            |            | 0.000       |        |                 |
| cpu.idu.gpr.gpr_28_3__reg_p_D_AOI211_X1_ZN:C1 (AOI211_X1)                                                                                              |        | 0.002       | 0.000      | 0.012      |             | 0.000  | 2.466f          |
| cpu.idu.gpr.gpr_28_3__reg_p_D_AOI211_X1_ZN:ZN (AOI211_X1)                                                                                              |        | 0.001       | 0.000      | 0.044      |             | 0.041  | 2.507r          |
| cpu.idu.gpr.gpr_28_3__reg_p_D (net)                                                                                                                    | 1      |             |            |            | 0.000       |        |                 |
| cpu.idu.gpr.gpr_28_3__reg_p:D (DFF_X1)                                                                                                                 |        | 0.001       | 0.000      | 0.044      |             | 0.000  | 2.507r          |
|                                                                                                                                                        |        |             |            |            |             |        |                 |
| clock (port)                                                                                                                                           |        | 16.808      | 0.000      | 0.000      |             | 0.000  | 0.000r          |
| clock (clock net)                                                                                                                                      | 17696  |             |            |            | NA          |        |                 |
| cpu.idu.gpr.gpr_28_3__reg_p:CK (DFF_X1)                                                                                                                |        | 0.001       | 0.000      | 0.000      |             | 0.000  | 0.000r          |
| clock core_clock (rise edge)                                                                                                                           |        |             |            |            |             | 2      | 2               |
| clock network delay (ideal)                                                                                                                            |        |             |            |            |             | 0.000  | 2.000           |
| cpu.idu.gpr.gpr_28_3__reg_p:CK (DFF_X1)                                                                                                                |        |             |            |            |             |        | 2.000r          |
| library setup time                                                                                                                                     |        |             |            |            |             | -0.041 | 1.959           |
| clock reconvergence pessimism                                                                                                                          |        |             |            |            |             | 0.000  | 1.959           |
|                                                                                                                                                        |        |             |            |            |             |        |                 |
| path cell delay                                                                                                                                        |        |             |            |            |             |        | 2.507(100.000%) |
| path net delay                                                                                                                                         |        |             |            |            |             |        | 0.000(0.000%)   |
|                                                                                                                                                        |        |             |            |            |             |        |                 |
| data require time                                                                                                                                      |        |             |            |            |             |        | 1.959           |
| data arrival time                                                                                                                                      |        |             |            |            |             |        | 2.507           |
| slack (VIOLATED)                                                                                                                                       |        |             |            |            |             |        | -0.548          |
+--------------------------------------------------------------------------------------------------------------------------------------------------------+--------+-------------+------------+------------+-------------+--------+-----------------+
+--------------------------------------------------------------------------------------------------------------------------------------------------------+--------+-------------+------------+------------+-------------+--------+-----------------+
| Point                                                                                                                                                  | Fanout | Capacitance | Resistance | Transition | Delta Delay | Incr   | Path            |
+--------------------------------------------------------------------------------------------------------------------------------------------------------+--------+-------------+------------+------------+-------------+--------+-----------------+
| clock (port)                                                                                                                                           |        | 16.808      | 0.000      | 0.000      |             | 0.000  | 0.000r          |
| clock (clock net)                                                                                                                                      | 17696  |             |            |            | NA          |        |                 |
| result[3]_reg_p:CK (DFF_X1)                                                                                                                            |        | 0.001       | 0.000      | 0.000      |             | 0.000  | 0.000r          |
| clock core_clock (rise edge)                                                                                                                           |        |             |            |            |             | 0      | 0               |
| clock network delay (ideal)                                                                                                                            |        |             |            |            |             | 0.000  | 0.000           |
| result[3]_reg_p:CK (DFF_X1)                                                                                                                            |        | 0.001       | 0.000      | 0.000      |             | 0.000  | 0.000r          |
| result[3]_reg_p:Q (DFF_X1)                                                                                                                             |        | 0.068       | 0.000      | 0.160      |             | 0.243  | 0.243r          |
| result_3_ (net)                                                                                                                                        | 24     |             |            |            | 0.000       |        |                 |
| rom.mem_15_3__AOI22_X1_B2_B1_NOR3_X2_ZN_A1_NAND4_X1_ZN:A2 (NAND4_X1)                                                                                   |        | 0.002       | 0.000      | 0.160      |             | 0.000  | 0.243r          |
| rom.mem_15_3__AOI22_X1_B2_B1_NOR3_X2_ZN_A1_NAND4_X1_ZN:ZN (NAND4_X1)                                                                                   |        | 0.006       | 0.000      | 0.049      |             | 0.079  | 0.323f          |
| rom.mem_15_3__AOI22_X1_B2_B1_NOR3_X2_ZN_A1 (net)                                                                                                       | 2      |             |            |            | 0.000       |        |                 |
| rom.mem_15_3__AOI22_X1_B2_B1_NOR3_X2_ZN_A1_BUF_X4_A:A (BUF_X4)                                                                                         |        | 0.003       | 0.000      | 0.049      |             | 0.000  | 0.323f          |
| rom.mem_15_3__AOI22_X1_B2_B1_NOR3_X2_ZN_A1_BUF_X4_A:Z (BUF_X4)                                                                                         |        | 0.035       | 0.000      | 0.013      |             | 0.053  | 0.376f          |
| rom.mem_34_8__AOI22_X1_B2_A2_NOR4_X1_ZN_A1 (net)                                                                                                       | 24     |             |            |            | 0.000       |        |                 |
| rom.mem_0_28__AOI22_X1_A1_B1_NOR3_X1_ZN:A1 (NOR3_X1)                                                                                                   |        | 0.002       | 0.000      | 0.013      |             | 0.000  | 0.376f          |
| rom.mem_0_28__AOI22_X1_A1_B1_NOR3_X1_ZN:ZN (NOR3_X1)                                                                                                   |        | 0.014       | 0.000      | 0.120      |             | 0.140  | 0.515r          |
| rom.mem_0_28__AOI22_X1_A1_B1 (net)                                                                                                                     | 9      |             |            |            | 0.000       |        |                 |
| rom.mem_168_31__AOI22_X1_A1:B1 (AOI22_X1)                                                                                                              |        | 0.002       | 0.000      | 0.120      |             | 0.000  | 0.515r          |
| rom.mem_168_31__AOI22_X1_A1:ZN (AOI22_X1)                                                                                                              |        | 0.001       | 0.000      | 0.027      |             | 0.032  | 0.548f          |
| rom.mem_168_31__AOI22_X1_A1_ZN (net)                                                                                                                   | 1      |             |            |            | 0.000       |        |                 |
| rom.mem_177_31__AOI22_X1_A1_ZN_AND4_X1_A1:A2 (AND4_X1)                                                                                                 |        | 0.001       | 0.000      | 0.027      |             | 0.000  | 0.548f          |
| rom.mem_177_31__AOI22_X1_A1_ZN_AND4_X1_A1:ZN (AND4_X1)                                                                                                 |        | 0.002       | 0.000      | 0.009      |             | 0.047  | 0.595f          |
| rom.mem_177_31__AOI22_X1_A1_ZN_AND4_X1_A1_ZN (net)                                                                                                     | 2      |             |            |            | 0.000       |        |                 |
| rom.mem_177_31__AOI22_X1_A1_ZN_AND4_X1_A1_ZN_NAND4_X1_A1:A1 (NAND4_X1)                                                                                 |        | 0.002       | 0.000      | 0.009      |             | 0.000  | 0.595f          |
| rom.mem_177_31__AOI22_X1_A1_ZN_AND4_X1_A1_ZN_NAND4_X1_A1:ZN (NAND4_X1)                                                                                 |        | 0.002       | 0.000      | 0.015      |             | 0.018  | 0.613r          |
| rom.mem_177_31__AOI22_X1_A1_ZN_AND4_X1_A1_ZN_NAND4_X1_A1_ZN (net)                                                                                      | 1      |             |            |            | 0.000       |        |                 |
| rom.mem_217_31__AND4_X1_A1_ZN_NOR4_X1_A3_ZN_NAND4_X1_A2_ZN_NOR2_X1_A1:A2 (NOR2_X1)                                                                     |        | 0.002       | 0.000      | 0.015      |             | 0.000  | 0.613r          |
| rom.mem_217_31__AND4_X1_A1_ZN_NOR4_X1_A3_ZN_NAND4_X1_A2_ZN_NOR2_X1_A1:ZN (NOR2_X1)                                                                     |        | 0.004       | 0.000      | 0.009      |             | 0.017  | 0.630f          |
| rom.mem_58_31__AOI22_X1_A1_ZN_AND4_X1_A3_ZN_NAND3_X2_A3_A1 (net)                                                                                       | 2      |             |            |            | 0.000       |        |                 |
| rom.mem_58_31__AOI22_X1_A1_ZN_AND4_X1_A3_ZN_NAND3_X2_A3:A1 (NAND3_X2)                                                                                  |        | 0.003       | 0.000      | 0.009      |             | 0.000  | 0.630f          |
| rom.mem_58_31__AOI22_X1_A1_ZN_AND4_X1_A3_ZN_NAND3_X2_A3:ZN (NAND3_X2)                                                                                  |        | 0.017       | 0.000      | 0.028      |             | 0.033  | 0.663r          |
| rom.mem_58_31__AOI22_X1_A1_ZN_AND4_X1_A3_ZN_NAND3_X2_A3_ZN (net)                                                                                       | 11     |             |            |            | 0.000       |        |                 |
| rom.mem_68_31__AOI22_X1_A1_ZN_AND4_X1_A1_ZN_NAND4_X2_A1_ZN_OAI21_X1_B1:B2 (OAI21_X1)                                                                   |        | 0.002       | 0.000      | 0.028      |             | 0.000  | 0.663r          |
| rom.mem_68_31__AOI22_X1_A1_ZN_AND4_X1_A1_ZN_NAND4_X2_A1_ZN_OAI21_X1_B1:ZN (OAI21_X1)                                                                   |        | 0.003       | 0.000      | 0.020      |             | 0.027  | 0.690f          |
| cpu.idu.csr.csr_1_28__AOI221_X1_B2_ZN_OAI221_X1_C1_B1_BUF_X4_Z_A (net)                                                                                 | 1      |             |            |            | 0.000       |        |                 |
| cpu.idu.csr.csr_1_28__AOI221_X1_B2_ZN_OAI221_X1_C1_B1_BUF_X4_Z:A (BUF_X4)                                                                              |        | 0.003       | 0.000      | 0.020      |             | 0.000  | 0.690f          |
| cpu.idu.csr.csr_1_28__AOI221_X1_B2_ZN_OAI221_X1_C1_B1_BUF_X4_Z:Z (BUF_X4)                                                                              |        | 0.033       | 0.000      | 0.012      |             | 0.040  | 0.730f          |
| cpu.idu.csr.csr_1_28__AOI221_X1_B2_ZN_OAI221_X1_C1_B1 (net)                                                                                            | 20     |             |            |            | 0.000       |        |                 |
| cpu.idu.csr.csr_3_8__AOI211_X1_C1_ZN_OAI221_X1_C1_B1_NOR4_X4_A4:A2 (NOR4_X4)                                                                           |        | 0.006       | 0.000      | 0.012      |             | 0.000  | 0.730f          |
| cpu.idu.csr.csr_3_8__AOI211_X1_C1_ZN_OAI221_X1_C1_B1_NOR4_X4_A4:ZN (NOR4_X4)                                                                           |        | 0.026       | 0.000      | 0.092      |             | 0.122  | 0.852r          |
| cpu.idu.csr.csr_6_1__NAND4_X1_A3_ZN_AND3_X1_A2_A3_NAND4_X1_ZN_A4 (net)                                                                                 | 16     |             |            |            | 0.000       |        |                 |
| cpu.idu.csr.csr_2_1__NAND4_X1_A3_ZN_AND3_X1_A1_A2_NAND4_X1_ZN_A4_NAND4_X1_A4:A1 (NAND4_X1)                                                             |        | 0.002       | 0.000      | 0.092      |             | 0.000  | 0.852r          |
| cpu.idu.csr.csr_2_1__NAND4_X1_A3_ZN_AND3_X1_A1_A2_NAND4_X1_ZN_A4_NAND4_X1_A4:ZN (NAND4_X1)                                                             |        | 0.002       | 0.000      | 0.031      |             | 0.043  | 0.895f          |
| cpu.idu.csr.csr_2_1__NAND4_X1_A3_ZN_AND3_X1_A1_A2_NAND4_X1_ZN_A4_NAND4_X1_A4_ZN (net)                                                                  | 1      |             |            |            | 0.000       |        |                 |
| cpu.idu.csr.csr_2_1__NAND4_X1_A3_ZN_AND3_X1_A1_A2_NAND4_X1_ZN_A4_NAND4_X1_A4_ZN_BUF_X2_A:A (BUF_X2)                                                    |        | 0.002       | 0.000      | 0.031      |             | 0.000  | 0.895f          |
| cpu.idu.csr.csr_2_1__NAND4_X1_A3_ZN_AND3_X1_A1_A2_NAND4_X1_ZN_A4_NAND4_X1_A4_ZN_BUF_X2_A:Z (BUF_X2)                                                    |        | 0.028       | 0.000      | 0.018      |             | 0.055  | 0.950f          |
| cpu.idu.csr.csr_6_4__AND4_X1_A3_A4 (net)                                                                                                               | 21     |             |            |            | 0.000       |        |                 |
| rom.mem_255_28__$_NOT__A_Y_NAND4_X1_A1_ZN_OAI211_X1_B_ZN_AOI222_X1_B1_C2_AND4_X1_A1_ZN_NAND4_X1_A4_A3_NAND4_X1_A4_ZN_AND3_X1_A2:A3 (AND3_X1)           |        | 0.001       | 0.000      | 0.018      |             | 0.000  | 0.950f          |
| rom.mem_255_28__$_NOT__A_Y_NAND4_X1_A1_ZN_OAI211_X1_B_ZN_AOI222_X1_B1_C2_AND4_X1_A1_ZN_NAND4_X1_A4_A3_NAND4_X1_A4_ZN_AND3_X1_A2:ZN (AND3_X1)           |        | 0.003       | 0.000      | 0.009      |             | 0.044  | 0.994f          |
| rom.mem_255_28__$_NOT__A_Y_NAND4_X1_A1_ZN_OAI211_X1_B_ZN_AOI222_X1_B1_C2_AND4_X1_A1_ZN_NAND4_X1_A4_A3_NAND4_X1_A4_ZN_AND3_X1_A2_ZN (net)               | 1      |             |            |            | 0.000       |        |                 |
| rom.mem_255_28__$_NOT__A_Y_NAND4_X1_A1_ZN_OAI211_X1_B_ZN_AOI222_X1_B1_C2_AND4_X1_A1_ZN_NAND4_X1_A4_A3_NAND4_X1_A4_ZN_AND3_X1_A2_ZN_BUF_X4_A:A (BUF_X4) |        | 0.003       | 0.000      | 0.009      |             | 0.000  | 0.994f          |
| rom.mem_255_28__$_NOT__A_Y_NAND4_X1_A1_ZN_OAI211_X1_B_ZN_AOI222_X1_B1_C2_AND4_X1_A1_ZN_NAND4_X1_A4_A3_NAND4_X1_A4_ZN_AND3_X1_A2_ZN_BUF_X4_A:Z (BUF_X4) |        | 0.033       | 0.000      | 0.012      |             | 0.035  | 1.029f          |
| cpu.idu.csr.csr_0_3__AND4_X1_A1_A3 (net)                                                                                                               | 23     |             |            |            | 0.000       |        |                 |
| cpu.idu.csr.csr_0_3__AND4_X1_A1:A3 (AND4_X1)                                                                                                           |        | 0.001       | 0.000      | 0.012      |             | 0.000  | 1.029f          |
| cpu.idu.csr.csr_0_3__AND4_X1_A1:ZN (AND4_X1)                                                                                                           |        | 0.001       | 0.000      | 0.008      |             | 0.039  | 1.069f          |
| cpu.idu.csr.csr_0_3__AND4_X1_A1_ZN (net)                                                                                                               | 1      |             |            |            | 0.000       |        |                 |
| cpu.idu.csr.csr_0_3__AND4_X1_A1_ZN_OAI33_X1_A1:A1 (OAI33_X1)                                                                                           |        | 0.002       | 0.000      | 0.008      |             | 0.000  | 1.069f          |
| cpu.idu.csr.csr_0_3__AND4_X1_A1_ZN_OAI33_X1_A1:ZN (OAI33_X1)                                                                                           |        | 0.003       | 0.000      | 0.075      |             | 0.059  | 1.127r          |
| cpu.idu.csr.csr_0_3__AND4_X1_A1_ZN_OAI33_X1_A1_ZN (net)                                                                                                | 2      |             |            |            | 0.000       |        |                 |
| cpu.idu.csr.csr_3_3__AOI22_X1_A1_ZN_OAI21_X1_A:B1 (OAI21_X1)                                                                                           |        | 0.002       | 0.000      | 0.075      |             | 0.000  | 1.127r          |
| cpu.idu.csr.csr_3_3__AOI22_X1_A1_ZN_OAI21_X1_A:ZN (OAI21_X1)                                                                                           |        | 0.005       | 0.000      | 0.026      |             | 0.035  | 1.162f          |
| cpu.idu.csr.csr_3_3__AOI22_X1_A1_ZN_OAI21_X1_A_ZN (net)                                                                                                | 2      |             |            |            | 0.000       |        |                 |
| cpu.idu.csr.csr_3_3__AOI22_X1_A1_ZN_OAI21_X1_A_ZN_NAND3_X1_A2:A2 (NAND3_X1)                                                                            |        | 0.002       | 0.000      | 0.026      |             | 0.000  | 1.162f          |
| cpu.idu.csr.csr_3_3__AOI22_X1_A1_ZN_OAI21_X1_A_ZN_NAND3_X1_A2:ZN (NAND3_X1)                                                                            |        | 0.003       | 0.000      | 0.018      |             | 0.032  | 1.194r          |
| cpu.idu.csr.csr_3_3__AOI22_X1_A1_ZN_OAI21_X1_A_ZN_NAND3_X1_A2_ZN (net)                                                                                 | 1      |             |            |            | 0.000       |        |                 |
| rom.mem_255_10__$_NOT__A_Y_NAND4_X1_A1_ZN_OAI211_X1_B_1_ZN_OAI211_X2_A:B (OAI211_X2)                                                                   |        | 0.003       | 0.000      | 0.018      |             | 0.000  | 1.194r          |
| rom.mem_255_10__$_NOT__A_Y_NAND4_X1_A1_ZN_OAI211_X1_B_1_ZN_OAI211_X2_A:ZN (OAI211_X2)                                                                  |        | 0.013       | 0.000      | 0.027      |             | 0.044  | 1.238f          |
| rom.mem_255_10__$_NOT__A_Y_NAND4_X1_A1_ZN_OAI211_X1_B_1_ZN_OAI211_X2_A_ZN (net)                                                                        | 9      |             |            |            | 0.000       |        |                 |
| result[4]_reg_p_D_AOI211_X1_ZN_B_AOI211_X1_ZN_A_OAI33_X1_ZN_A2_AOI21_X2_ZN_B2_OAI221_X1_ZN_C1_NOR2_X1_A1:A2 (NOR2_X1)                                  |        | 0.002       | 0.000      | 0.027      |             | 0.000  | 1.238f          |
| result[4]_reg_p_D_AOI211_X1_ZN_B_AOI211_X1_ZN_A_OAI33_X1_ZN_A2_AOI21_X2_ZN_B2_OAI221_X1_ZN_C1_NOR2_X1_A1:ZN (NOR2_X1)                                  |        | 0.001       | 0.000      | 0.019      |             | 0.037  | 1.275r          |
| result[4]_reg_p_D_AOI211_X1_ZN_B_AOI211_X1_ZN_A_OAI33_X1_ZN_A2_AOI21_X2_ZN_B2_OAI221_X1_ZN_C1_NOR2_X1_A1_ZN (net)                                      | 1      |             |            |            | 0.000       |        |                 |
| result[4]_reg_p_D_AOI211_X1_ZN_B_AOI211_X1_ZN_A_OAI33_X1_ZN_A2_AOI21_X2_ZN_B2_OAI221_X1_ZN_C1_NOR2_X1_A1_ZN_CLKBUF_X3_A:A (CLKBUF_X3)                  |        | 0.001       | 0.000      | 0.019      |             | 0.000  | 1.275r          |
| result[4]_reg_p_D_AOI211_X1_ZN_B_AOI211_X1_ZN_A_OAI33_X1_ZN_A2_AOI21_X2_ZN_B2_OAI221_X1_ZN_C1_NOR2_X1_A1_ZN_CLKBUF_X3_A:Z (CLKBUF_X3)                  |        | 0.030       | 0.000      | 0.026      |             | 0.056  | 1.331r          |
| cpu.idu.csr.csr_3_1__AND4_X1_A4_A1_AOI211_X1_C2_B_OAI211_X1_ZN_C2_NOR4_X1_A2_A1_AOI21_X1_ZN_A (net)                                                    | 19     |             |            |            | 0.000       |        |                 |
| result[0]_reg_p_D_NOR2_X1_ZN_A2_AOI221_X1_ZN_C1_NAND2_X1_ZN_A1_AOI21_X1_B2_ZN_OAI211_X1_C1_B_NAND2_X1_ZN:A1 (NAND2_X1)                                 |        | 0.002       | 0.000      | 0.026      |             | 0.000  | 1.331r          |
| result[0]_reg_p_D_NOR2_X1_ZN_A2_AOI221_X1_ZN_C1_NAND2_X1_ZN_A1_AOI21_X1_B2_ZN_OAI211_X1_C1_B_NAND2_X1_ZN:ZN (NAND2_X1)                                 |        | 0.003       | 0.000      | 0.014      |             | 0.023  | 1.354f          |
| result[0]_reg_p_D_NOR2_X1_ZN_A2_AOI221_X1_ZN_C1_NAND2_X1_ZN_A1_AOI21_X1_B2_ZN_OAI211_X1_C1_B (net)                                                     | 2      |             |            |            | 0.000       |        |                 |
| result[0]_reg_p_D_NOR2_X1_ZN_A2_AOI221_X1_ZN_C1_NOR4_X1_A4_ZN_AND4_X1_A3_A4_NAND3_X1_A1_A3_NAND2_X1_A2:A1 (NAND2_X1)                                   |        | 0.002       | 0.000      | 0.014      |             | 0.000  | 1.354f          |
| result[0]_reg_p_D_NOR2_X1_ZN_A2_AOI221_X1_ZN_C1_NOR4_X1_A4_ZN_AND4_X1_A3_A4_NAND3_X1_A1_A3_NAND2_X1_A2:ZN (NAND2_X1)                                   |        | 0.007       | 0.000      | 0.022      |             | 0.030  | 1.384r          |
| result[0]_reg_p_D_NOR2_X1_ZN_A2_AOI221_X1_ZN_C1_NOR4_X1_A4_A3 (net)                                                                                    | 5      |             |            |            | 0.000       |        |                 |
| cpu.idu.csr.csr_3_3__AOI22_X1_A1_ZN_OAI211_X1_B_A_OAI211_X1_ZN_A_NAND3_X1_ZN:A3 (NAND3_X1)                                                             |        | 0.002       | 0.000      | 0.022      |             | 0.000  | 1.384r          |
| cpu.idu.csr.csr_3_3__AOI22_X1_A1_ZN_OAI211_X1_B_A_OAI211_X1_ZN_A_NAND3_X1_ZN:ZN (NAND3_X1)                                                             |        | 0.006       | 0.000      | 0.023      |             | 0.036  | 1.420f          |
| cpu.idu.csr.csr_3_3__AOI22_X1_A1_ZN_OAI211_X1_B_A_OAI211_X1_ZN_A (net)                                                                                 | 3      |             |            |            | 0.000       |        |                 |
| result[4]_reg_p_D_AOI211_X1_ZN_B_AOI211_X1_ZN_A_OAI33_X1_ZN_A2_AOI21_X2_ZN:B1 (AOI21_X2)                                                               |        | 0.003       | 0.000      | 0.023      |             | 0.000  | 1.420f          |
| result[4]_reg_p_D_AOI211_X1_ZN_B_AOI211_X1_ZN_A_OAI33_X1_ZN_A2_AOI21_X2_ZN:ZN (AOI21_X2)                                                               |        | 0.006       | 0.000      | 0.030      |             | 0.041  | 1.461r          |
| result[4]_reg_p_D_AOI211_X1_ZN_B_AOI211_X1_ZN_A_OAI33_X1_ZN_A2 (net)                                                                                   | 3      |             |            |            | 0.000       |        |                 |
| result[4]_reg_p_D_AOI211_X1_ZN_B_AOI211_X1_ZN_A_OAI33_X1_ZN_A2_OAI21_X2_B1:B1 (OAI21_X2)                                                               |        | 0.003       | 0.000      | 0.030      |             | 0.000  | 1.461r          |
| result[4]_reg_p_D_AOI211_X1_ZN_B_AOI211_X1_ZN_A_OAI33_X1_ZN_A2_OAI21_X2_B1:ZN (OAI21_X2)                                                               |        | 0.007       | 0.000      | 0.019      |             | 0.024  | 1.485f          |
| result[5]_reg_p_D_AOI21_X1_ZN_A_OAI21_X1_ZN_B2_NAND2_X1_ZN_A1_OAI211_X1_ZN_A (net)                                                                     | 5      |             |            |            | 0.000       |        |                 |
| result[6]_reg_p_D_AND2_X1_ZN_A1_MUX2_X1_Z_A_OAI221_X1_ZN_A_OR3_X1_ZN_A3_AND3_X1_ZN:A3 (AND3_X1)                                                        |        | 0.001       | 0.000      | 0.019      |             | 0.000  | 1.485f          |
| result[6]_reg_p_D_AND2_X1_ZN_A1_MUX2_X1_Z_A_OAI221_X1_ZN_A_OR3_X1_ZN_A3_AND3_X1_ZN:ZN (AND3_X1)                                                        |        | 0.002       | 0.000      | 0.008      |             | 0.043  | 1.528f          |
| result[6]_reg_p_D_AND2_X1_ZN_A1_MUX2_X1_Z_A_OAI221_X1_ZN_A_OR3_X1_ZN_A3 (net)                                                                          | 2      |             |            |            | 0.000       |        |                 |
| result[6]_reg_p_D_AND2_X1_ZN_A1_MUX2_X1_Z_A_OAI221_X1_ZN_A_OR3_X1_ZN_A3_OAI33_X1_A1:A1 (OAI33_X1)                                                      |        | 0.002       | 0.000      | 0.008      |             | 0.000  | 1.528f          |
| result[6]_reg_p_D_AND2_X1_ZN_A1_MUX2_X1_Z_A_OAI221_X1_ZN_A_OR3_X1_ZN_A3_OAI33_X1_A1:ZN (OAI33_X1)                                                      |        | 0.015       | 0.000      | 0.167      |             | 0.154  | 1.682r          |
| ram.mem_207_3_7__NAND4_X1_A1_A4_NOR4_X2_ZN_A4 (net)                                                                                                    | 6      |             |            |            | 0.000       |        |                 |
| ram.mem_207_3_7__NAND4_X1_A1_A4_NOR4_X2_ZN_A3_OR2_X2_A1:A2 (OR2_X2)                                                                                    |        | 0.002       | 0.000      | 0.167      |             | 0.000  | 1.682r          |
| ram.mem_207_3_7__NAND4_X1_A1_A4_NOR4_X2_ZN_A3_OR2_X2_A1:ZN (OR2_X2)                                                                                    |        | 0.007       | 0.000      | 0.015      |             | 0.042  | 1.725r          |
| ram.mem_207_3_7__NAND4_X1_A1_A4_NOR4_X2_ZN_A3_OR2_X2_A1_ZN (net)                                                                                       | 1      |             |            |            | 0.000       |        |                 |
| result[7]_reg_p_D_AOI211_X1_ZN_B_AOI211_X1_ZN_A_OAI22_X1_ZN_A1_OAI211_X1_C2_B_BUF_X8_Z:A (BUF_X8)                                                      |        | 0.007       | 0.000      | 0.015      |             | 0.000  | 1.725r          |
| result[7]_reg_p_D_AOI211_X1_ZN_B_AOI211_X1_ZN_A_OAI22_X1_ZN_A1_OAI211_X1_C2_B_BUF_X8_Z:Z (BUF_X8)                                                      |        | 0.042       | 0.000      | 0.015      |             | 0.033  | 1.758r          |
| result[7]_reg_p_D_AOI211_X1_ZN_B_AOI211_X1_ZN_A_OAI22_X1_ZN_A1_OAI211_X1_C2_B (net)                                                                    | 6      |             |            |            | 0.000       |        |                 |
| result[7]_reg_p_D_AOI211_X1_ZN_B_AOI211_X1_ZN_A_OAI22_X1_ZN_A1_OAI211_X1_C2:B (OAI211_X1)                                                              |        | 0.002       | 0.000      | 0.015      |             | 0.000  | 1.758r          |
| result[7]_reg_p_D_AOI211_X1_ZN_B_AOI211_X1_ZN_A_OAI22_X1_ZN_A1_OAI211_X1_C2:ZN (OAI211_X1)                                                             |        | 0.003       | 0.000      | 0.022      |             | 0.036  | 1.793f          |
| result[7]_reg_p_D_AOI211_X1_ZN_B_AOI211_X1_ZN_A_OAI22_X1_ZN_A1_OAI211_X1_C2_ZN (net)                                                                   | 1      |             |            |            | 0.000       |        |                 |
| result[7]_reg_p_D_AOI211_X1_ZN_B_AOI211_X1_ZN_A_OAI22_X1_ZN_A1_OAI211_X1_C2_ZN_BUF_X4_A:A (BUF_X4)                                                     |        | 0.003       | 0.000      | 0.022      |             | 0.000  | 1.793f          |
| result[7]_reg_p_D_AOI211_X1_ZN_B_AOI211_X1_ZN_A_OAI22_X1_ZN_A1_OAI211_X1_C2_ZN_BUF_X4_A:Z (BUF_X4)                                                     |        | 0.029       | 0.000      | 0.011      |             | 0.040  | 1.833f          |
| result[7]_reg_p_D_AOI211_X1_ZN_B_AOI211_X1_ZN_A_OAI22_X1_ZN_A1_OAI211_X1_C2_ZN_BUF_X4_A_Z (net)                                                        | 5      |             |            |            | 0.000       |        |                 |
| result[7]_reg_p_D_AOI211_X1_ZN_B_AOI211_X1_ZN_A_OAI22_X1_ZN_A1_OAI211_X1_C2_ZN_BUF_X4_A_Z_BUF_X16_A:A (BUF_X16)                                        |        | 0.012       | 0.000      | 0.011      |             | 0.000  | 1.833f          |
| result[7]_reg_p_D_AOI211_X1_ZN_B_AOI211_X1_ZN_A_OAI22_X1_ZN_A1_OAI211_X1_C2_ZN_BUF_X4_A_Z_BUF_X16_A:Z (BUF_X16)                                        |        | 0.115       | 0.000      | 0.011      |             | 0.036  | 1.869f          |
| ram.mem_9_3_7__AOI22_X1_B2_A2_NOR4_X4_ZN_A3 (net)                                                                                                      | 24     |             |            |            | 0.000       |        |                 |
| ram.mem_83_3_0__AOI22_X1_A1_B1_NOR4_X2_ZN:A2 (NOR4_X2)                                                                                                 |        | 0.003       | 0.000      | 0.011      |             | 0.000  | 1.869f          |
| ram.mem_83_3_0__AOI22_X1_A1_B1_NOR4_X2_ZN:ZN (NOR4_X2)                                                                                                 |        | 0.013       | 0.000      | 0.093      |             | 0.122  | 1.991r          |
| ram.mem_83_3_0__AOI22_X1_A1_B1 (net)                                                                                                                   | 8      |             |            |            | 0.000       |        |                 |
| ram.mem_83_3_0__AOI22_X1_A1_B1_BUF_X2_A:A (BUF_X2)                                                                                                     |        | 0.002       | 0.000      | 0.093      |             | 0.000  | 1.991r          |
| ram.mem_83_3_0__AOI22_X1_A1_B1_BUF_X2_A:Z (BUF_X2)                                                                                                     |        | 0.038       | 0.000      | 0.048      |             | 0.076  | 2.066r          |
| ram.mem_88_2_0__AOI22_X1_B2_B1 (net)                                                                                                                   | 24     |             |            |            | 0.000       |        |                 |
| ram.mem_88_1_3__AOI22_X1_B2:B1 (AOI22_X1)                                                                                                              |        | 0.002       | 0.000      | 0.048      |             | 0.000  | 2.066r          |
| ram.mem_88_1_3__AOI22_X1_B2:ZN (AOI22_X1)                                                                                                              |        | 0.001       | 0.000      | 0.020      |             | 0.028  | 2.094f          |
| ram.mem_88_1_3__AOI22_X1_B2_ZN (net)                                                                                                                   | 1      |             |            |            | 0.000       |        |                 |
| ram.mem_89_1_3__AOI22_X1_B2_ZN_AND4_X1_A1:A4 (AND4_X1)                                                                                                 |        | 0.001       | 0.000      | 0.020      |             | 0.000  | 2.094f          |
| ram.mem_89_1_3__AOI22_X1_B2_ZN_AND4_X1_A1:ZN (AND4_X1)                                                                                                 |        | 0.001       | 0.000      | 0.007      |             | 0.042  | 2.136f          |
| ram.mem_89_1_3__AOI22_X1_B2_ZN_AND4_X1_A1_ZN (net)                                                                                                     | 1      |             |            |            | 0.000       |        |                 |
| ram.mem_92_1_3__AOI22_X1_A1_ZN_AND4_X1_A2:A4 (AND4_X1)                                                                                                 |        | 0.001       | 0.000      | 0.007      |             | 0.000  | 2.136f          |
| ram.mem_92_1_3__AOI22_X1_A1_ZN_AND4_X1_A2:ZN (AND4_X1)                                                                                                 |        | 0.001       | 0.000      | 0.008      |             | 0.038  | 2.175f          |
| ram.mem_92_1_3__AOI22_X1_A1_ZN_AND4_X1_A2_ZN (net)                                                                                                     | 1      |             |            |            | 0.000       |        |                 |
| ram.mem_177_1_3__AOI221_X1_B2_ZN_NAND4_X1_A3:A4 (NAND4_X1)                                                                                             |        | 0.002       | 0.000      | 0.008      |             | 0.000  | 2.175f          |
| ram.mem_177_1_3__AOI221_X1_B2_ZN_NAND4_X1_A3:ZN (NAND4_X1)                                                                                             |        | 0.001       | 0.000      | 0.013      |             | 0.020  | 2.195r          |
| ram.mem_255_1_3__OAI221_X1_B2_C2_OR4_X1_ZN_A4 (net)                                                                                                    | 1      |             |            |            | 0.000       |        |                 |
| ram.mem_255_1_3__OAI221_X1_B2_C2_OR4_X1_ZN:A4 (OR4_X1)                                                                                                 |        | 0.001       | 0.000      | 0.013      |             | 0.000  | 2.195r          |
| ram.mem_255_1_3__OAI221_X1_B2_C2_OR4_X1_ZN:ZN (OR4_X1)                                                                                                 |        | 0.002       | 0.000      | 0.009      |             | 0.030  | 2.225r          |
| ram.mem_255_1_3__OAI221_X1_B2_C2 (net)                                                                                                                 | 1      |             |            |            | 0.000       |        |                 |
| ram.mem_255_1_3__OAI221_X1_B2:C2 (OAI221_X1)                                                                                                           |        | 0.002       | 0.000      | 0.009      |             | 0.000  | 2.225r          |
| ram.mem_255_1_3__OAI221_X1_B2:ZN (OAI221_X1)                                                                                                           |        | 0.003       | 0.000      | 0.036      |             | 0.033  | 2.258f          |
| ram.mem_255_1_3__OAI221_X1_B2_ZN (net)                                                                                                                 | 2      |             |            |            | 0.000       |        |                 |
| ram.mem_255_0_3__OAI211_X1_C2_ZN_OAI221_X1_C2:B2 (OAI221_X1)                                                                                           |        | 0.002       | 0.000      | 0.036      |             | 0.000  | 2.258f          |
| ram.mem_255_0_3__OAI211_X1_C2_ZN_OAI221_X1_C2:ZN (OAI221_X1)                                                                                           |        | 0.002       | 0.000      | 0.037      |             | 0.061  | 2.319r          |
| ram.mem_255_0_3__OAI211_X1_C2_ZN_OAI221_X1_C2_ZN (net)                                                                                                 | 1      |             |            |            | 0.000       |        |                 |
| ram.mem_255_0_3__OAI211_X1_C2_ZN_OAI221_X1_C2_ZN_OAI211_X1_A:A (OAI211_X1)                                                                             |        | 0.002       | 0.000      | 0.037      |             | 0.000  | 2.319r          |
| ram.mem_255_0_3__OAI211_X1_C2_ZN_OAI221_X1_C2_ZN_OAI211_X1_A:ZN (OAI211_X1)                                                                            |        | 0.002       | 0.000      | 0.019      |             | 0.036  | 2.354f          |
| ram.mem_255_0_3__OAI211_X1_C2_ZN_OAI221_X1_C2_ZN_OAI211_X1_A_ZN (net)                                                                                  | 1      |             |            |            | 0.000       |        |                 |
| result[3]_reg_p_D_AOI21_X1_ZN_B1_OAI22_X1_B2_ZN_NAND2_X1_A2_ZN_OAI211_X1_B:A (OAI211_X1)                                                               |        | 0.002       | 0.000      | 0.019      |             | 0.000  | 2.354f          |
| result[3]_reg_p_D_AOI21_X1_ZN_B1_OAI22_X1_B2_ZN_NAND2_X1_A2_ZN_OAI211_X1_B:ZN (OAI211_X1)                                                              |        | 0.003       | 0.000      | 0.036      |             | 0.031  | 2.386r          |
| cpu.idu.csr.csr_3_3__AOI22_X1_A1_ZN_OAI21_X1_A_ZN_OAI21_X2_B2_A (net)                                                                                  | 1      |             |            |            | 0.000       |        |                 |
| cpu.idu.csr.csr_3_3__AOI22_X1_A1_ZN_OAI21_X1_A_ZN_OAI21_X2_B2:A (OAI21_X2)                                                                             |        | 0.003       | 0.000      | 0.036      |             | 0.000  | 2.386r          |
| cpu.idu.csr.csr_3_3__AOI22_X1_A1_ZN_OAI21_X1_A_ZN_OAI21_X2_B2:ZN (OAI21_X2)                                                                            |        | 0.013       | 0.000      | 0.025      |             | 0.037  | 2.422f          |
| cpu.idu.gpr.gpr_9_3__reg_p_D_AOI211_X1_ZN_C1 (net)                                                                                                     | 8      |             |            |            | 0.000       |        |                 |
| cpu.idu.gpr.gpr_9_3__reg_p_D_AOI211_X1_ZN_C1_BUF_X4_A:A (BUF_X4)                                                                                       |        | 0.003       | 0.000      | 0.025      |             | 0.000  | 2.422f          |
| cpu.idu.gpr.gpr_9_3__reg_p_D_AOI211_X1_ZN_C1_BUF_X4_A:Z (BUF_X4)                                                                                       |        | 0.034       | 0.000      | 0.012      |             | 0.043  | 2.466f          |
| cpu.idu.gpr.gpr_8_3__reg_p_D_AOI21_X1_ZN_B1 (net)                                                                                                      | 24     |             |            |            | 0.000       |        |                 |
| cpu.idu.gpr.gpr_29_3__reg_p_D_AOI211_X1_ZN:C1 (AOI211_X1)                                                                                              |        | 0.002       | 0.000      | 0.012      |             | 0.000  | 2.466f          |
| cpu.idu.gpr.gpr_29_3__reg_p_D_AOI211_X1_ZN:ZN (AOI211_X1)                                                                                              |        | 0.001       | 0.000      | 0.044      |             | 0.041  | 2.507r          |
| cpu.idu.gpr.gpr_29_3__reg_p_D (net)                                                                                                                    | 1      |             |            |            | 0.000       |        |                 |
| cpu.idu.gpr.gpr_29_3__reg_p:D (DFF_X1)                                                                                                                 |        | 0.001       | 0.000      | 0.044      |             | 0.000  | 2.507r          |
|                                                                                                                                                        |        |             |            |            |             |        |                 |
| clock (port)                                                                                                                                           |        | 16.808      | 0.000      | 0.000      |             | 0.000  | 0.000r          |
| clock (clock net)                                                                                                                                      | 17696  |             |            |            | NA          |        |                 |
| cpu.idu.gpr.gpr_29_3__reg_p:CK (DFF_X1)                                                                                                                |        | 0.001       | 0.000      | 0.000      |             | 0.000  | 0.000r          |
| clock core_clock (rise edge)                                                                                                                           |        |             |            |            |             | 2      | 2               |
| clock network delay (ideal)                                                                                                                            |        |             |            |            |             | 0.000  | 2.000           |
| cpu.idu.gpr.gpr_29_3__reg_p:CK (DFF_X1)                                                                                                                |        |             |            |            |             |        | 2.000r          |
| library setup time                                                                                                                                     |        |             |            |            |             | -0.041 | 1.959           |
| clock reconvergence pessimism                                                                                                                          |        |             |            |            |             | 0.000  | 1.959           |
|                                                                                                                                                        |        |             |            |            |             |        |                 |
| path cell delay                                                                                                                                        |        |             |            |            |             |        | 2.507(100.000%) |
| path net delay                                                                                                                                         |        |             |            |            |             |        | 0.000(0.000%)   |
|                                                                                                                                                        |        |             |            |            |             |        |                 |
| data require time                                                                                                                                      |        |             |            |            |             |        | 1.959           |
| data arrival time                                                                                                                                      |        |             |            |            |             |        | 2.507           |
| slack (VIOLATED)                                                                                                                                       |        |             |            |            |             |        | -0.548          |
+--------------------------------------------------------------------------------------------------------------------------------------------------------+--------+-------------+------------+------------+-------------+--------+-----------------+
+--------------------------------------------------------------------------------------------------------------------------------------------------------+--------+-------------+------------+------------+-------------+--------+-----------------+
| Point                                                                                                                                                  | Fanout | Capacitance | Resistance | Transition | Delta Delay | Incr   | Path            |
+--------------------------------------------------------------------------------------------------------------------------------------------------------+--------+-------------+------------+------------+-------------+--------+-----------------+
| clock (port)                                                                                                                                           |        | 16.808      | 0.000      | 0.000      |             | 0.000  | 0.000r          |
| clock (clock net)                                                                                                                                      | 17696  |             |            |            | NA          |        |                 |
| result[3]_reg_p:CK (DFF_X1)                                                                                                                            |        | 0.001       | 0.000      | 0.000      |             | 0.000  | 0.000r          |
| clock core_clock (rise edge)                                                                                                                           |        |             |            |            |             | 0      | 0               |
| clock network delay (ideal)                                                                                                                            |        |             |            |            |             | 0.000  | 0.000           |
| result[3]_reg_p:CK (DFF_X1)                                                                                                                            |        | 0.001       | 0.000      | 0.000      |             | 0.000  | 0.000r          |
| result[3]_reg_p:Q (DFF_X1)                                                                                                                             |        | 0.068       | 0.000      | 0.160      |             | 0.243  | 0.243r          |
| result_3_ (net)                                                                                                                                        | 24     |             |            |            | 0.000       |        |                 |
| rom.mem_15_3__AOI22_X1_B2_B1_NOR3_X2_ZN_A1_NAND4_X1_ZN:A2 (NAND4_X1)                                                                                   |        | 0.002       | 0.000      | 0.160      |             | 0.000  | 0.243r          |
| rom.mem_15_3__AOI22_X1_B2_B1_NOR3_X2_ZN_A1_NAND4_X1_ZN:ZN (NAND4_X1)                                                                                   |        | 0.006       | 0.000      | 0.049      |             | 0.079  | 0.323f          |
| rom.mem_15_3__AOI22_X1_B2_B1_NOR3_X2_ZN_A1 (net)                                                                                                       | 2      |             |            |            | 0.000       |        |                 |
| rom.mem_15_3__AOI22_X1_B2_B1_NOR3_X2_ZN_A1_BUF_X4_A:A (BUF_X4)                                                                                         |        | 0.003       | 0.000      | 0.049      |             | 0.000  | 0.323f          |
| rom.mem_15_3__AOI22_X1_B2_B1_NOR3_X2_ZN_A1_BUF_X4_A:Z (BUF_X4)                                                                                         |        | 0.035       | 0.000      | 0.013      |             | 0.053  | 0.376f          |
| rom.mem_34_8__AOI22_X1_B2_A2_NOR4_X1_ZN_A1 (net)                                                                                                       | 24     |             |            |            | 0.000       |        |                 |
| rom.mem_0_28__AOI22_X1_A1_B1_NOR3_X1_ZN:A1 (NOR3_X1)                                                                                                   |        | 0.002       | 0.000      | 0.013      |             | 0.000  | 0.376f          |
| rom.mem_0_28__AOI22_X1_A1_B1_NOR3_X1_ZN:ZN (NOR3_X1)                                                                                                   |        | 0.014       | 0.000      | 0.120      |             | 0.140  | 0.515r          |
| rom.mem_0_28__AOI22_X1_A1_B1 (net)                                                                                                                     | 9      |             |            |            | 0.000       |        |                 |
| rom.mem_168_31__AOI22_X1_A1:B1 (AOI22_X1)                                                                                                              |        | 0.002       | 0.000      | 0.120      |             | 0.000  | 0.515r          |
| rom.mem_168_31__AOI22_X1_A1:ZN (AOI22_X1)                                                                                                              |        | 0.001       | 0.000      | 0.027      |             | 0.032  | 0.548f          |
| rom.mem_168_31__AOI22_X1_A1_ZN (net)                                                                                                                   | 1      |             |            |            | 0.000       |        |                 |
| rom.mem_177_31__AOI22_X1_A1_ZN_AND4_X1_A1:A2 (AND4_X1)                                                                                                 |        | 0.001       | 0.000      | 0.027      |             | 0.000  | 0.548f          |
| rom.mem_177_31__AOI22_X1_A1_ZN_AND4_X1_A1:ZN (AND4_X1)                                                                                                 |        | 0.002       | 0.000      | 0.009      |             | 0.047  | 0.595f          |
| rom.mem_177_31__AOI22_X1_A1_ZN_AND4_X1_A1_ZN (net)                                                                                                     | 2      |             |            |            | 0.000       |        |                 |
| rom.mem_177_31__AOI22_X1_A1_ZN_AND4_X1_A1_ZN_NAND4_X1_A1:A1 (NAND4_X1)                                                                                 |        | 0.002       | 0.000      | 0.009      |             | 0.000  | 0.595f          |
| rom.mem_177_31__AOI22_X1_A1_ZN_AND4_X1_A1_ZN_NAND4_X1_A1:ZN (NAND4_X1)                                                                                 |        | 0.002       | 0.000      | 0.015      |             | 0.018  | 0.613r          |
| rom.mem_177_31__AOI22_X1_A1_ZN_AND4_X1_A1_ZN_NAND4_X1_A1_ZN (net)                                                                                      | 1      |             |            |            | 0.000       |        |                 |
| rom.mem_217_31__AND4_X1_A1_ZN_NOR4_X1_A3_ZN_NAND4_X1_A2_ZN_NOR2_X1_A1:A2 (NOR2_X1)                                                                     |        | 0.002       | 0.000      | 0.015      |             | 0.000  | 0.613r          |
| rom.mem_217_31__AND4_X1_A1_ZN_NOR4_X1_A3_ZN_NAND4_X1_A2_ZN_NOR2_X1_A1:ZN (NOR2_X1)                                                                     |        | 0.004       | 0.000      | 0.009      |             | 0.017  | 0.630f          |
| rom.mem_58_31__AOI22_X1_A1_ZN_AND4_X1_A3_ZN_NAND3_X2_A3_A1 (net)                                                                                       | 2      |             |            |            | 0.000       |        |                 |
| rom.mem_58_31__AOI22_X1_A1_ZN_AND4_X1_A3_ZN_NAND3_X2_A3:A1 (NAND3_X2)                                                                                  |        | 0.003       | 0.000      | 0.009      |             | 0.000  | 0.630f          |
| rom.mem_58_31__AOI22_X1_A1_ZN_AND4_X1_A3_ZN_NAND3_X2_A3:ZN (NAND3_X2)                                                                                  |        | 0.017       | 0.000      | 0.028      |             | 0.033  | 0.663r          |
| rom.mem_58_31__AOI22_X1_A1_ZN_AND4_X1_A3_ZN_NAND3_X2_A3_ZN (net)                                                                                       | 11     |             |            |            | 0.000       |        |                 |
| rom.mem_68_31__AOI22_X1_A1_ZN_AND4_X1_A1_ZN_NAND4_X2_A1_ZN_OAI21_X1_B1:B2 (OAI21_X1)                                                                   |        | 0.002       | 0.000      | 0.028      |             | 0.000  | 0.663r          |
| rom.mem_68_31__AOI22_X1_A1_ZN_AND4_X1_A1_ZN_NAND4_X2_A1_ZN_OAI21_X1_B1:ZN (OAI21_X1)                                                                   |        | 0.003       | 0.000      | 0.020      |             | 0.027  | 0.690f          |
| cpu.idu.csr.csr_1_28__AOI221_X1_B2_ZN_OAI221_X1_C1_B1_BUF_X4_Z_A (net)                                                                                 | 1      |             |            |            | 0.000       |        |                 |
| cpu.idu.csr.csr_1_28__AOI221_X1_B2_ZN_OAI221_X1_C1_B1_BUF_X4_Z:A (BUF_X4)                                                                              |        | 0.003       | 0.000      | 0.020      |             | 0.000  | 0.690f          |
| cpu.idu.csr.csr_1_28__AOI221_X1_B2_ZN_OAI221_X1_C1_B1_BUF_X4_Z:Z (BUF_X4)                                                                              |        | 0.033       | 0.000      | 0.012      |             | 0.040  | 0.730f          |
| cpu.idu.csr.csr_1_28__AOI221_X1_B2_ZN_OAI221_X1_C1_B1 (net)                                                                                            | 20     |             |            |            | 0.000       |        |                 |
| cpu.idu.csr.csr_3_8__AOI211_X1_C1_ZN_OAI221_X1_C1_B1_NOR4_X4_A4:A2 (NOR4_X4)                                                                           |        | 0.006       | 0.000      | 0.012      |             | 0.000  | 0.730f          |
| cpu.idu.csr.csr_3_8__AOI211_X1_C1_ZN_OAI221_X1_C1_B1_NOR4_X4_A4:ZN (NOR4_X4)                                                                           |        | 0.026       | 0.000      | 0.092      |             | 0.122  | 0.852r          |
| cpu.idu.csr.csr_6_1__NAND4_X1_A3_ZN_AND3_X1_A2_A3_NAND4_X1_ZN_A4 (net)                                                                                 | 16     |             |            |            | 0.000       |        |                 |
| cpu.idu.csr.csr_2_1__NAND4_X1_A3_ZN_AND3_X1_A1_A2_NAND4_X1_ZN_A4_NAND4_X1_A4:A1 (NAND4_X1)                                                             |        | 0.002       | 0.000      | 0.092      |             | 0.000  | 0.852r          |
| cpu.idu.csr.csr_2_1__NAND4_X1_A3_ZN_AND3_X1_A1_A2_NAND4_X1_ZN_A4_NAND4_X1_A4:ZN (NAND4_X1)                                                             |        | 0.002       | 0.000      | 0.031      |             | 0.043  | 0.895f          |
| cpu.idu.csr.csr_2_1__NAND4_X1_A3_ZN_AND3_X1_A1_A2_NAND4_X1_ZN_A4_NAND4_X1_A4_ZN (net)                                                                  | 1      |             |            |            | 0.000       |        |                 |
| cpu.idu.csr.csr_2_1__NAND4_X1_A3_ZN_AND3_X1_A1_A2_NAND4_X1_ZN_A4_NAND4_X1_A4_ZN_BUF_X2_A:A (BUF_X2)                                                    |        | 0.002       | 0.000      | 0.031      |             | 0.000  | 0.895f          |
| cpu.idu.csr.csr_2_1__NAND4_X1_A3_ZN_AND3_X1_A1_A2_NAND4_X1_ZN_A4_NAND4_X1_A4_ZN_BUF_X2_A:Z (BUF_X2)                                                    |        | 0.028       | 0.000      | 0.018      |             | 0.055  | 0.950f          |
| cpu.idu.csr.csr_6_4__AND4_X1_A3_A4 (net)                                                                                                               | 21     |             |            |            | 0.000       |        |                 |
| rom.mem_255_28__$_NOT__A_Y_NAND4_X1_A1_ZN_OAI211_X1_B_ZN_AOI222_X1_B1_C2_AND4_X1_A1_ZN_NAND4_X1_A4_A3_NAND4_X1_A4_ZN_AND3_X1_A2:A3 (AND3_X1)           |        | 0.001       | 0.000      | 0.018      |             | 0.000  | 0.950f          |
| rom.mem_255_28__$_NOT__A_Y_NAND4_X1_A1_ZN_OAI211_X1_B_ZN_AOI222_X1_B1_C2_AND4_X1_A1_ZN_NAND4_X1_A4_A3_NAND4_X1_A4_ZN_AND3_X1_A2:ZN (AND3_X1)           |        | 0.003       | 0.000      | 0.009      |             | 0.044  | 0.994f          |
| rom.mem_255_28__$_NOT__A_Y_NAND4_X1_A1_ZN_OAI211_X1_B_ZN_AOI222_X1_B1_C2_AND4_X1_A1_ZN_NAND4_X1_A4_A3_NAND4_X1_A4_ZN_AND3_X1_A2_ZN (net)               | 1      |             |            |            | 0.000       |        |                 |
| rom.mem_255_28__$_NOT__A_Y_NAND4_X1_A1_ZN_OAI211_X1_B_ZN_AOI222_X1_B1_C2_AND4_X1_A1_ZN_NAND4_X1_A4_A3_NAND4_X1_A4_ZN_AND3_X1_A2_ZN_BUF_X4_A:A (BUF_X4) |        | 0.003       | 0.000      | 0.009      |             | 0.000  | 0.994f          |
| rom.mem_255_28__$_NOT__A_Y_NAND4_X1_A1_ZN_OAI211_X1_B_ZN_AOI222_X1_B1_C2_AND4_X1_A1_ZN_NAND4_X1_A4_A3_NAND4_X1_A4_ZN_AND3_X1_A2_ZN_BUF_X4_A:Z (BUF_X4) |        | 0.033       | 0.000      | 0.012      |             | 0.035  | 1.029f          |
| cpu.idu.csr.csr_0_3__AND4_X1_A1_A3 (net)                                                                                                               | 23     |             |            |            | 0.000       |        |                 |
| cpu.idu.csr.csr_0_3__AND4_X1_A1:A3 (AND4_X1)                                                                                                           |        | 0.001       | 0.000      | 0.012      |             | 0.000  | 1.029f          |
| cpu.idu.csr.csr_0_3__AND4_X1_A1:ZN (AND4_X1)                                                                                                           |        | 0.001       | 0.000      | 0.008      |             | 0.039  | 1.069f          |
| cpu.idu.csr.csr_0_3__AND4_X1_A1_ZN (net)                                                                                                               | 1      |             |            |            | 0.000       |        |                 |
| cpu.idu.csr.csr_0_3__AND4_X1_A1_ZN_OAI33_X1_A1:A1 (OAI33_X1)                                                                                           |        | 0.002       | 0.000      | 0.008      |             | 0.000  | 1.069f          |
| cpu.idu.csr.csr_0_3__AND4_X1_A1_ZN_OAI33_X1_A1:ZN (OAI33_X1)                                                                                           |        | 0.003       | 0.000      | 0.075      |             | 0.059  | 1.127r          |
| cpu.idu.csr.csr_0_3__AND4_X1_A1_ZN_OAI33_X1_A1_ZN (net)                                                                                                | 2      |             |            |            | 0.000       |        |                 |
| cpu.idu.csr.csr_3_3__AOI22_X1_A1_ZN_OAI21_X1_A:B1 (OAI21_X1)                                                                                           |        | 0.002       | 0.000      | 0.075      |             | 0.000  | 1.127r          |
| cpu.idu.csr.csr_3_3__AOI22_X1_A1_ZN_OAI21_X1_A:ZN (OAI21_X1)                                                                                           |        | 0.005       | 0.000      | 0.026      |             | 0.035  | 1.162f          |
| cpu.idu.csr.csr_3_3__AOI22_X1_A1_ZN_OAI21_X1_A_ZN (net)                                                                                                | 2      |             |            |            | 0.000       |        |                 |
| cpu.idu.csr.csr_3_3__AOI22_X1_A1_ZN_OAI21_X1_A_ZN_NAND3_X1_A2:A2 (NAND3_X1)                                                                            |        | 0.002       | 0.000      | 0.026      |             | 0.000  | 1.162f          |
| cpu.idu.csr.csr_3_3__AOI22_X1_A1_ZN_OAI21_X1_A_ZN_NAND3_X1_A2:ZN (NAND3_X1)                                                                            |        | 0.003       | 0.000      | 0.018      |             | 0.032  | 1.194r          |
| cpu.idu.csr.csr_3_3__AOI22_X1_A1_ZN_OAI21_X1_A_ZN_NAND3_X1_A2_ZN (net)                                                                                 | 1      |             |            |            | 0.000       |        |                 |
| rom.mem_255_10__$_NOT__A_Y_NAND4_X1_A1_ZN_OAI211_X1_B_1_ZN_OAI211_X2_A:B (OAI211_X2)                                                                   |        | 0.003       | 0.000      | 0.018      |             | 0.000  | 1.194r          |
| rom.mem_255_10__$_NOT__A_Y_NAND4_X1_A1_ZN_OAI211_X1_B_1_ZN_OAI211_X2_A:ZN (OAI211_X2)                                                                  |        | 0.013       | 0.000      | 0.027      |             | 0.044  | 1.238f          |
| rom.mem_255_10__$_NOT__A_Y_NAND4_X1_A1_ZN_OAI211_X1_B_1_ZN_OAI211_X2_A_ZN (net)                                                                        | 9      |             |            |            | 0.000       |        |                 |
| result[4]_reg_p_D_AOI211_X1_ZN_B_AOI211_X1_ZN_A_OAI33_X1_ZN_A2_AOI21_X2_ZN_B2_OAI221_X1_ZN_C1_NOR2_X1_A1:A2 (NOR2_X1)                                  |        | 0.002       | 0.000      | 0.027      |             | 0.000  | 1.238f          |
| result[4]_reg_p_D_AOI211_X1_ZN_B_AOI211_X1_ZN_A_OAI33_X1_ZN_A2_AOI21_X2_ZN_B2_OAI221_X1_ZN_C1_NOR2_X1_A1:ZN (NOR2_X1)                                  |        | 0.001       | 0.000      | 0.019      |             | 0.037  | 1.275r          |
| result[4]_reg_p_D_AOI211_X1_ZN_B_AOI211_X1_ZN_A_OAI33_X1_ZN_A2_AOI21_X2_ZN_B2_OAI221_X1_ZN_C1_NOR2_X1_A1_ZN (net)                                      | 1      |             |            |            | 0.000       |        |                 |
| result[4]_reg_p_D_AOI211_X1_ZN_B_AOI211_X1_ZN_A_OAI33_X1_ZN_A2_AOI21_X2_ZN_B2_OAI221_X1_ZN_C1_NOR2_X1_A1_ZN_CLKBUF_X3_A:A (CLKBUF_X3)                  |        | 0.001       | 0.000      | 0.019      |             | 0.000  | 1.275r          |
| result[4]_reg_p_D_AOI211_X1_ZN_B_AOI211_X1_ZN_A_OAI33_X1_ZN_A2_AOI21_X2_ZN_B2_OAI221_X1_ZN_C1_NOR2_X1_A1_ZN_CLKBUF_X3_A:Z (CLKBUF_X3)                  |        | 0.030       | 0.000      | 0.026      |             | 0.056  | 1.331r          |
| cpu.idu.csr.csr_3_1__AND4_X1_A4_A1_AOI211_X1_C2_B_OAI211_X1_ZN_C2_NOR4_X1_A2_A1_AOI21_X1_ZN_A (net)                                                    | 19     |             |            |            | 0.000       |        |                 |
| result[0]_reg_p_D_NOR2_X1_ZN_A2_AOI221_X1_ZN_C1_NAND2_X1_ZN_A1_AOI21_X1_B2_ZN_OAI211_X1_C1_B_NAND2_X1_ZN:A1 (NAND2_X1)                                 |        | 0.002       | 0.000      | 0.026      |             | 0.000  | 1.331r          |
| result[0]_reg_p_D_NOR2_X1_ZN_A2_AOI221_X1_ZN_C1_NAND2_X1_ZN_A1_AOI21_X1_B2_ZN_OAI211_X1_C1_B_NAND2_X1_ZN:ZN (NAND2_X1)                                 |        | 0.003       | 0.000      | 0.014      |             | 0.023  | 1.354f          |
| result[0]_reg_p_D_NOR2_X1_ZN_A2_AOI221_X1_ZN_C1_NAND2_X1_ZN_A1_AOI21_X1_B2_ZN_OAI211_X1_C1_B (net)                                                     | 2      |             |            |            | 0.000       |        |                 |
| result[0]_reg_p_D_NOR2_X1_ZN_A2_AOI221_X1_ZN_C1_NOR4_X1_A4_ZN_AND4_X1_A3_A4_NAND3_X1_A1_A3_NAND2_X1_A2:A1 (NAND2_X1)                                   |        | 0.002       | 0.000      | 0.014      |             | 0.000  | 1.354f          |
| result[0]_reg_p_D_NOR2_X1_ZN_A2_AOI221_X1_ZN_C1_NOR4_X1_A4_ZN_AND4_X1_A3_A4_NAND3_X1_A1_A3_NAND2_X1_A2:ZN (NAND2_X1)                                   |        | 0.007       | 0.000      | 0.022      |             | 0.030  | 1.384r          |
| result[0]_reg_p_D_NOR2_X1_ZN_A2_AOI221_X1_ZN_C1_NOR4_X1_A4_A3 (net)                                                                                    | 5      |             |            |            | 0.000       |        |                 |
| cpu.idu.csr.csr_3_3__AOI22_X1_A1_ZN_OAI211_X1_B_A_OAI211_X1_ZN_A_NAND3_X1_ZN:A3 (NAND3_X1)                                                             |        | 0.002       | 0.000      | 0.022      |             | 0.000  | 1.384r          |
| cpu.idu.csr.csr_3_3__AOI22_X1_A1_ZN_OAI211_X1_B_A_OAI211_X1_ZN_A_NAND3_X1_ZN:ZN (NAND3_X1)                                                             |        | 0.006       | 0.000      | 0.023      |             | 0.036  | 1.420f          |
| cpu.idu.csr.csr_3_3__AOI22_X1_A1_ZN_OAI211_X1_B_A_OAI211_X1_ZN_A (net)                                                                                 | 3      |             |            |            | 0.000       |        |                 |
| result[4]_reg_p_D_AOI211_X1_ZN_B_AOI211_X1_ZN_A_OAI33_X1_ZN_A2_AOI21_X2_ZN:B1 (AOI21_X2)                                                               |        | 0.003       | 0.000      | 0.023      |             | 0.000  | 1.420f          |
| result[4]_reg_p_D_AOI211_X1_ZN_B_AOI211_X1_ZN_A_OAI33_X1_ZN_A2_AOI21_X2_ZN:ZN (AOI21_X2)                                                               |        | 0.006       | 0.000      | 0.030      |             | 0.041  | 1.461r          |
| result[4]_reg_p_D_AOI211_X1_ZN_B_AOI211_X1_ZN_A_OAI33_X1_ZN_A2 (net)                                                                                   | 3      |             |            |            | 0.000       |        |                 |
| result[4]_reg_p_D_AOI211_X1_ZN_B_AOI211_X1_ZN_A_OAI33_X1_ZN_A2_OAI21_X2_B1:B1 (OAI21_X2)                                                               |        | 0.003       | 0.000      | 0.030      |             | 0.000  | 1.461r          |
| result[4]_reg_p_D_AOI211_X1_ZN_B_AOI211_X1_ZN_A_OAI33_X1_ZN_A2_OAI21_X2_B1:ZN (OAI21_X2)                                                               |        | 0.007       | 0.000      | 0.019      |             | 0.024  | 1.485f          |
| result[5]_reg_p_D_AOI21_X1_ZN_A_OAI21_X1_ZN_B2_NAND2_X1_ZN_A1_OAI211_X1_ZN_A (net)                                                                     | 5      |             |            |            | 0.000       |        |                 |
| result[6]_reg_p_D_AND2_X1_ZN_A1_MUX2_X1_Z_A_OAI221_X1_ZN_A_OR3_X1_ZN_A3_AND3_X1_ZN:A3 (AND3_X1)                                                        |        | 0.001       | 0.000      | 0.019      |             | 0.000  | 1.485f          |
| result[6]_reg_p_D_AND2_X1_ZN_A1_MUX2_X1_Z_A_OAI221_X1_ZN_A_OR3_X1_ZN_A3_AND3_X1_ZN:ZN (AND3_X1)                                                        |        | 0.002       | 0.000      | 0.008      |             | 0.043  | 1.528f          |
| result[6]_reg_p_D_AND2_X1_ZN_A1_MUX2_X1_Z_A_OAI221_X1_ZN_A_OR3_X1_ZN_A3 (net)                                                                          | 2      |             |            |            | 0.000       |        |                 |
| result[6]_reg_p_D_AND2_X1_ZN_A1_MUX2_X1_Z_A_OAI221_X1_ZN_A_OR3_X1_ZN_A3_OAI33_X1_A1:A1 (OAI33_X1)                                                      |        | 0.002       | 0.000      | 0.008      |             | 0.000  | 1.528f          |
| result[6]_reg_p_D_AND2_X1_ZN_A1_MUX2_X1_Z_A_OAI221_X1_ZN_A_OR3_X1_ZN_A3_OAI33_X1_A1:ZN (OAI33_X1)                                                      |        | 0.015       | 0.000      | 0.167      |             | 0.154  | 1.682r          |
| ram.mem_207_3_7__NAND4_X1_A1_A4_NOR4_X2_ZN_A4 (net)                                                                                                    | 6      |             |            |            | 0.000       |        |                 |
| ram.mem_207_3_7__NAND4_X1_A1_A4_NOR4_X2_ZN_A3_OR2_X2_A1:A2 (OR2_X2)                                                                                    |        | 0.002       | 0.000      | 0.167      |             | 0.000  | 1.682r          |
| ram.mem_207_3_7__NAND4_X1_A1_A4_NOR4_X2_ZN_A3_OR2_X2_A1:ZN (OR2_X2)                                                                                    |        | 0.007       | 0.000      | 0.015      |             | 0.042  | 1.725r          |
| ram.mem_207_3_7__NAND4_X1_A1_A4_NOR4_X2_ZN_A3_OR2_X2_A1_ZN (net)                                                                                       | 1      |             |            |            | 0.000       |        |                 |
| result[7]_reg_p_D_AOI211_X1_ZN_B_AOI211_X1_ZN_A_OAI22_X1_ZN_A1_OAI211_X1_C2_B_BUF_X8_Z:A (BUF_X8)                                                      |        | 0.007       | 0.000      | 0.015      |             | 0.000  | 1.725r          |
| result[7]_reg_p_D_AOI211_X1_ZN_B_AOI211_X1_ZN_A_OAI22_X1_ZN_A1_OAI211_X1_C2_B_BUF_X8_Z:Z (BUF_X8)                                                      |        | 0.042       | 0.000      | 0.015      |             | 0.033  | 1.758r          |
| result[7]_reg_p_D_AOI211_X1_ZN_B_AOI211_X1_ZN_A_OAI22_X1_ZN_A1_OAI211_X1_C2_B (net)                                                                    | 6      |             |            |            | 0.000       |        |                 |
| result[7]_reg_p_D_AOI211_X1_ZN_B_AOI211_X1_ZN_A_OAI22_X1_ZN_A1_OAI211_X1_C2:B (OAI211_X1)                                                              |        | 0.002       | 0.000      | 0.015      |             | 0.000  | 1.758r          |
| result[7]_reg_p_D_AOI211_X1_ZN_B_AOI211_X1_ZN_A_OAI22_X1_ZN_A1_OAI211_X1_C2:ZN (OAI211_X1)                                                             |        | 0.003       | 0.000      | 0.022      |             | 0.036  | 1.793f          |
| result[7]_reg_p_D_AOI211_X1_ZN_B_AOI211_X1_ZN_A_OAI22_X1_ZN_A1_OAI211_X1_C2_ZN (net)                                                                   | 1      |             |            |            | 0.000       |        |                 |
| result[7]_reg_p_D_AOI211_X1_ZN_B_AOI211_X1_ZN_A_OAI22_X1_ZN_A1_OAI211_X1_C2_ZN_BUF_X4_A:A (BUF_X4)                                                     |        | 0.003       | 0.000      | 0.022      |             | 0.000  | 1.793f          |
| result[7]_reg_p_D_AOI211_X1_ZN_B_AOI211_X1_ZN_A_OAI22_X1_ZN_A1_OAI211_X1_C2_ZN_BUF_X4_A:Z (BUF_X4)                                                     |        | 0.029       | 0.000      | 0.011      |             | 0.040  | 1.833f          |
| result[7]_reg_p_D_AOI211_X1_ZN_B_AOI211_X1_ZN_A_OAI22_X1_ZN_A1_OAI211_X1_C2_ZN_BUF_X4_A_Z (net)                                                        | 5      |             |            |            | 0.000       |        |                 |
| result[7]_reg_p_D_AOI211_X1_ZN_B_AOI211_X1_ZN_A_OAI22_X1_ZN_A1_OAI211_X1_C2_ZN_BUF_X4_A_Z_BUF_X16_A:A (BUF_X16)                                        |        | 0.012       | 0.000      | 0.011      |             | 0.000  | 1.833f          |
| result[7]_reg_p_D_AOI211_X1_ZN_B_AOI211_X1_ZN_A_OAI22_X1_ZN_A1_OAI211_X1_C2_ZN_BUF_X4_A_Z_BUF_X16_A:Z (BUF_X16)                                        |        | 0.115       | 0.000      | 0.011      |             | 0.036  | 1.869f          |
| ram.mem_9_3_7__AOI22_X1_B2_A2_NOR4_X4_ZN_A3 (net)                                                                                                      | 24     |             |            |            | 0.000       |        |                 |
| ram.mem_83_3_0__AOI22_X1_A1_B1_NOR4_X2_ZN:A2 (NOR4_X2)                                                                                                 |        | 0.003       | 0.000      | 0.011      |             | 0.000  | 1.869f          |
| ram.mem_83_3_0__AOI22_X1_A1_B1_NOR4_X2_ZN:ZN (NOR4_X2)                                                                                                 |        | 0.013       | 0.000      | 0.093      |             | 0.122  | 1.991r          |
| ram.mem_83_3_0__AOI22_X1_A1_B1 (net)                                                                                                                   | 8      |             |            |            | 0.000       |        |                 |
| ram.mem_83_3_0__AOI22_X1_A1_B1_BUF_X2_A:A (BUF_X2)                                                                                                     |        | 0.002       | 0.000      | 0.093      |             | 0.000  | 1.991r          |
| ram.mem_83_3_0__AOI22_X1_A1_B1_BUF_X2_A:Z (BUF_X2)                                                                                                     |        | 0.038       | 0.000      | 0.048      |             | 0.076  | 2.066r          |
| ram.mem_88_2_0__AOI22_X1_B2_B1 (net)                                                                                                                   | 24     |             |            |            | 0.000       |        |                 |
| ram.mem_88_1_3__AOI22_X1_B2:B1 (AOI22_X1)                                                                                                              |        | 0.002       | 0.000      | 0.048      |             | 0.000  | 2.066r          |
| ram.mem_88_1_3__AOI22_X1_B2:ZN (AOI22_X1)                                                                                                              |        | 0.001       | 0.000      | 0.020      |             | 0.028  | 2.094f          |
| ram.mem_88_1_3__AOI22_X1_B2_ZN (net)                                                                                                                   | 1      |             |            |            | 0.000       |        |                 |
| ram.mem_89_1_3__AOI22_X1_B2_ZN_AND4_X1_A1:A4 (AND4_X1)                                                                                                 |        | 0.001       | 0.000      | 0.020      |             | 0.000  | 2.094f          |
| ram.mem_89_1_3__AOI22_X1_B2_ZN_AND4_X1_A1:ZN (AND4_X1)                                                                                                 |        | 0.001       | 0.000      | 0.007      |             | 0.042  | 2.136f          |
| ram.mem_89_1_3__AOI22_X1_B2_ZN_AND4_X1_A1_ZN (net)                                                                                                     | 1      |             |            |            | 0.000       |        |                 |
| ram.mem_92_1_3__AOI22_X1_A1_ZN_AND4_X1_A2:A4 (AND4_X1)                                                                                                 |        | 0.001       | 0.000      | 0.007      |             | 0.000  | 2.136f          |
| ram.mem_92_1_3__AOI22_X1_A1_ZN_AND4_X1_A2:ZN (AND4_X1)                                                                                                 |        | 0.001       | 0.000      | 0.008      |             | 0.038  | 2.175f          |
| ram.mem_92_1_3__AOI22_X1_A1_ZN_AND4_X1_A2_ZN (net)                                                                                                     | 1      |             |            |            | 0.000       |        |                 |
| ram.mem_177_1_3__AOI221_X1_B2_ZN_NAND4_X1_A3:A4 (NAND4_X1)                                                                                             |        | 0.002       | 0.000      | 0.008      |             | 0.000  | 2.175f          |
| ram.mem_177_1_3__AOI221_X1_B2_ZN_NAND4_X1_A3:ZN (NAND4_X1)                                                                                             |        | 0.001       | 0.000      | 0.013      |             | 0.020  | 2.195r          |
| ram.mem_255_1_3__OAI221_X1_B2_C2_OR4_X1_ZN_A4 (net)                                                                                                    | 1      |             |            |            | 0.000       |        |                 |
| ram.mem_255_1_3__OAI221_X1_B2_C2_OR4_X1_ZN:A4 (OR4_X1)                                                                                                 |        | 0.001       | 0.000      | 0.013      |             | 0.000  | 2.195r          |
| ram.mem_255_1_3__OAI221_X1_B2_C2_OR4_X1_ZN:ZN (OR4_X1)                                                                                                 |        | 0.002       | 0.000      | 0.009      |             | 0.030  | 2.225r          |
| ram.mem_255_1_3__OAI221_X1_B2_C2 (net)                                                                                                                 | 1      |             |            |            | 0.000       |        |                 |
| ram.mem_255_1_3__OAI221_X1_B2:C2 (OAI221_X1)                                                                                                           |        | 0.002       | 0.000      | 0.009      |             | 0.000  | 2.225r          |
| ram.mem_255_1_3__OAI221_X1_B2:ZN (OAI221_X1)                                                                                                           |        | 0.003       | 0.000      | 0.036      |             | 0.033  | 2.258f          |
| ram.mem_255_1_3__OAI221_X1_B2_ZN (net)                                                                                                                 | 2      |             |            |            | 0.000       |        |                 |
| ram.mem_255_0_3__OAI211_X1_C2_ZN_OAI221_X1_C2:B2 (OAI221_X1)                                                                                           |        | 0.002       | 0.000      | 0.036      |             | 0.000  | 2.258f          |
| ram.mem_255_0_3__OAI211_X1_C2_ZN_OAI221_X1_C2:ZN (OAI221_X1)                                                                                           |        | 0.002       | 0.000      | 0.037      |             | 0.061  | 2.319r          |
| ram.mem_255_0_3__OAI211_X1_C2_ZN_OAI221_X1_C2_ZN (net)                                                                                                 | 1      |             |            |            | 0.000       |        |                 |
| ram.mem_255_0_3__OAI211_X1_C2_ZN_OAI221_X1_C2_ZN_OAI211_X1_A:A (OAI211_X1)                                                                             |        | 0.002       | 0.000      | 0.037      |             | 0.000  | 2.319r          |
| ram.mem_255_0_3__OAI211_X1_C2_ZN_OAI221_X1_C2_ZN_OAI211_X1_A:ZN (OAI211_X1)                                                                            |        | 0.002       | 0.000      | 0.019      |             | 0.036  | 2.354f          |
| ram.mem_255_0_3__OAI211_X1_C2_ZN_OAI221_X1_C2_ZN_OAI211_X1_A_ZN (net)                                                                                  | 1      |             |            |            | 0.000       |        |                 |
| result[3]_reg_p_D_AOI21_X1_ZN_B1_OAI22_X1_B2_ZN_NAND2_X1_A2_ZN_OAI211_X1_B:A (OAI211_X1)                                                               |        | 0.002       | 0.000      | 0.019      |             | 0.000  | 2.354f          |
| result[3]_reg_p_D_AOI21_X1_ZN_B1_OAI22_X1_B2_ZN_NAND2_X1_A2_ZN_OAI211_X1_B:ZN (OAI211_X1)                                                              |        | 0.003       | 0.000      | 0.036      |             | 0.031  | 2.386r          |
| cpu.idu.csr.csr_3_3__AOI22_X1_A1_ZN_OAI21_X1_A_ZN_OAI21_X2_B2_A (net)                                                                                  | 1      |             |            |            | 0.000       |        |                 |
| cpu.idu.csr.csr_3_3__AOI22_X1_A1_ZN_OAI21_X1_A_ZN_OAI21_X2_B2:A (OAI21_X2)                                                                             |        | 0.003       | 0.000      | 0.036      |             | 0.000  | 2.386r          |
| cpu.idu.csr.csr_3_3__AOI22_X1_A1_ZN_OAI21_X1_A_ZN_OAI21_X2_B2:ZN (OAI21_X2)                                                                            |        | 0.013       | 0.000      | 0.025      |             | 0.037  | 2.422f          |
| cpu.idu.gpr.gpr_9_3__reg_p_D_AOI211_X1_ZN_C1 (net)                                                                                                     | 8      |             |            |            | 0.000       |        |                 |
| cpu.idu.gpr.gpr_9_3__reg_p_D_AOI211_X1_ZN_C1_BUF_X4_A:A (BUF_X4)                                                                                       |        | 0.003       | 0.000      | 0.025      |             | 0.000  | 2.422f          |
| cpu.idu.gpr.gpr_9_3__reg_p_D_AOI211_X1_ZN_C1_BUF_X4_A:Z (BUF_X4)                                                                                       |        | 0.034       | 0.000      | 0.012      |             | 0.043  | 2.466f          |
| cpu.idu.gpr.gpr_8_3__reg_p_D_AOI21_X1_ZN_B1 (net)                                                                                                      | 24     |             |            |            | 0.000       |        |                 |
| cpu.idu.gpr.gpr_21_3__reg_p_D_AOI211_X1_ZN:C1 (AOI211_X1)                                                                                              |        | 0.002       | 0.000      | 0.012      |             | 0.000  | 2.466f          |
| cpu.idu.gpr.gpr_21_3__reg_p_D_AOI211_X1_ZN:ZN (AOI211_X1)                                                                                              |        | 0.001       | 0.000      | 0.044      |             | 0.041  | 2.507r          |
| cpu.idu.gpr.gpr_21_3__reg_p_D (net)                                                                                                                    | 1      |             |            |            | 0.000       |        |                 |
| cpu.idu.gpr.gpr_21_3__reg_p:D (DFF_X1)                                                                                                                 |        | 0.001       | 0.000      | 0.044      |             | 0.000  | 2.507r          |
|                                                                                                                                                        |        |             |            |            |             |        |                 |
| clock (port)                                                                                                                                           |        | 16.808      | 0.000      | 0.000      |             | 0.000  | 0.000r          |
| clock (clock net)                                                                                                                                      | 17696  |             |            |            | NA          |        |                 |
| cpu.idu.gpr.gpr_21_3__reg_p:CK (DFF_X1)                                                                                                                |        | 0.001       | 0.000      | 0.000      |             | 0.000  | 0.000r          |
| clock core_clock (rise edge)                                                                                                                           |        |             |            |            |             | 2      | 2               |
| clock network delay (ideal)                                                                                                                            |        |             |            |            |             | 0.000  | 2.000           |
| cpu.idu.gpr.gpr_21_3__reg_p:CK (DFF_X1)                                                                                                                |        |             |            |            |             |        | 2.000r          |
| library setup time                                                                                                                                     |        |             |            |            |             | -0.041 | 1.959           |
| clock reconvergence pessimism                                                                                                                          |        |             |            |            |             | 0.000  | 1.959           |
|                                                                                                                                                        |        |             |            |            |             |        |                 |
| path cell delay                                                                                                                                        |        |             |            |            |             |        | 2.507(100.000%) |
| path net delay                                                                                                                                         |        |             |            |            |             |        | 0.000(0.000%)   |
|                                                                                                                                                        |        |             |            |            |             |        |                 |
| data require time                                                                                                                                      |        |             |            |            |             |        | 1.959           |
| data arrival time                                                                                                                                      |        |             |            |            |             |        | 2.507           |
| slack (VIOLATED)                                                                                                                                       |        |             |            |            |             |        | -0.548          |
+--------------------------------------------------------------------------------------------------------------------------------------------------------+--------+-------------+------------+------------+-------------+--------+-----------------+
+--------------------------------------------------------------------------------------------------------------------------------------------------------+--------+-------------+------------+------------+-------------+--------+-----------------+
| Point                                                                                                                                                  | Fanout | Capacitance | Resistance | Transition | Delta Delay | Incr   | Path            |
+--------------------------------------------------------------------------------------------------------------------------------------------------------+--------+-------------+------------+------------+-------------+--------+-----------------+
| clock (port)                                                                                                                                           |        | 16.808      | 0.000      | 0.000      |             | 0.000  | 0.000r          |
| clock (clock net)                                                                                                                                      | 17696  |             |            |            | NA          |        |                 |
| result[3]_reg_p:CK (DFF_X1)                                                                                                                            |        | 0.001       | 0.000      | 0.000      |             | 0.000  | 0.000r          |
| clock core_clock (rise edge)                                                                                                                           |        |             |            |            |             | 0      | 0               |
| clock network delay (ideal)                                                                                                                            |        |             |            |            |             | 0.000  | 0.000           |
| result[3]_reg_p:CK (DFF_X1)                                                                                                                            |        | 0.001       | 0.000      | 0.000      |             | 0.000  | 0.000r          |
| result[3]_reg_p:Q (DFF_X1)                                                                                                                             |        | 0.068       | 0.000      | 0.160      |             | 0.243  | 0.243r          |
| result_3_ (net)                                                                                                                                        | 24     |             |            |            | 0.000       |        |                 |
| rom.mem_15_3__AOI22_X1_B2_B1_NOR3_X2_ZN_A1_NAND4_X1_ZN:A2 (NAND4_X1)                                                                                   |        | 0.002       | 0.000      | 0.160      |             | 0.000  | 0.243r          |
| rom.mem_15_3__AOI22_X1_B2_B1_NOR3_X2_ZN_A1_NAND4_X1_ZN:ZN (NAND4_X1)                                                                                   |        | 0.006       | 0.000      | 0.049      |             | 0.079  | 0.323f          |
| rom.mem_15_3__AOI22_X1_B2_B1_NOR3_X2_ZN_A1 (net)                                                                                                       | 2      |             |            |            | 0.000       |        |                 |
| rom.mem_15_3__AOI22_X1_B2_B1_NOR3_X2_ZN_A1_BUF_X4_A:A (BUF_X4)                                                                                         |        | 0.003       | 0.000      | 0.049      |             | 0.000  | 0.323f          |
| rom.mem_15_3__AOI22_X1_B2_B1_NOR3_X2_ZN_A1_BUF_X4_A:Z (BUF_X4)                                                                                         |        | 0.035       | 0.000      | 0.013      |             | 0.053  | 0.376f          |
| rom.mem_34_8__AOI22_X1_B2_A2_NOR4_X1_ZN_A1 (net)                                                                                                       | 24     |             |            |            | 0.000       |        |                 |
| rom.mem_0_28__AOI22_X1_A1_B1_NOR3_X1_ZN:A1 (NOR3_X1)                                                                                                   |        | 0.002       | 0.000      | 0.013      |             | 0.000  | 0.376f          |
| rom.mem_0_28__AOI22_X1_A1_B1_NOR3_X1_ZN:ZN (NOR3_X1)                                                                                                   |        | 0.014       | 0.000      | 0.120      |             | 0.140  | 0.515r          |
| rom.mem_0_28__AOI22_X1_A1_B1 (net)                                                                                                                     | 9      |             |            |            | 0.000       |        |                 |
| rom.mem_168_31__AOI22_X1_A1:B1 (AOI22_X1)                                                                                                              |        | 0.002       | 0.000      | 0.120      |             | 0.000  | 0.515r          |
| rom.mem_168_31__AOI22_X1_A1:ZN (AOI22_X1)                                                                                                              |        | 0.001       | 0.000      | 0.027      |             | 0.032  | 0.548f          |
| rom.mem_168_31__AOI22_X1_A1_ZN (net)                                                                                                                   | 1      |             |            |            | 0.000       |        |                 |
| rom.mem_177_31__AOI22_X1_A1_ZN_AND4_X1_A1:A2 (AND4_X1)                                                                                                 |        | 0.001       | 0.000      | 0.027      |             | 0.000  | 0.548f          |
| rom.mem_177_31__AOI22_X1_A1_ZN_AND4_X1_A1:ZN (AND4_X1)                                                                                                 |        | 0.002       | 0.000      | 0.009      |             | 0.047  | 0.595f          |
| rom.mem_177_31__AOI22_X1_A1_ZN_AND4_X1_A1_ZN (net)                                                                                                     | 2      |             |            |            | 0.000       |        |                 |
| rom.mem_177_31__AOI22_X1_A1_ZN_AND4_X1_A1_ZN_NAND4_X1_A1:A1 (NAND4_X1)                                                                                 |        | 0.002       | 0.000      | 0.009      |             | 0.000  | 0.595f          |
| rom.mem_177_31__AOI22_X1_A1_ZN_AND4_X1_A1_ZN_NAND4_X1_A1:ZN (NAND4_X1)                                                                                 |        | 0.002       | 0.000      | 0.015      |             | 0.018  | 0.613r          |
| rom.mem_177_31__AOI22_X1_A1_ZN_AND4_X1_A1_ZN_NAND4_X1_A1_ZN (net)                                                                                      | 1      |             |            |            | 0.000       |        |                 |
| rom.mem_217_31__AND4_X1_A1_ZN_NOR4_X1_A3_ZN_NAND4_X1_A2_ZN_NOR2_X1_A1:A2 (NOR2_X1)                                                                     |        | 0.002       | 0.000      | 0.015      |             | 0.000  | 0.613r          |
| rom.mem_217_31__AND4_X1_A1_ZN_NOR4_X1_A3_ZN_NAND4_X1_A2_ZN_NOR2_X1_A1:ZN (NOR2_X1)                                                                     |        | 0.004       | 0.000      | 0.009      |             | 0.017  | 0.630f          |
| rom.mem_58_31__AOI22_X1_A1_ZN_AND4_X1_A3_ZN_NAND3_X2_A3_A1 (net)                                                                                       | 2      |             |            |            | 0.000       |        |                 |
| rom.mem_58_31__AOI22_X1_A1_ZN_AND4_X1_A3_ZN_NAND3_X2_A3:A1 (NAND3_X2)                                                                                  |        | 0.003       | 0.000      | 0.009      |             | 0.000  | 0.630f          |
| rom.mem_58_31__AOI22_X1_A1_ZN_AND4_X1_A3_ZN_NAND3_X2_A3:ZN (NAND3_X2)                                                                                  |        | 0.017       | 0.000      | 0.028      |             | 0.033  | 0.663r          |
| rom.mem_58_31__AOI22_X1_A1_ZN_AND4_X1_A3_ZN_NAND3_X2_A3_ZN (net)                                                                                       | 11     |             |            |            | 0.000       |        |                 |
| rom.mem_68_31__AOI22_X1_A1_ZN_AND4_X1_A1_ZN_NAND4_X2_A1_ZN_OAI21_X1_B1:B2 (OAI21_X1)                                                                   |        | 0.002       | 0.000      | 0.028      |             | 0.000  | 0.663r          |
| rom.mem_68_31__AOI22_X1_A1_ZN_AND4_X1_A1_ZN_NAND4_X2_A1_ZN_OAI21_X1_B1:ZN (OAI21_X1)                                                                   |        | 0.003       | 0.000      | 0.020      |             | 0.027  | 0.690f          |
| cpu.idu.csr.csr_1_28__AOI221_X1_B2_ZN_OAI221_X1_C1_B1_BUF_X4_Z_A (net)                                                                                 | 1      |             |            |            | 0.000       |        |                 |
| cpu.idu.csr.csr_1_28__AOI221_X1_B2_ZN_OAI221_X1_C1_B1_BUF_X4_Z:A (BUF_X4)                                                                              |        | 0.003       | 0.000      | 0.020      |             | 0.000  | 0.690f          |
| cpu.idu.csr.csr_1_28__AOI221_X1_B2_ZN_OAI221_X1_C1_B1_BUF_X4_Z:Z (BUF_X4)                                                                              |        | 0.033       | 0.000      | 0.012      |             | 0.040  | 0.730f          |
| cpu.idu.csr.csr_1_28__AOI221_X1_B2_ZN_OAI221_X1_C1_B1 (net)                                                                                            | 20     |             |            |            | 0.000       |        |                 |
| cpu.idu.csr.csr_3_8__AOI211_X1_C1_ZN_OAI221_X1_C1_B1_NOR4_X4_A4:A2 (NOR4_X4)                                                                           |        | 0.006       | 0.000      | 0.012      |             | 0.000  | 0.730f          |
| cpu.idu.csr.csr_3_8__AOI211_X1_C1_ZN_OAI221_X1_C1_B1_NOR4_X4_A4:ZN (NOR4_X4)                                                                           |        | 0.026       | 0.000      | 0.092      |             | 0.122  | 0.852r          |
| cpu.idu.csr.csr_6_1__NAND4_X1_A3_ZN_AND3_X1_A2_A3_NAND4_X1_ZN_A4 (net)                                                                                 | 16     |             |            |            | 0.000       |        |                 |
| cpu.idu.csr.csr_2_1__NAND4_X1_A3_ZN_AND3_X1_A1_A2_NAND4_X1_ZN_A4_NAND4_X1_A4:A1 (NAND4_X1)                                                             |        | 0.002       | 0.000      | 0.092      |             | 0.000  | 0.852r          |
| cpu.idu.csr.csr_2_1__NAND4_X1_A3_ZN_AND3_X1_A1_A2_NAND4_X1_ZN_A4_NAND4_X1_A4:ZN (NAND4_X1)                                                             |        | 0.002       | 0.000      | 0.031      |             | 0.043  | 0.895f          |
| cpu.idu.csr.csr_2_1__NAND4_X1_A3_ZN_AND3_X1_A1_A2_NAND4_X1_ZN_A4_NAND4_X1_A4_ZN (net)                                                                  | 1      |             |            |            | 0.000       |        |                 |
| cpu.idu.csr.csr_2_1__NAND4_X1_A3_ZN_AND3_X1_A1_A2_NAND4_X1_ZN_A4_NAND4_X1_A4_ZN_BUF_X2_A:A (BUF_X2)                                                    |        | 0.002       | 0.000      | 0.031      |             | 0.000  | 0.895f          |
| cpu.idu.csr.csr_2_1__NAND4_X1_A3_ZN_AND3_X1_A1_A2_NAND4_X1_ZN_A4_NAND4_X1_A4_ZN_BUF_X2_A:Z (BUF_X2)                                                    |        | 0.028       | 0.000      | 0.018      |             | 0.055  | 0.950f          |
| cpu.idu.csr.csr_6_4__AND4_X1_A3_A4 (net)                                                                                                               | 21     |             |            |            | 0.000       |        |                 |
| rom.mem_255_28__$_NOT__A_Y_NAND4_X1_A1_ZN_OAI211_X1_B_ZN_AOI222_X1_B1_C2_AND4_X1_A1_ZN_NAND4_X1_A4_A3_NAND4_X1_A4_ZN_AND3_X1_A2:A3 (AND3_X1)           |        | 0.001       | 0.000      | 0.018      |             | 0.000  | 0.950f          |
| rom.mem_255_28__$_NOT__A_Y_NAND4_X1_A1_ZN_OAI211_X1_B_ZN_AOI222_X1_B1_C2_AND4_X1_A1_ZN_NAND4_X1_A4_A3_NAND4_X1_A4_ZN_AND3_X1_A2:ZN (AND3_X1)           |        | 0.003       | 0.000      | 0.009      |             | 0.044  | 0.994f          |
| rom.mem_255_28__$_NOT__A_Y_NAND4_X1_A1_ZN_OAI211_X1_B_ZN_AOI222_X1_B1_C2_AND4_X1_A1_ZN_NAND4_X1_A4_A3_NAND4_X1_A4_ZN_AND3_X1_A2_ZN (net)               | 1      |             |            |            | 0.000       |        |                 |
| rom.mem_255_28__$_NOT__A_Y_NAND4_X1_A1_ZN_OAI211_X1_B_ZN_AOI222_X1_B1_C2_AND4_X1_A1_ZN_NAND4_X1_A4_A3_NAND4_X1_A4_ZN_AND3_X1_A2_ZN_BUF_X4_A:A (BUF_X4) |        | 0.003       | 0.000      | 0.009      |             | 0.000  | 0.994f          |
| rom.mem_255_28__$_NOT__A_Y_NAND4_X1_A1_ZN_OAI211_X1_B_ZN_AOI222_X1_B1_C2_AND4_X1_A1_ZN_NAND4_X1_A4_A3_NAND4_X1_A4_ZN_AND3_X1_A2_ZN_BUF_X4_A:Z (BUF_X4) |        | 0.033       | 0.000      | 0.012      |             | 0.035  | 1.029f          |
| cpu.idu.csr.csr_0_3__AND4_X1_A1_A3 (net)                                                                                                               | 23     |             |            |            | 0.000       |        |                 |
| cpu.idu.csr.csr_0_3__AND4_X1_A1:A3 (AND4_X1)                                                                                                           |        | 0.001       | 0.000      | 0.012      |             | 0.000  | 1.029f          |
| cpu.idu.csr.csr_0_3__AND4_X1_A1:ZN (AND4_X1)                                                                                                           |        | 0.001       | 0.000      | 0.008      |             | 0.039  | 1.069f          |
| cpu.idu.csr.csr_0_3__AND4_X1_A1_ZN (net)                                                                                                               | 1      |             |            |            | 0.000       |        |                 |
| cpu.idu.csr.csr_0_3__AND4_X1_A1_ZN_OAI33_X1_A1:A1 (OAI33_X1)                                                                                           |        | 0.002       | 0.000      | 0.008      |             | 0.000  | 1.069f          |
| cpu.idu.csr.csr_0_3__AND4_X1_A1_ZN_OAI33_X1_A1:ZN (OAI33_X1)                                                                                           |        | 0.003       | 0.000      | 0.075      |             | 0.059  | 1.127r          |
| cpu.idu.csr.csr_0_3__AND4_X1_A1_ZN_OAI33_X1_A1_ZN (net)                                                                                                | 2      |             |            |            | 0.000       |        |                 |
| cpu.idu.csr.csr_3_3__AOI22_X1_A1_ZN_OAI21_X1_A:B1 (OAI21_X1)                                                                                           |        | 0.002       | 0.000      | 0.075      |             | 0.000  | 1.127r          |
| cpu.idu.csr.csr_3_3__AOI22_X1_A1_ZN_OAI21_X1_A:ZN (OAI21_X1)                                                                                           |        | 0.005       | 0.000      | 0.026      |             | 0.035  | 1.162f          |
| cpu.idu.csr.csr_3_3__AOI22_X1_A1_ZN_OAI21_X1_A_ZN (net)                                                                                                | 2      |             |            |            | 0.000       |        |                 |
| cpu.idu.csr.csr_3_3__AOI22_X1_A1_ZN_OAI21_X1_A_ZN_NAND3_X1_A2:A2 (NAND3_X1)                                                                            |        | 0.002       | 0.000      | 0.026      |             | 0.000  | 1.162f          |
| cpu.idu.csr.csr_3_3__AOI22_X1_A1_ZN_OAI21_X1_A_ZN_NAND3_X1_A2:ZN (NAND3_X1)                                                                            |        | 0.003       | 0.000      | 0.018      |             | 0.032  | 1.194r          |
| cpu.idu.csr.csr_3_3__AOI22_X1_A1_ZN_OAI21_X1_A_ZN_NAND3_X1_A2_ZN (net)                                                                                 | 1      |             |            |            | 0.000       |        |                 |
| rom.mem_255_10__$_NOT__A_Y_NAND4_X1_A1_ZN_OAI211_X1_B_1_ZN_OAI211_X2_A:B (OAI211_X2)                                                                   |        | 0.003       | 0.000      | 0.018      |             | 0.000  | 1.194r          |
| rom.mem_255_10__$_NOT__A_Y_NAND4_X1_A1_ZN_OAI211_X1_B_1_ZN_OAI211_X2_A:ZN (OAI211_X2)                                                                  |        | 0.013       | 0.000      | 0.027      |             | 0.044  | 1.238f          |
| rom.mem_255_10__$_NOT__A_Y_NAND4_X1_A1_ZN_OAI211_X1_B_1_ZN_OAI211_X2_A_ZN (net)                                                                        | 9      |             |            |            | 0.000       |        |                 |
| result[4]_reg_p_D_AOI211_X1_ZN_B_AOI211_X1_ZN_A_OAI33_X1_ZN_A2_AOI21_X2_ZN_B2_OAI221_X1_ZN_C1_NOR2_X1_A1:A2 (NOR2_X1)                                  |        | 0.002       | 0.000      | 0.027      |             | 0.000  | 1.238f          |
| result[4]_reg_p_D_AOI211_X1_ZN_B_AOI211_X1_ZN_A_OAI33_X1_ZN_A2_AOI21_X2_ZN_B2_OAI221_X1_ZN_C1_NOR2_X1_A1:ZN (NOR2_X1)                                  |        | 0.001       | 0.000      | 0.019      |             | 0.037  | 1.275r          |
| result[4]_reg_p_D_AOI211_X1_ZN_B_AOI211_X1_ZN_A_OAI33_X1_ZN_A2_AOI21_X2_ZN_B2_OAI221_X1_ZN_C1_NOR2_X1_A1_ZN (net)                                      | 1      |             |            |            | 0.000       |        |                 |
| result[4]_reg_p_D_AOI211_X1_ZN_B_AOI211_X1_ZN_A_OAI33_X1_ZN_A2_AOI21_X2_ZN_B2_OAI221_X1_ZN_C1_NOR2_X1_A1_ZN_CLKBUF_X3_A:A (CLKBUF_X3)                  |        | 0.001       | 0.000      | 0.019      |             | 0.000  | 1.275r          |
| result[4]_reg_p_D_AOI211_X1_ZN_B_AOI211_X1_ZN_A_OAI33_X1_ZN_A2_AOI21_X2_ZN_B2_OAI221_X1_ZN_C1_NOR2_X1_A1_ZN_CLKBUF_X3_A:Z (CLKBUF_X3)                  |        | 0.030       | 0.000      | 0.026      |             | 0.056  | 1.331r          |
| cpu.idu.csr.csr_3_1__AND4_X1_A4_A1_AOI211_X1_C2_B_OAI211_X1_ZN_C2_NOR4_X1_A2_A1_AOI21_X1_ZN_A (net)                                                    | 19     |             |            |            | 0.000       |        |                 |
| result[0]_reg_p_D_NOR2_X1_ZN_A2_AOI221_X1_ZN_C1_NAND2_X1_ZN_A1_AOI21_X1_B2_ZN_OAI211_X1_C1_B_NAND2_X1_ZN:A1 (NAND2_X1)                                 |        | 0.002       | 0.000      | 0.026      |             | 0.000  | 1.331r          |
| result[0]_reg_p_D_NOR2_X1_ZN_A2_AOI221_X1_ZN_C1_NAND2_X1_ZN_A1_AOI21_X1_B2_ZN_OAI211_X1_C1_B_NAND2_X1_ZN:ZN (NAND2_X1)                                 |        | 0.003       | 0.000      | 0.014      |             | 0.023  | 1.354f          |
| result[0]_reg_p_D_NOR2_X1_ZN_A2_AOI221_X1_ZN_C1_NAND2_X1_ZN_A1_AOI21_X1_B2_ZN_OAI211_X1_C1_B (net)                                                     | 2      |             |            |            | 0.000       |        |                 |
| result[0]_reg_p_D_NOR2_X1_ZN_A2_AOI221_X1_ZN_C1_NOR4_X1_A4_ZN_AND4_X1_A3_A4_NAND3_X1_A1_A3_NAND2_X1_A2:A1 (NAND2_X1)                                   |        | 0.002       | 0.000      | 0.014      |             | 0.000  | 1.354f          |
| result[0]_reg_p_D_NOR2_X1_ZN_A2_AOI221_X1_ZN_C1_NOR4_X1_A4_ZN_AND4_X1_A3_A4_NAND3_X1_A1_A3_NAND2_X1_A2:ZN (NAND2_X1)                                   |        | 0.007       | 0.000      | 0.022      |             | 0.030  | 1.384r          |
| result[0]_reg_p_D_NOR2_X1_ZN_A2_AOI221_X1_ZN_C1_NOR4_X1_A4_A3 (net)                                                                                    | 5      |             |            |            | 0.000       |        |                 |
| cpu.idu.csr.csr_3_3__AOI22_X1_A1_ZN_OAI211_X1_B_A_OAI211_X1_ZN_A_NAND3_X1_ZN:A3 (NAND3_X1)                                                             |        | 0.002       | 0.000      | 0.022      |             | 0.000  | 1.384r          |
| cpu.idu.csr.csr_3_3__AOI22_X1_A1_ZN_OAI211_X1_B_A_OAI211_X1_ZN_A_NAND3_X1_ZN:ZN (NAND3_X1)                                                             |        | 0.006       | 0.000      | 0.023      |             | 0.036  | 1.420f          |
| cpu.idu.csr.csr_3_3__AOI22_X1_A1_ZN_OAI211_X1_B_A_OAI211_X1_ZN_A (net)                                                                                 | 3      |             |            |            | 0.000       |        |                 |
| result[4]_reg_p_D_AOI211_X1_ZN_B_AOI211_X1_ZN_A_OAI33_X1_ZN_A2_AOI21_X2_ZN:B1 (AOI21_X2)                                                               |        | 0.003       | 0.000      | 0.023      |             | 0.000  | 1.420f          |
| result[4]_reg_p_D_AOI211_X1_ZN_B_AOI211_X1_ZN_A_OAI33_X1_ZN_A2_AOI21_X2_ZN:ZN (AOI21_X2)                                                               |        | 0.006       | 0.000      | 0.030      |             | 0.041  | 1.461r          |
| result[4]_reg_p_D_AOI211_X1_ZN_B_AOI211_X1_ZN_A_OAI33_X1_ZN_A2 (net)                                                                                   | 3      |             |            |            | 0.000       |        |                 |
| result[4]_reg_p_D_AOI211_X1_ZN_B_AOI211_X1_ZN_A_OAI33_X1_ZN_A2_OAI21_X2_B1:B1 (OAI21_X2)                                                               |        | 0.003       | 0.000      | 0.030      |             | 0.000  | 1.461r          |
| result[4]_reg_p_D_AOI211_X1_ZN_B_AOI211_X1_ZN_A_OAI33_X1_ZN_A2_OAI21_X2_B1:ZN (OAI21_X2)                                                               |        | 0.007       | 0.000      | 0.019      |             | 0.024  | 1.485f          |
| result[5]_reg_p_D_AOI21_X1_ZN_A_OAI21_X1_ZN_B2_NAND2_X1_ZN_A1_OAI211_X1_ZN_A (net)                                                                     | 5      |             |            |            | 0.000       |        |                 |
| result[6]_reg_p_D_AND2_X1_ZN_A1_MUX2_X1_Z_A_OAI221_X1_ZN_A_OR3_X1_ZN_A3_AND3_X1_ZN:A3 (AND3_X1)                                                        |        | 0.001       | 0.000      | 0.019      |             | 0.000  | 1.485f          |
| result[6]_reg_p_D_AND2_X1_ZN_A1_MUX2_X1_Z_A_OAI221_X1_ZN_A_OR3_X1_ZN_A3_AND3_X1_ZN:ZN (AND3_X1)                                                        |        | 0.002       | 0.000      | 0.008      |             | 0.043  | 1.528f          |
| result[6]_reg_p_D_AND2_X1_ZN_A1_MUX2_X1_Z_A_OAI221_X1_ZN_A_OR3_X1_ZN_A3 (net)                                                                          | 2      |             |            |            | 0.000       |        |                 |
| result[6]_reg_p_D_AND2_X1_ZN_A1_MUX2_X1_Z_A_OAI221_X1_ZN_A_OR3_X1_ZN_A3_OAI33_X1_A1:A1 (OAI33_X1)                                                      |        | 0.002       | 0.000      | 0.008      |             | 0.000  | 1.528f          |
| result[6]_reg_p_D_AND2_X1_ZN_A1_MUX2_X1_Z_A_OAI221_X1_ZN_A_OR3_X1_ZN_A3_OAI33_X1_A1:ZN (OAI33_X1)                                                      |        | 0.015       | 0.000      | 0.167      |             | 0.154  | 1.682r          |
| ram.mem_207_3_7__NAND4_X1_A1_A4_NOR4_X2_ZN_A4 (net)                                                                                                    | 6      |             |            |            | 0.000       |        |                 |
| ram.mem_207_3_7__NAND4_X1_A1_A4_NOR4_X2_ZN_A3_OR2_X2_A1:A2 (OR2_X2)                                                                                    |        | 0.002       | 0.000      | 0.167      |             | 0.000  | 1.682r          |
| ram.mem_207_3_7__NAND4_X1_A1_A4_NOR4_X2_ZN_A3_OR2_X2_A1:ZN (OR2_X2)                                                                                    |        | 0.007       | 0.000      | 0.015      |             | 0.042  | 1.725r          |
| ram.mem_207_3_7__NAND4_X1_A1_A4_NOR4_X2_ZN_A3_OR2_X2_A1_ZN (net)                                                                                       | 1      |             |            |            | 0.000       |        |                 |
| result[7]_reg_p_D_AOI211_X1_ZN_B_AOI211_X1_ZN_A_OAI22_X1_ZN_A1_OAI211_X1_C2_B_BUF_X8_Z:A (BUF_X8)                                                      |        | 0.007       | 0.000      | 0.015      |             | 0.000  | 1.725r          |
| result[7]_reg_p_D_AOI211_X1_ZN_B_AOI211_X1_ZN_A_OAI22_X1_ZN_A1_OAI211_X1_C2_B_BUF_X8_Z:Z (BUF_X8)                                                      |        | 0.042       | 0.000      | 0.015      |             | 0.033  | 1.758r          |
| result[7]_reg_p_D_AOI211_X1_ZN_B_AOI211_X1_ZN_A_OAI22_X1_ZN_A1_OAI211_X1_C2_B (net)                                                                    | 6      |             |            |            | 0.000       |        |                 |
| result[7]_reg_p_D_AOI211_X1_ZN_B_AOI211_X1_ZN_A_OAI22_X1_ZN_A1_OAI211_X1_C2:B (OAI211_X1)                                                              |        | 0.002       | 0.000      | 0.015      |             | 0.000  | 1.758r          |
| result[7]_reg_p_D_AOI211_X1_ZN_B_AOI211_X1_ZN_A_OAI22_X1_ZN_A1_OAI211_X1_C2:ZN (OAI211_X1)                                                             |        | 0.003       | 0.000      | 0.022      |             | 0.036  | 1.793f          |
| result[7]_reg_p_D_AOI211_X1_ZN_B_AOI211_X1_ZN_A_OAI22_X1_ZN_A1_OAI211_X1_C2_ZN (net)                                                                   | 1      |             |            |            | 0.000       |        |                 |
| result[7]_reg_p_D_AOI211_X1_ZN_B_AOI211_X1_ZN_A_OAI22_X1_ZN_A1_OAI211_X1_C2_ZN_BUF_X4_A:A (BUF_X4)                                                     |        | 0.003       | 0.000      | 0.022      |             | 0.000  | 1.793f          |
| result[7]_reg_p_D_AOI211_X1_ZN_B_AOI211_X1_ZN_A_OAI22_X1_ZN_A1_OAI211_X1_C2_ZN_BUF_X4_A:Z (BUF_X4)                                                     |        | 0.029       | 0.000      | 0.011      |             | 0.040  | 1.833f          |
| result[7]_reg_p_D_AOI211_X1_ZN_B_AOI211_X1_ZN_A_OAI22_X1_ZN_A1_OAI211_X1_C2_ZN_BUF_X4_A_Z (net)                                                        | 5      |             |            |            | 0.000       |        |                 |
| result[7]_reg_p_D_AOI211_X1_ZN_B_AOI211_X1_ZN_A_OAI22_X1_ZN_A1_OAI211_X1_C2_ZN_BUF_X4_A_Z_BUF_X16_A:A (BUF_X16)                                        |        | 0.012       | 0.000      | 0.011      |             | 0.000  | 1.833f          |
| result[7]_reg_p_D_AOI211_X1_ZN_B_AOI211_X1_ZN_A_OAI22_X1_ZN_A1_OAI211_X1_C2_ZN_BUF_X4_A_Z_BUF_X16_A:Z (BUF_X16)                                        |        | 0.115       | 0.000      | 0.011      |             | 0.036  | 1.869f          |
| ram.mem_9_3_7__AOI22_X1_B2_A2_NOR4_X4_ZN_A3 (net)                                                                                                      | 24     |             |            |            | 0.000       |        |                 |
| ram.mem_83_3_0__AOI22_X1_A1_B1_NOR4_X2_ZN:A2 (NOR4_X2)                                                                                                 |        | 0.003       | 0.000      | 0.011      |             | 0.000  | 1.869f          |
| ram.mem_83_3_0__AOI22_X1_A1_B1_NOR4_X2_ZN:ZN (NOR4_X2)                                                                                                 |        | 0.013       | 0.000      | 0.093      |             | 0.122  | 1.991r          |
| ram.mem_83_3_0__AOI22_X1_A1_B1 (net)                                                                                                                   | 8      |             |            |            | 0.000       |        |                 |
| ram.mem_83_3_0__AOI22_X1_A1_B1_BUF_X2_A:A (BUF_X2)                                                                                                     |        | 0.002       | 0.000      | 0.093      |             | 0.000  | 1.991r          |
| ram.mem_83_3_0__AOI22_X1_A1_B1_BUF_X2_A:Z (BUF_X2)                                                                                                     |        | 0.038       | 0.000      | 0.048      |             | 0.076  | 2.066r          |
| ram.mem_88_2_0__AOI22_X1_B2_B1 (net)                                                                                                                   | 24     |             |            |            | 0.000       |        |                 |
| ram.mem_88_1_3__AOI22_X1_B2:B1 (AOI22_X1)                                                                                                              |        | 0.002       | 0.000      | 0.048      |             | 0.000  | 2.066r          |
| ram.mem_88_1_3__AOI22_X1_B2:ZN (AOI22_X1)                                                                                                              |        | 0.001       | 0.000      | 0.020      |             | 0.028  | 2.094f          |
| ram.mem_88_1_3__AOI22_X1_B2_ZN (net)                                                                                                                   | 1      |             |            |            | 0.000       |        |                 |
| ram.mem_89_1_3__AOI22_X1_B2_ZN_AND4_X1_A1:A4 (AND4_X1)                                                                                                 |        | 0.001       | 0.000      | 0.020      |             | 0.000  | 2.094f          |
| ram.mem_89_1_3__AOI22_X1_B2_ZN_AND4_X1_A1:ZN (AND4_X1)                                                                                                 |        | 0.001       | 0.000      | 0.007      |             | 0.042  | 2.136f          |
| ram.mem_89_1_3__AOI22_X1_B2_ZN_AND4_X1_A1_ZN (net)                                                                                                     | 1      |             |            |            | 0.000       |        |                 |
| ram.mem_92_1_3__AOI22_X1_A1_ZN_AND4_X1_A2:A4 (AND4_X1)                                                                                                 |        | 0.001       | 0.000      | 0.007      |             | 0.000  | 2.136f          |
| ram.mem_92_1_3__AOI22_X1_A1_ZN_AND4_X1_A2:ZN (AND4_X1)                                                                                                 |        | 0.001       | 0.000      | 0.008      |             | 0.038  | 2.175f          |
| ram.mem_92_1_3__AOI22_X1_A1_ZN_AND4_X1_A2_ZN (net)                                                                                                     | 1      |             |            |            | 0.000       |        |                 |
| ram.mem_177_1_3__AOI221_X1_B2_ZN_NAND4_X1_A3:A4 (NAND4_X1)                                                                                             |        | 0.002       | 0.000      | 0.008      |             | 0.000  | 2.175f          |
| ram.mem_177_1_3__AOI221_X1_B2_ZN_NAND4_X1_A3:ZN (NAND4_X1)                                                                                             |        | 0.001       | 0.000      | 0.013      |             | 0.020  | 2.195r          |
| ram.mem_255_1_3__OAI221_X1_B2_C2_OR4_X1_ZN_A4 (net)                                                                                                    | 1      |             |            |            | 0.000       |        |                 |
| ram.mem_255_1_3__OAI221_X1_B2_C2_OR4_X1_ZN:A4 (OR4_X1)                                                                                                 |        | 0.001       | 0.000      | 0.013      |             | 0.000  | 2.195r          |
| ram.mem_255_1_3__OAI221_X1_B2_C2_OR4_X1_ZN:ZN (OR4_X1)                                                                                                 |        | 0.002       | 0.000      | 0.009      |             | 0.030  | 2.225r          |
| ram.mem_255_1_3__OAI221_X1_B2_C2 (net)                                                                                                                 | 1      |             |            |            | 0.000       |        |                 |
| ram.mem_255_1_3__OAI221_X1_B2:C2 (OAI221_X1)                                                                                                           |        | 0.002       | 0.000      | 0.009      |             | 0.000  | 2.225r          |
| ram.mem_255_1_3__OAI221_X1_B2:ZN (OAI221_X1)                                                                                                           |        | 0.003       | 0.000      | 0.036      |             | 0.033  | 2.258f          |
| ram.mem_255_1_3__OAI221_X1_B2_ZN (net)                                                                                                                 | 2      |             |            |            | 0.000       |        |                 |
| ram.mem_255_0_3__OAI211_X1_C2_ZN_OAI221_X1_C2:B2 (OAI221_X1)                                                                                           |        | 0.002       | 0.000      | 0.036      |             | 0.000  | 2.258f          |
| ram.mem_255_0_3__OAI211_X1_C2_ZN_OAI221_X1_C2:ZN (OAI221_X1)                                                                                           |        | 0.002       | 0.000      | 0.037      |             | 0.061  | 2.319r          |
| ram.mem_255_0_3__OAI211_X1_C2_ZN_OAI221_X1_C2_ZN (net)                                                                                                 | 1      |             |            |            | 0.000       |        |                 |
| ram.mem_255_0_3__OAI211_X1_C2_ZN_OAI221_X1_C2_ZN_OAI211_X1_A:A (OAI211_X1)                                                                             |        | 0.002       | 0.000      | 0.037      |             | 0.000  | 2.319r          |
| ram.mem_255_0_3__OAI211_X1_C2_ZN_OAI221_X1_C2_ZN_OAI211_X1_A:ZN (OAI211_X1)                                                                            |        | 0.002       | 0.000      | 0.019      |             | 0.036  | 2.354f          |
| ram.mem_255_0_3__OAI211_X1_C2_ZN_OAI221_X1_C2_ZN_OAI211_X1_A_ZN (net)                                                                                  | 1      |             |            |            | 0.000       |        |                 |
| result[3]_reg_p_D_AOI21_X1_ZN_B1_OAI22_X1_B2_ZN_NAND2_X1_A2_ZN_OAI211_X1_B:A (OAI211_X1)                                                               |        | 0.002       | 0.000      | 0.019      |             | 0.000  | 2.354f          |
| result[3]_reg_p_D_AOI21_X1_ZN_B1_OAI22_X1_B2_ZN_NAND2_X1_A2_ZN_OAI211_X1_B:ZN (OAI211_X1)                                                              |        | 0.003       | 0.000      | 0.036      |             | 0.031  | 2.386r          |
| cpu.idu.csr.csr_3_3__AOI22_X1_A1_ZN_OAI21_X1_A_ZN_OAI21_X2_B2_A (net)                                                                                  | 1      |             |            |            | 0.000       |        |                 |
| cpu.idu.csr.csr_3_3__AOI22_X1_A1_ZN_OAI21_X1_A_ZN_OAI21_X2_B2:A (OAI21_X2)                                                                             |        | 0.003       | 0.000      | 0.036      |             | 0.000  | 2.386r          |
| cpu.idu.csr.csr_3_3__AOI22_X1_A1_ZN_OAI21_X1_A_ZN_OAI21_X2_B2:ZN (OAI21_X2)                                                                            |        | 0.013       | 0.000      | 0.025      |             | 0.037  | 2.422f          |
| cpu.idu.gpr.gpr_9_3__reg_p_D_AOI211_X1_ZN_C1 (net)                                                                                                     | 8      |             |            |            | 0.000       |        |                 |
| cpu.idu.gpr.gpr_9_3__reg_p_D_AOI211_X1_ZN_C1_BUF_X4_A:A (BUF_X4)                                                                                       |        | 0.003       | 0.000      | 0.025      |             | 0.000  | 2.422f          |
| cpu.idu.gpr.gpr_9_3__reg_p_D_AOI211_X1_ZN_C1_BUF_X4_A:Z (BUF_X4)                                                                                       |        | 0.034       | 0.000      | 0.012      |             | 0.043  | 2.466f          |
| cpu.idu.gpr.gpr_8_3__reg_p_D_AOI21_X1_ZN_B1 (net)                                                                                                      | 24     |             |            |            | 0.000       |        |                 |
| cpu.idu.gpr.gpr_22_3__reg_p_D_AOI211_X1_ZN:C1 (AOI211_X1)                                                                                              |        | 0.002       | 0.000      | 0.012      |             | 0.000  | 2.466f          |
| cpu.idu.gpr.gpr_22_3__reg_p_D_AOI211_X1_ZN:ZN (AOI211_X1)                                                                                              |        | 0.001       | 0.000      | 0.044      |             | 0.041  | 2.507r          |
| cpu.idu.gpr.gpr_22_3__reg_p_D (net)                                                                                                                    | 1      |             |            |            | 0.000       |        |                 |
| cpu.idu.gpr.gpr_22_3__reg_p:D (DFF_X1)                                                                                                                 |        | 0.001       | 0.000      | 0.044      |             | 0.000  | 2.507r          |
|                                                                                                                                                        |        |             |            |            |             |        |                 |
| clock (port)                                                                                                                                           |        | 16.808      | 0.000      | 0.000      |             | 0.000  | 0.000r          |
| clock (clock net)                                                                                                                                      | 17696  |             |            |            | NA          |        |                 |
| cpu.idu.gpr.gpr_22_3__reg_p:CK (DFF_X1)                                                                                                                |        | 0.001       | 0.000      | 0.000      |             | 0.000  | 0.000r          |
| clock core_clock (rise edge)                                                                                                                           |        |             |            |            |             | 2      | 2               |
| clock network delay (ideal)                                                                                                                            |        |             |            |            |             | 0.000  | 2.000           |
| cpu.idu.gpr.gpr_22_3__reg_p:CK (DFF_X1)                                                                                                                |        |             |            |            |             |        | 2.000r          |
| library setup time                                                                                                                                     |        |             |            |            |             | -0.041 | 1.959           |
| clock reconvergence pessimism                                                                                                                          |        |             |            |            |             | 0.000  | 1.959           |
|                                                                                                                                                        |        |             |            |            |             |        |                 |
| path cell delay                                                                                                                                        |        |             |            |            |             |        | 2.507(100.000%) |
| path net delay                                                                                                                                         |        |             |            |            |             |        | 0.000(0.000%)   |
|                                                                                                                                                        |        |             |            |            |             |        |                 |
| data require time                                                                                                                                      |        |             |            |            |             |        | 1.959           |
| data arrival time                                                                                                                                      |        |             |            |            |             |        | 2.507           |
| slack (VIOLATED)                                                                                                                                       |        |             |            |            |             |        | -0.548          |
+--------------------------------------------------------------------------------------------------------------------------------------------------------+--------+-------------+------------+------------+-------------+--------+-----------------+
+---------------------------------------------------+--------+-------------+------------+------------+-------------+--------+-----------------+
| Point                                             | Fanout | Capacitance | Resistance | Transition | Delta Delay | Incr   | Path            |
+---------------------------------------------------+--------+-------------+------------+------------+-------------+--------+-----------------+
| clock (port)                                      |        | 16.808      | 0.000      | 0.000      |             | 0.000  | 0.000r          |
| clock (clock net)                                 | 17696  |             |            |            | NA          |        |                 |
| result[2]_reg_p:CK (DFF_X1)                       |        | 0.001       | 0.000      | 0.000      |             | 0.000  | 0.000r          |
| clock core_clock (rise edge)                      |        |             |            |            |             | 0      | 0               |
| clock network delay (ideal)                       |        |             |            |            |             | 0.000  | 0.000           |
| result[2]_reg_p:CK (DFF_X1)                       |        | 0.001       | 0.000      | 0.000      |             | 0.000  | 0.000r          |
| result[2]_reg_p:QN (DFF_X1)                       |        | 0.005       | 0.000      | 0.016      |             | 0.072  | 0.072f          |
| result[2]_reg_p_D_$_MUX__Y_B (net)                | 3      |             |            |            | 0.000       |        |                 |
| result[2]_reg_p_D_$_MUX__Y_B_INV_X1_A:A (INV_X1)  |        | 0.002       | 0.000      | 0.016      |             | 0.000  | 0.072f          |
| result[2]_reg_p_D_$_MUX__Y_B_INV_X1_A:ZN (INV_X1) |        | 0.004       | 0.000      | 0.012      |             | 0.022  | 0.093r          |
| result[2]_reg_p_D_AOI211_X1_ZN_C2 (net)           | 2      |             |            |            | 0.000       |        |                 |
| result[2]_reg_p_D_AOI211_X1_ZN:C2 (AOI211_X1)     |        | 0.002       | 0.000      | 0.012      |             | 0.000  | 0.093r          |
| result[2]_reg_p_D_AOI211_X1_ZN:ZN (AOI211_X1)     |        | 0.001       | 0.000      | 0.009      |             | 0.017  | 0.111f          |
| result[2]_reg_p_D (net)                           | 1      |             |            |            | 0.000       |        |                 |
| result[2]_reg_p:D (DFF_X1)                        |        | 0.001       | 0.000      | 0.009      |             | 0.000  | 0.111f          |
|                                                   |        |             |            |            |             |        |                 |
| clock (port)                                      |        | 16.808      | 0.000      | 0.000      |             | 0.000  | 0.000r          |
| clock (clock net)                                 | 17696  |             |            |            | NA          |        |                 |
| result[2]_reg_p:CK (DFF_X1)                       |        | 0.001       | 0.000      | 0.000      |             | 0.000  | 0.000r          |
| clock core_clock (rise edge)                      |        |             |            |            |             | 0      | 0               |
| clock network delay (ideal)                       |        |             |            |            |             | 0.000  | 0.000           |
| result[2]_reg_p:CK (DFF_X1)                       |        |             |            |            |             |        | 0.000r          |
| library hold time                                 |        |             |            |            |             | 0.002  | 0.002           |
| clock reconvergence pessimism                     |        |             |            |            |             | -0.000 | 0.002           |
|                                                   |        |             |            |            |             |        |                 |
| path cell delay                                   |        |             |            |            |             |        | 0.111(100.000%) |
| path net delay                                    |        |             |            |            |             |        | 0.000(0.000%)   |
|                                                   |        |             |            |            |             |        |                 |
| data require time                                 |        |             |            |            |             |        | 0.002           |
| data arrival time                                 |        |             |            |            |             |        | 0.111           |
| slack (MET)                                       |        |             |            |            |             |        | 0.109           |
+---------------------------------------------------+--------+-------------+------------+------------+-------------+--------+-----------------+
+------------------------------------------------------------------+--------+-------------+------------+------------+-------------+--------+-----------------+
| Point                                                            | Fanout | Capacitance | Resistance | Transition | Delta Delay | Incr   | Path            |
+------------------------------------------------------------------+--------+-------------+------------+------------+-------------+--------+-----------------+
| clock (port)                                                     |        | 16.808      | 0.000      | 0.000      |             | 0.000  | 0.000r          |
| clock (clock net)                                                | 17696  |             |            |            | NA          |        |                 |
| cpu.idu.csr.csr_4_0__reg_p:CK (DFF_X1)                           |        | 0.001       | 0.000      | 0.000      |             | 0.000  | 0.000r          |
| clock core_clock (rise edge)                                     |        |             |            |            |             | 0      | 0               |
| clock network delay (ideal)                                      |        |             |            |            |             | 0.000  | 0.000           |
| cpu.idu.csr.csr_4_0__reg_p:CK (DFF_X1)                           |        | 0.001       | 0.000      | 0.000      |             | 0.000  | 0.000r          |
| cpu.idu.csr.csr_4_0__reg_p:QN (DFF_X1)                           |        | 0.002       | 0.000      | 0.012      |             | 0.064  | 0.064f          |
| cpu.idu.csr.csr_4_0__reg_p_D_$_MUX__Y_A (net)                    | 1      |             |            |            | 0.000       |        |                 |
| cpu.idu.csr.csr_4_0__reg_p_D_$_MUX__Y_A_AOI21_X1_A:A (AOI21_X1)  |        | 0.002       | 0.000      | 0.012      |             | 0.000  | 0.064f          |
| cpu.idu.csr.csr_4_0__reg_p_D_$_MUX__Y_A_AOI21_X1_A:ZN (AOI21_X1) |        | 0.002       | 0.000      | 0.017      |             | 0.032  | 0.096r          |
| cpu.idu.csr.csr_4_0__reg_p_D_AOI211_X1_ZN_B (net)                | 1      |             |            |            | 0.000       |        |                 |
| cpu.idu.csr.csr_4_0__reg_p_D_AOI211_X1_ZN:B (AOI211_X1)          |        | 0.002       | 0.000      | 0.017      |             | 0.000  | 0.096r          |
| cpu.idu.csr.csr_4_0__reg_p_D_AOI211_X1_ZN:ZN (AOI211_X1)         |        | 0.001       | 0.000      | 0.008      |             | 0.016  | 0.113f          |
| cpu.idu.csr.csr_4_0__reg_p_D (net)                               | 1      |             |            |            | 0.000       |        |                 |
| cpu.idu.csr.csr_4_0__reg_p:D (DFF_X1)                            |        | 0.001       | 0.000      | 0.008      |             | 0.000  | 0.113f          |
|                                                                  |        |             |            |            |             |        |                 |
| clock (port)                                                     |        | 16.808      | 0.000      | 0.000      |             | 0.000  | 0.000r          |
| clock (clock net)                                                | 17696  |             |            |            | NA          |        |                 |
| cpu.idu.csr.csr_4_0__reg_p:CK (DFF_X1)                           |        | 0.001       | 0.000      | 0.000      |             | 0.000  | 0.000r          |
| clock core_clock (rise edge)                                     |        |             |            |            |             | 0      | 0               |
| clock network delay (ideal)                                      |        |             |            |            |             | 0.000  | 0.000           |
| cpu.idu.csr.csr_4_0__reg_p:CK (DFF_X1)                           |        |             |            |            |             |        | 0.000r          |
| library hold time                                                |        |             |            |            |             | 0.002  | 0.002           |
| clock reconvergence pessimism                                    |        |             |            |            |             | -0.000 | 0.002           |
|                                                                  |        |             |            |            |             |        |                 |
| path cell delay                                                  |        |             |            |            |             |        | 0.113(100.000%) |
| path net delay                                                   |        |             |            |            |             |        | 0.000(0.000%)   |
|                                                                  |        |             |            |            |             |        |                 |
| data require time                                                |        |             |            |            |             |        | 0.002           |
| data arrival time                                                |        |             |            |            |             |        | 0.113           |
| slack (MET)                                                      |        |             |            |            |             |        | 0.111           |
+------------------------------------------------------------------+--------+-------------+------------+------------+-------------+--------+-----------------+
+------------------------------------------------------+--------+-------------+------------+------------+-------------+--------+-----------------+
| Point                                                | Fanout | Capacitance | Resistance | Transition | Delta Delay | Incr   | Path            |
+------------------------------------------------------+--------+-------------+------------+------------+-------------+--------+-----------------+
| clock (port)                                         |        | 16.808      | 0.000      | 0.000      |             | 0.000  | 0.000r          |
| clock (clock net)                                    | 17696  |             |            |            | NA          |        |                 |
| cpu.idu.gpr.gpr_0_5__reg_p:CK (DFF_X1)               |        | 0.001       | 0.000      | 0.000      |             | 0.000  | 0.000r          |
| clock core_clock (rise edge)                         |        |             |            |            |             | 0      | 0               |
| clock network delay (ideal)                          |        |             |            |            |             | 0.000  | 0.000           |
| cpu.idu.gpr.gpr_0_5__reg_p:CK (DFF_X1)               |        | 0.001       | 0.000      | 0.000      |             | 0.000  | 0.000r          |
| cpu.idu.gpr.gpr_0_5__reg_p:Q (DFF_X1)                |        | 0.004       | 0.000      | 0.009      |             | 0.083  | 0.083f          |
| cpu.idu.gpr.gpr_0_5_ (net)                           | 3      |             |            |            | 0.000       |        |                 |
| cpu.idu.gpr.gpr_0_5__reg_p_D_AND2_X1_ZN:A2 (AND2_X1) |        | 0.001       | 0.000      | 0.009      |             | 0.000  | 0.083f          |
| cpu.idu.gpr.gpr_0_5__reg_p_D_AND2_X1_ZN:ZN (AND2_X1) |        | 0.001       | 0.000      | 0.006      |             | 0.031  | 0.114f          |
| cpu.idu.gpr.gpr_0_5__reg_p_D (net)                   | 1      |             |            |            | 0.000       |        |                 |
| cpu.idu.gpr.gpr_0_5__reg_p:D (DFF_X1)                |        | 0.001       | 0.000      | 0.006      |             | 0.000  | 0.114f          |
|                                                      |        |             |            |            |             |        |                 |
| clock (port)                                         |        | 16.808      | 0.000      | 0.000      |             | 0.000  | 0.000r          |
| clock (clock net)                                    | 17696  |             |            |            | NA          |        |                 |
| cpu.idu.gpr.gpr_0_5__reg_p:CK (DFF_X1)               |        | 0.001       | 0.000      | 0.000      |             | 0.000  | 0.000r          |
| clock core_clock (rise edge)                         |        |             |            |            |             | 0      | 0               |
| clock network delay (ideal)                          |        |             |            |            |             | 0.000  | 0.000           |
| cpu.idu.gpr.gpr_0_5__reg_p:CK (DFF_X1)               |        |             |            |            |             |        | 0.000r          |
| library hold time                                    |        |             |            |            |             | 0.002  | 0.002           |
| clock reconvergence pessimism                        |        |             |            |            |             | -0.000 | 0.002           |
|                                                      |        |             |            |            |             |        |                 |
| path cell delay                                      |        |             |            |            |             |        | 0.114(100.000%) |
| path net delay                                       |        |             |            |            |             |        | 0.000(0.000%)   |
|                                                      |        |             |            |            |             |        |                 |
| data require time                                    |        |             |            |            |             |        | 0.002           |
| data arrival time                                    |        |             |            |            |             |        | 0.114           |
| slack (MET)                                          |        |             |            |            |             |        | 0.113           |
+------------------------------------------------------+--------+-------------+------------+------------+-------------+--------+-----------------+
+-------------------------------------------------------+--------+-------------+------------+------------+-------------+--------+-----------------+
| Point                                                 | Fanout | Capacitance | Resistance | Transition | Delta Delay | Incr   | Path            |
+-------------------------------------------------------+--------+-------------+------------+------------+-------------+--------+-----------------+
| clock (port)                                          |        | 16.808      | 0.000      | 0.000      |             | 0.000  | 0.000r          |
| clock (clock net)                                     | 17696  |             |            |            | NA          |        |                 |
| cpu.idu.gpr.gpr_0_14__reg_p:CK (DFF_X1)               |        | 0.001       | 0.000      | 0.000      |             | 0.000  | 0.000r          |
| clock core_clock (rise edge)                          |        |             |            |            |             | 0      | 0               |
| clock network delay (ideal)                           |        |             |            |            |             | 0.000  | 0.000           |
| cpu.idu.gpr.gpr_0_14__reg_p:CK (DFF_X1)               |        | 0.001       | 0.000      | 0.000      |             | 0.000  | 0.000r          |
| cpu.idu.gpr.gpr_0_14__reg_p:Q (DFF_X1)                |        | 0.004       | 0.000      | 0.009      |             | 0.083  | 0.083f          |
| cpu.idu.gpr.gpr_0_14_ (net)                           | 3      |             |            |            | 0.000       |        |                 |
| cpu.idu.gpr.gpr_0_14__reg_p_D_AND2_X1_ZN:A2 (AND2_X1) |        | 0.001       | 0.000      | 0.009      |             | 0.000  | 0.083f          |
| cpu.idu.gpr.gpr_0_14__reg_p_D_AND2_X1_ZN:ZN (AND2_X1) |        | 0.001       | 0.000      | 0.006      |             | 0.031  | 0.114f          |
| cpu.idu.gpr.gpr_0_14__reg_p_D (net)                   | 1      |             |            |            | 0.000       |        |                 |
| cpu.idu.gpr.gpr_0_14__reg_p:D (DFF_X1)                |        | 0.001       | 0.000      | 0.006      |             | 0.000  | 0.114f          |
|                                                       |        |             |            |            |             |        |                 |
| clock (port)                                          |        | 16.808      | 0.000      | 0.000      |             | 0.000  | 0.000r          |
| clock (clock net)                                     | 17696  |             |            |            | NA          |        |                 |
| cpu.idu.gpr.gpr_0_14__reg_p:CK (DFF_X1)               |        | 0.001       | 0.000      | 0.000      |             | 0.000  | 0.000r          |
| clock core_clock (rise edge)                          |        |             |            |            |             | 0      | 0               |
| clock network delay (ideal)                           |        |             |            |            |             | 0.000  | 0.000           |
| cpu.idu.gpr.gpr_0_14__reg_p:CK (DFF_X1)               |        |             |            |            |             |        | 0.000r          |
| library hold time                                     |        |             |            |            |             | 0.002  | 0.002           |
| clock reconvergence pessimism                         |        |             |            |            |             | -0.000 | 0.002           |
|                                                       |        |             |            |            |             |        |                 |
| path cell delay                                       |        |             |            |            |             |        | 0.114(100.000%) |
| path net delay                                        |        |             |            |            |             |        | 0.000(0.000%)   |
|                                                       |        |             |            |            |             |        |                 |
| data require time                                     |        |             |            |            |             |        | 0.002           |
| data arrival time                                     |        |             |            |            |             |        | 0.114           |
| slack (MET)                                           |        |             |            |            |             |        | 0.113           |
+-------------------------------------------------------+--------+-------------+------------+------------+-------------+--------+-----------------+
+-------------------------------------------------------+--------+-------------+------------+------------+-------------+--------+-----------------+
| Point                                                 | Fanout | Capacitance | Resistance | Transition | Delta Delay | Incr   | Path            |
+-------------------------------------------------------+--------+-------------+------------+------------+-------------+--------+-----------------+
| clock (port)                                          |        | 16.808      | 0.000      | 0.000      |             | 0.000  | 0.000r          |
| clock (clock net)                                     | 17696  |             |            |            | NA          |        |                 |
| cpu.idu.gpr.gpr_0_30__reg_p:CK (DFF_X1)               |        | 0.001       | 0.000      | 0.000      |             | 0.000  | 0.000r          |
| clock core_clock (rise edge)                          |        |             |            |            |             | 0      | 0               |
| clock network delay (ideal)                           |        |             |            |            |             | 0.000  | 0.000           |
| cpu.idu.gpr.gpr_0_30__reg_p:CK (DFF_X1)               |        | 0.001       | 0.000      | 0.000      |             | 0.000  | 0.000r          |
| cpu.idu.gpr.gpr_0_30__reg_p:Q (DFF_X1)                |        | 0.004       | 0.000      | 0.009      |             | 0.083  | 0.083f          |
| cpu.idu.gpr.gpr_0_30_ (net)                           | 3      |             |            |            | 0.000       |        |                 |
| cpu.idu.gpr.gpr_0_30__reg_p_D_AND2_X1_ZN:A2 (AND2_X1) |        | 0.001       | 0.000      | 0.009      |             | 0.000  | 0.083f          |
| cpu.idu.gpr.gpr_0_30__reg_p_D_AND2_X1_ZN:ZN (AND2_X1) |        | 0.001       | 0.000      | 0.006      |             | 0.031  | 0.114f          |
| cpu.idu.gpr.gpr_0_30__reg_p_D (net)                   | 1      |             |            |            | 0.000       |        |                 |
| cpu.idu.gpr.gpr_0_30__reg_p:D (DFF_X1)                |        | 0.001       | 0.000      | 0.006      |             | 0.000  | 0.114f          |
|                                                       |        |             |            |            |             |        |                 |
| clock (port)                                          |        | 16.808      | 0.000      | 0.000      |             | 0.000  | 0.000r          |
| clock (clock net)                                     | 17696  |             |            |            | NA          |        |                 |
| cpu.idu.gpr.gpr_0_30__reg_p:CK (DFF_X1)               |        | 0.001       | 0.000      | 0.000      |             | 0.000  | 0.000r          |
| clock core_clock (rise edge)                          |        |             |            |            |             | 0      | 0               |
| clock network delay (ideal)                           |        |             |            |            |             | 0.000  | 0.000           |
| cpu.idu.gpr.gpr_0_30__reg_p:CK (DFF_X1)               |        |             |            |            |             |        | 0.000r          |
| library hold time                                     |        |             |            |            |             | 0.002  | 0.002           |
| clock reconvergence pessimism                         |        |             |            |            |             | -0.000 | 0.002           |
|                                                       |        |             |            |            |             |        |                 |
| path cell delay                                       |        |             |            |            |             |        | 0.114(100.000%) |
| path net delay                                        |        |             |            |            |             |        | 0.000(0.000%)   |
|                                                       |        |             |            |            |             |        |                 |
| data require time                                     |        |             |            |            |             |        | 0.002           |
| data arrival time                                     |        |             |            |            |             |        | 0.114           |
| slack (MET)                                           |        |             |            |            |             |        | 0.113           |
+-------------------------------------------------------+--------+-------------+------------+------------+-------------+--------+-----------------+
